subject,trial,state,chosen_color,Q_patternA_white,Q_patternA_black,Q_patternB_white,Q_patternB_black,p_patternA,p_patternB
5987bfb80e411a0001d83837,0,white_high,black,0.5,0.5,0.5,0.5,0.4902891424461511,0.5097108575538488
5987bfb80e411a0001d83837,1,black_high,white,0.5,0.5,0.5,0.28132882858955793,0.4902891424461511,0.5295516950710567
5987bfb80e411a0001d83837,2,black_high,white,0.28132882858955793,0.5,0.5,0.28132882858955793,0.5101606208690932,0.5295516950710567
5987bfb80e411a0001d83837,3,white_high,white,0.15829181959114574,0.5,0.5,0.28132882858955793,0.5213313776472273,0.5295516950710567
5987bfb80e411a0001d83837,4,white_high,white,0.15829181959114574,0.5,0.6312027028462652,0.28132882858955793,0.5213313776472273,0.5414155277437953
5987bfb80e411a0001d83837,5,black_high,white,0.15829181959114574,0.5,0.748759142527401,0.28132882858955793,0.5213313776472273,0.552006074770281
5987bfb80e411a0001d83837,6,black_high,white,0.08906410436177334,0.5,0.748759142527401,0.28132882858955793,0.527608039390568,0.552006074770281
5987bfb80e411a0001d83837,7,black_high,black,0.05011260029895166,0.5,0.748759142527401,0.28132882858955793,0.5311359455889728,0.552006074770281
5987bfb80e411a0001d83837,8,black_high,white,0.05011260029895166,0.5437342342820884,0.748759142527401,0.28132882858955793,0.5350933093960893,0.552006074770281
5987bfb80e411a0001d83837,9,white_high,black,0.028196238279361605,0.5437342342820884,0.748759142527401,0.28132882858955793,0.5370748180436584,0.552006074770281
5987bfb80e411a0001d83837,10,white_high,white,0.028196238279361605,0.5437342342820884,0.748759142527401,0.15829181959114574,0.5370748180436584,0.5630399060099247
5987bfb80e411a0001d83837,11,black_high,black,0.028196238279361605,0.5437342342820884,0.7711689391826184,0.15829181959114574,0.5370748180436584,0.5650432216469865
5987bfb80e411a0001d83837,12,white_high,black,0.028196238279361605,0.6120758703638592,0.7711689391826184,0.15829181959114574,0.5432459480091408,0.5650432216469865
5987bfb80e411a0001d83837,13,white_high,white,0.028196238279361605,0.6120758703638592,0.7711689391826184,0.08906410436177334,0.5432459480091408,0.5712181290048024
5987bfb80e411a0001d83837,14,white_high,black,0.028196238279361605,0.6120758703638592,0.740043748584415,0.08906410436177334,0.5432459480091408,0.5684444780872011
5987bfb80e411a0001d83837,15,black_high,white,0.028196238279361605,0.6120758703638592,0.740043748584415,0.05011260029895166,0.5432459480091408,0.5719148569851998
5987bfb80e411a0001d83837,16,white_high,white,0.015864829371529707,0.6120758703638592,0.740043748584415,0.05011260029895166,0.5443580960173491,0.5719148569851998
5987bfb80e411a0001d83837,17,black_high,black,0.015864829371529707,0.6120758703638592,0.678796687481088,0.05011260029895166,0.5443580960173491,0.5664550072388566
5987bfb80e411a0001d83837,18,white_high,black,0.015864829371529707,0.6942630494915046,0.678796687481088,0.05011260029895166,0.5517585922435625,0.5664550072388566
5987bfb80e411a0001d83837,19,white_high,white,0.015864829371529707,0.6942630494915046,0.678796687481088,0.028196238279361605,0.5517585922435625,0.5684106601312321
5987bfb80e411a0001d83837,20,black_high,white,0.015864829371529707,0.6942630494915046,0.6006013252894955,0.028196238279361605,0.5517585922435625,0.5614237375939234
5987bfb80e411a0001d83837,21,black_high,black,0.00892646772573133,0.6942630494915046,0.6006013252894955,0.028196238279361605,0.552382351475008,0.5614237375939234
5987bfb80e411a0001d83837,22,white_high,black,0.00892646772573133,0.7405062951496258,0.6006013252894955,0.028196238279361605,0.5565353206271791,0.5614237375939234
5987bfb80e411a0001d83837,23,black_high,white,0.00892646772573133,0.7405062951496258,0.6006013252894955,0.015864829371529707,0.5565353206271791,0.5625272677217051
5987bfb80e411a0001d83837,24,white_high,white,0.005022545417444981,0.7405062951496258,0.6006013252894955,0.015864829371529707,0.5568855672179579,0.5625272677217051
5987bfb80e411a0001d83837,25,black_high,white,0.005022545417444981,0.7405062951496258,0.7315410431248554,0.015864829371529707,0.5568855672179579,0.5742047545220752
5987bfb80e411a0001d83837,26,white_high,black,0.0028259736376552978,0.7405062951496258,0.7315410431248554,0.015864829371529707,0.5570826113056053,0.5742047545220752
5987bfb80e411a0001d83837,27,white_high,white,0.0028259736376552978,0.7405062951496258,0.7315410431248554,0.00892646772573133,0.5570826113056053,0.5748213479830598
5987bfb80e411a0001d83837,28,black_high,white,0.0028259736376552978,0.7405062951496258,0.8052152779937934,0.00892646772573133,0.5570826113056053,0.5813538644255978
5987bfb80e411a0001d83837,29,white_high,white,0.0015900557062130736,0.7405062951496258,0.8052152779937934,0.00892646772573133,0.5571934717772875,0.5813538644255978
5987bfb80e411a0001d83837,30,white_high,black,0.0015900557062130736,0.7405062951496258,0.8029344160975256,0.00892646772573133,0.5571934717772875,0.5811520408880071
5987bfb80e411a0001d83837,31,white_high,black,0.0015900557062130736,0.7405062951496258,0.8029344160975256,0.005022545417444981,0.5571934717772875,0.5814974653967622
5987bfb80e411a0001d83837,32,white_high,white,0.0015900557062130736,0.7405062951496258,0.8029344160975256,0.0028259736376552978,0.5571934717772875,0.5816917860374469
5987bfb80e411a0001d83837,33,black_high,white,0.0015900557062130736,0.7405062951496258,0.5392456659940918,0.0028259736376552978,0.5571934717772875,0.5581999903223335
5987bfb80e411a0001d83837,34,white_high,black,0.0008946570184421326,0.7405062951496258,0.5392456659940918,0.0028259736376552978,0.5572558457664898,0.5581999903223335
5987bfb80e411a0001d83837,35,black_high,white,0.0008946570184421326,0.7405062951496258,0.5392456659940918,0.0015900557062130736,0.5572558457664898,0.5583107928623674
5987bfb80e411a0001d83837,36,white_high,black,0.0005033856219755033,0.7405062951496258,0.5392456659940918,0.0015900557062130736,0.557290940175439,0.5583107928623674
5987bfb80e411a0001d83837,37,white_high,white,0.0005033856219755033,0.7405062951496258,0.5392456659940918,0.0008946570184421326,0.557290940175439,0.558373134208286
5987bfb80e411a0001d83837,38,white_high,black,0.0005033856219755033,0.7405062951496258,0.6532845773289351,0.0008946570184421326,0.557290940175439,0.5685702459046275
5987bfb80e411a0001d83837,39,black_high,white,0.0005033856219755033,0.7405062951496258,0.6532845773289351,0.0005033856219755033,0.557290940175439,0.5686051377538425
5987bfb80e411a0001d83837,40,black_high,black,0.00028323377471838876,0.7405062951496258,0.6532845773289351,0.0005033856219755033,0.5573106860619241,0.5686051377538425
5987bfb80e411a0001d83837,41,black_high,black,0.00028323377471838876,0.8539938799761595,0.6532845773289351,0.0005033856219755033,0.5674641336795229,0.5686051377538425
5987bfb80e411a0001d83837,42,black_high,black,0.00028323377471838876,0.7429116014452195,0.6532845773289351,0.0005033856219755033,0.557526411275085,0.5686051377538425
5987bfb80e411a0001d83837,43,black_high,black,0.00028323377471838876,0.6366760725707943,0.6532845773289351,0.0005033856219755033,0.5479788963041843,0.5686051377538425
5987bfb80e411a0001d83837,44,black_high,black,0.00028323377471838876,0.7518387759134796,0.6532845773289351,0.0005033856219755033,0.5583268742841101,0.5686051377538425
5987bfb80e411a0001d83837,45,white_high,black,0.00028323377471838876,0.6854332499244232,0.6532845773289351,0.0005033856219755033,0.5523655813597882,0.5686051377538425
5987bfb80e411a0001d83837,46,black_high,black,0.00028323377471838876,0.6854332499244232,0.6532845773289351,0.00028323377471838876,0.5523655813597882,0.5686247696206208
5b2150d538b0be00014137fb,0,white_high,white,0.5,0.5,0.5,0.5,0.5655520277616362,0.43444797223836384
5b2150d538b0be00014137fb,1,white_high,black,0.5,0.5,0.602677973279949,0.5,0.5655520277616362,0.44974000663613795
5b2150d538b0be00014137fb,2,white_high,black,0.5,0.5,0.602677973279949,0.3288700445334183,0.5655520277616362,0.47542487292823693
5b2150d538b0be00014137fb,3,black_high,white,0.5,0.5,0.602677973279949,0.21631101238282505,0.5655520277616362,0.49239859432796496
5b2150d538b0be00014137fb,4,white_high,white,0.3288700445334183,0.5,0.602677973279949,0.21631101238282505,0.590750205046681,0.49239859432796496
5b2150d538b0be00014137fb,5,white_high,white,0.3288700445334183,0.5,0.6359874014769886,0.21631101238282505,0.590750205046681,0.4974267309878857
5b2150d538b0be00014137fb,6,white_high,black,0.3288700445334183,0.5,0.6578963477460749,0.21631101238282505,0.590750205046681,0.5007342850945344
5b2150d538b0be00014137fb,7,black_high,white,0.3288700445334183,0.5,0.6578963477460749,0.14227642455081693,0.590750205046681,0.5119089796521209
5b2150d538b0be00014137fb,8,black_high,black,0.21631101238282505,0.5,0.6578963477460749,0.14227642455081693,0.6070763773227341,0.5119089796521209
5b2150d538b0be00014137fb,9,black_high,white,0.21631101238282505,0.602677973279949,0.6578963477460749,0.14227642455081693,0.6217644636595041,0.5119089796521209
5b2150d538b0be00014137fb,10,black_high,white,0.14227642455081693,0.602677973279949,0.6578963477460749,0.14227642455081693,0.6322198877385385,0.5119089796521209
5b2150d538b0be00014137fb,11,black_high,white,0.09358090815616538,0.602677973279949,0.6578963477460749,0.14227642455081693,0.6390303629180626,0.5119089796521209
5b2150d538b0be00014137fb,12,white_high,black,0.06155191486559167,0.602677973279949,0.6578963477460749,0.14227642455081693,0.6434797909274164,0.5119089796521209
5b2150d538b0be00014137fb,13,white_high,white,0.06155191486559167,0.602677973279949,0.6578963477460749,0.09358090815616538,0.6434797909274164,0.519253233975594
5b2150d538b0be00014137fb,14,white_high,white,0.06155191486559167,0.602677973279949,0.6380807489231478,0.09358090815616538,0.6434797909274164,0.5162654707480445
5b2150d538b0be00014137fb,15,black_high,white,0.06155191486559167,0.602677973279949,0.6592732262817594,0.09358090815616538,0.6434797909274164,0.5194607887580238
5b2150d538b0be00014137fb,16,white_high,black,0.04048516196592861,0.602677973279949,0.6592732262817594,0.09358090815616538,0.6463929709985434,0.5194607887580238
5b2150d538b0be00014137fb,17,white_high,black,0.04048516196592861,0.602677973279949,0.6592732262817594,0.06155191486559167,0.6463929709985434,0.5242868900064449
5b2150d538b0be00014137fb,18,white_high,black,0.04048516196592861,0.602677973279949,0.6592732262817594,0.04048516196592861,0.6463929709985434,0.5274587952965851
5b2150d538b0be00014137fb,19,black_high,black,0.04048516196592861,0.602677973279949,0.6592732262817594,0.026628714037355186,0.6463929709985434,0.5295438926663841
5b2150d538b0be00014137fb,20,white_high,white,0.04048516196592861,0.670213392570305,0.6592732262817594,0.026628714037355186,0.6556581243049684,0.5295438926663841
5b2150d538b0be00014137fb,21,black_high,black,0.04048516196592861,0.670213392570305,0.7074383593204759,0.026628714037355186,0.6556581243049684,0.5367832285565582
5b2150d538b0be00014137fb,22,white_high,black,0.04048516196592861,0.5435041898029281,0.7074383593204759,0.026628714037355186,0.6381832813642282,0.5367832285565582
5b2150d538b0be00014137fb,23,black_high,black,0.04048516196592861,0.5435041898029281,0.7074383593204759,0.017514772742665323,0.6381832813642282,0.5381514265328619
5b2150d538b0be00014137fb,24,black_high,white,0.04048516196592861,0.5628404407690748,0.7074383593204759,0.017514772742665323,0.6408751243906204,0.5381514265328619
5b2150d538b0be00014137fb,25,white_high,white,0.026628714037355186,0.5628404407690748,0.7074383593204759,0.017514772742665323,0.6427986818275669,0.5381514265328619
5b2150d538b0be00014137fb,26,black_high,black,0.026628714037355186,0.5628404407690748,0.7048925071219609,0.017514772742665323,0.6427986818275669,0.5377692964856452
5b2150d538b0be00014137fb,27,white_high,white,0.026628714037355186,0.6440106503883996,0.7048925071219609,0.017514772742665323,0.6539729116448203,0.5377692964856452
5b2150d538b0be00014137fb,28,white_high,white,0.026628714037355186,0.6440106503883996,0.6689920069768424,0.017514772742665323,0.6539729116448203,0.5323761460627557
5b2150d538b0be00014137fb,29,white_high,white,0.026628714037355186,0.6440106503883996,0.7480567820937971,0.017514772742665323,0.6539729116448203,0.5442418528509227
5b2150d538b0be00014137fb,30,black_high,black,0.026628714037355186,0.6440106503883996,0.8342868454145886,0.017514772742665323,0.6539729116448203,0.5571254261775033
5b2150d538b0be00014137fb,31,black_high,white,0.026628714037355186,0.697399551292988,0.8342868454145886,0.017514772742665323,0.6612319878338776,0.5571254261775033
5b2150d538b0be00014137fb,32,black_high,black,0.017514772742665323,0.697399551292988,0.8342868454145886,0.017514772742665323,0.6624637438241329,0.5571254261775033
5b2150d538b0be00014137fb,33,black_high,black,0.017514772742665323,0.6640635895425199,0.8342868454145886,0.017514772742665323,0.6579477636178895,0.5571254261775033
5b2150d538b0be00014137fb,34,white_high,black,0.017514772742665323,0.607911199998322,0.8342868454145886,0.017514772742665323,0.6502760736320483,0.5571254261775033
5b2150d538b0be00014137fb,35,black_high,black,0.017514772742665323,0.607911199998322,0.8342868454145886,0.011520168183746092,0.6502760736320483,0.5580184283238756
5b2150d538b0be00014137fb,36,black_high,black,0.017514772742665323,0.6736554955781546,0.8342868454145886,0.011520168183746092,0.659250147204908,0.5580184283238756
5b2150d538b0be00014137fb,37,white_high,black,0.017514772742665323,0.6142201811285211,0.8342868454145886,0.011520168183746092,0.6511420015856217,0.5580184283238756
5b2150d538b0be00014137fb,38,black_high,white,0.017514772742665323,0.6142201811285211,0.8342868454145886,0.007577276447242091,0.6511420015856217,0.5586055875250563
5b2150d538b0be00014137fb,39,white_high,white,0.011520168183746092,0.6142201811285211,0.8342868454145886,0.007577276447242091,0.6519638569965236,0.5586055875250563
5b2150d538b0be00014137fb,40,black_high,black,0.011520168183746092,0.6142201811285211,0.7540998505701797,0.007577276447242091,0.6519638569965236,0.5466344978250197
5b2150d538b0be00014137fb,41,black_high,black,0.011520168183746092,0.60935318320202,0.7540998505701797,0.007577276447242091,0.651296664367057,0.5466344978250197
5b2150d538b0be00014137fb,42,white_high,black,0.011520168183746092,0.7088299368323041,0.7540998505701797,0.007577276447242091,0.6648126073673676,0.5466344978250197
5b2150d538b0be00014137fb,43,black_high,black,0.011520168183746092,0.7088299368323041,0.7540998505701797,0.004983878485293056,0.6648126073673676,0.5470225868640416
5b2150d538b0be00014137fb,44,white_high,black,0.011520168183746092,0.774259785625167,0.7540998505701797,0.004983878485293056,0.6735591468220028,0.5470225868640416
5b2150d538b0be00014137fb,45,black_high,black,0.011520168183746092,0.774259785625167,0.7540998505701797,0.0032780966788149455,0.6735591468220028,0.5472778174521739
5b2150d538b0be00014137fb,46,black_high,white,0.011520168183746092,0.7830696291044978,0.7540998505701797,0.0032780966788149455,0.6747278254543283,0.5472778174521739
5b2150d538b0be00014137fb,47,white_high,black,0.007577276447242091,0.7830696291044978,0.7540998505701797,0.0032780966788149455,0.6752501711852565,0.5472778174521739
5d83b53430e67e0018bf3b38,0,white_high,black,0.5,0.5,0.5,0.5,0.3758354590787777,0.6241645409212222
5d83b53430e67e0018bf3b38,1,black_high,white,0.5,0.5,0.5,0.42714104000810504,0.3758354590787777,0.7075875319037302
5d83b53430e67e0018bf3b38,2,white_high,black,0.42714104000810504,0.5,0.5,0.42714104000810504,0.4673392750363831,0.7075875319037302
5d83b53430e67e0018bf3b38,3,black_high,black,0.42714104000810504,0.5,0.5,0.3648989361184112,0.4673392750363831,0.7694620734565999
5d83b53430e67e0018bf3b38,4,black_high,white,0.42714104000810504,0.514571791998379,0.5,0.3648989361184112,0.4861179407220885,0.7694620734565999
5d83b53430e67e0018bf3b38,5,black_high,white,0.3648989361184112,0.514571791998379,0.5,0.3648989361184112,0.5661199307116473,0.7694620734565999
5d83b53430e67e0018bf3b38,6,black_high,white,0.3117266221429385,0.514571791998379,0.5,0.3648989361184112,0.6319887484266776,0.7694620734565999
5d83b53430e67e0018bf3b38,7,black_high,white,0.26630246716069667,0.514571791998379,0.5,0.3648989361184112,0.6846979443856437,0.7694620734565999
5d83b53430e67e0018bf3b38,8,white_high,white,0.22749742555948843,0.514571791998379,0.5,0.3648989361184112,0.726301280864181,0.7694620734565999
5d83b53430e67e0018bf3b38,9,black_high,white,0.22749742555948843,0.514571791998379,0.558287167993516,0.3648989361184112,0.726301280864181,0.8185304889207712
5d83b53430e67e0018bf3b38,10,black_high,black,0.1943469739052927,0.514571791998379,0.558287167993516,0.3648989361184112,0.7590013519965456,0.8185304889207712
5d83b53430e67e0018bf3b38,11,white_high,white,0.1943469739052927,0.5707355887714547,0.558287167993516,0.3648989361184112,0.8080498936503213,0.8185304889207712
5d83b53430e67e0018bf3b38,12,white_high,white,0.1943469739052927,0.5707355887714547,0.578937267108513,0.3648989361184112,0.8080498936503213,0.833843258076983
5d83b53430e67e0018bf3b38,13,black_high,white,0.1943469739052927,0.5707355887714547,0.6257218607297717,0.3648989361184112,0.8080498936503213,0.8646933604483337
5d83b53430e67e0018bf3b38,14,black_high,black,0.16602713711266956,0.5707355887714547,0.6257218607297717,0.3648989361184112,0.8297286970920543,0.8646933604483337
5d83b53430e67e0018bf3b38,15,black_high,black,0.16602713711266956,0.5312845619100917,0.6257218607297717,0.3648989361184112,0.7989713865029542,0.8646933604483337
5d83b53430e67e0018bf3b38,16,black_high,black,0.16602713711266956,0.5850130086144649,0.6257218607297717,0.3648989361184112,0.8398982880701766,0.8646933604483337
5d83b53430e67e0018bf3b38,17,white_high,black,0.16602713711266956,0.5871968818259801,0.6257218607297717,0.3648989361184112,0.8414097189145187,0.8646933604483337
5d83b53430e67e0018bf3b38,18,white_high,white,0.16602713711266956,0.5871968818259801,0.6257218607297717,0.3117266221429385,0.8414097189145187,0.893742435471826
5d83b53430e67e0018bf3b38,19,black_high,black,0.16602713711266956,0.5871968818259801,0.6511173086828745,0.3117266221429385,0.8414097189145187,0.9055746253983468
5d83b53430e67e0018bf3b38,20,white_high,white,0.16602713711266956,0.6036343175739839,0.6511173086828745,0.3117266221429385,0.8524164087998652,0.9055746253983468
5d83b53430e67e0018bf3b38,21,black_high,black,0.16602713711266956,0.6036343175739839,0.6582403927848157,0.3117266221429385,0.8524164087998652,0.9086749240215961
5d83b53430e67e0018bf3b38,22,black_high,black,0.16602713711266956,0.6468201083716794,0.6582403927848157,0.3117266221429385,0.8783400854535649,0.9086749240215961
5d83b53430e67e0018bf3b38,23,white_high,white,0.16602713711266956,0.6837129555614796,0.6582403927848157,0.3117266221429385,0.8972849676928147,0.9086749240215961
5d83b53430e67e0018bf3b38,24,white_high,white,0.16602713711266956,0.6837129555614796,0.6206101398924154,0.3117266221429385,0.8972849676928147,0.8912081307612226
5d83b53430e67e0018bf3b38,25,white_high,white,0.16602713711266956,0.6837129555614796,0.6613222491718547,0.3117266221429385,0.8972849676928147,0.9099876985597597
5d83b53430e67e0018bf3b38,26,black_high,black,0.16602713711266956,0.6837129555614796,0.6815300825705624,0.3117266221429385,0.8972849676928147,0.918181417808403
5d83b53430e67e0018bf3b38,27,black_high,black,0.16602713711266956,0.6715144778013653,0.6815300825705624,0.3117266221429385,0.891329162946298,0.918181417808403
5d83b53430e67e0018bf3b38,28,white_high,white,0.16602713711266956,0.6902371208441814,0.6815300825705624,0.3117266221429385,0.9003502935968957,0.918181417808403
5d83b53430e67e0018bf3b38,29,white_high,white,0.16602713711266956,0.6902371208441814,0.6696496885222734,0.3117266221429385,0.9003502935968957,0.9134502340751133
5d83b53430e67e0018bf3b38,30,white_high,black,0.16602713711266956,0.6902371208441814,0.6595004807832888,0.3117266221429385,0.9003502935968957,0.9092137507654332
5d83b53430e67e0018bf3b38,31,white_high,white,0.16602713711266956,0.6902371208441814,0.6595004807832888,0.26630246716069667,0.9003502935968957,0.9268148308534193
5d83b53430e67e0018bf3b38,32,black_high,black,0.16602713711266956,0.6902371208441814,0.6654019864838915,0.26630246716069667,0.9003502935968957,0.9288562653190471
5d83b53430e67e0018bf3b38,33,black_high,black,0.16602713711266956,0.6042289952975465,0.6654019864838915,0.26630246716069667,0.8528025146516193,0.9288562653190471
5d83b53430e67e0018bf3b38,34,black_high,black,0.16602713711266956,0.5744691709024088,0.6654019864838915,0.26630246716069667,0.8324366525238218,0.9288562653190471
5d83b53430e67e0018bf3b38,35,black_high,black,0.16602713711266956,0.6219048462091084,0.6654019864838915,0.26630246716069667,0.8639011627156356,0.9288562653190471
5d83b53430e67e0018bf3b38,36,white_high,white,0.16602713711266956,0.5895693335851943,0.6654019864838915,0.26630246716069667,0.8430385182486803,0.9288562653190471
5d83b53430e67e0018bf3b38,37,white_high,white,0.16602713711266956,0.5895693335851943,0.6850153290474088,0.26630246716069667,0.8430385182486803,0.9352685247935216
5d83b53430e67e0018bf3b38,38,black_high,black,0.16602713711266956,0.5895693335851943,0.7163424481270199,0.26630246716069667,0.8430385182486803,0.9444039029348756
5d83b53430e67e0018bf3b38,39,white_high,white,0.16602713711266956,0.5765174766008255,0.7163424481270199,0.26630246716069667,0.8339076127076067,0.9444039029348756
5d83b53430e67e0018bf3b38,40,white_high,white,0.16602713711266956,0.5765174766008255,0.6848174765817495,0.26630246716069667,0.8339076127076067,0.9352066103883059
5d83b53430e67e0018bf3b38,41,white_high,white,0.16602713711266956,0.5765174766008255,0.6578862583176042,0.26630246716069667,0.8339076127076067,0.9262471153068889
5d83b53430e67e0018bf3b38,42,black_high,black,0.16602713711266956,0.5765174766008255,0.6785947771566765,0.26630246716069667,0.8339076127076067,0.9332309882443671
5d83b53430e67e0018bf3b38,43,white_high,white,0.16602713711266956,0.6090828850632819,0.6785947771566765,0.26630246716069667,0.8559228107545469,0.9332309882443671
5d83b53430e67e0018bf3b38,44,white_high,white,0.16602713711266956,0.6090828850632819,0.6817139017061951,0.26630246716069667,0.8559228107545469,0.934228162607426
5d83b53430e67e0018bf3b38,45,white_high,white,0.16602713711266956,0.6090828850632819,0.6552349299174295,0.26630246716069667,0.8559228107545469,0.9253058523328878
5d83b53430e67e0018bf3b38,46,white_high,white,0.16602713711266956,0.6090828850632819,0.6763297948161693,0.26630246716069667,0.8559228107545469,0.9324981021328118
5d83b53430e67e0018bf3b38,47,black_high,black,0.16602713711266956,0.6090828850632819,0.7089225518779045,0.26630246716069667,0.8559228107545469,0.9423564515609008
5dd0dce9ed7ea418f59810e4,0,black_high,black,0.5,0.5,0.5,0.5,0.7406337485776193,0.2593662514223807
5dd0dce9ed7ea418f59810e4,1,white_high,black,0.5,0.5,0.5,0.5,0.7406337485776193,0.2593662514223807
5dd0dce9ed7ea418f59810e4,2,white_high,white,0.5,0.5,0.5,0.2868379460409829,0.7406337485776193,0.30806535729326545
5dd0dce9ed7ea418f59810e4,3,black_high,black,0.5,0.5,0.5852648215836068,0.2868379460409829,0.7406337485776193,0.3289042095947623
5dd0dce9ed7ea418f59810e4,4,black_high,black,0.5,0.5426324107918035,0.5852648215836068,0.2868379460409829,0.7497505220626444,0.3289042095947623
5dd0dce9ed7ea418f59810e4,5,white_high,black,0.5,0.6949868294598064,0.5852648215836068,0.2868379460409829,0.7805509204294684,0.3289042095947623
5dd0dce9ed7ea418f59810e4,6,black_high,white,0.5,0.6949868294598064,0.5852648215836068,0.1645520145780196,0.7805509204294684,0.35998850167464863
5dd0dce9ed7ea418f59810e4,7,black_high,black,0.2868379460409829,0.6949868294598064,0.5852648215836068,0.1645520145780196,0.8189078119163574,0.35998850167464863
5dd0dce9ed7ea418f59810e4,8,black_high,black,0.2868379460409829,0.7397564757099988,0.5852648215836068,0.1645520145780196,0.826265743279579,0.35998850167464863
5dd0dce9ed7ea418f59810e4,9,white_high,black,0.2868379460409829,0.8507045640443789,0.5852648215836068,0.1645520145780196,0.843479813735624,0.35998850167464863
5dd0dce9ed7ea418f59810e4,10,black_high,black,0.2868379460409829,0.8507045640443789,0.5852648215836068,0.09439952375693002,0.843479813735624,0.3783868343198738
5dd0dce9ed7ea418f59810e4,11,black_high,black,0.2868379460409829,0.8717203968025896,0.5852648215836068,0.09439952375693002,0.8465794517963829,0.3783868343198738
5dd0dce9ed7ea418f59810e4,12,white_high,white,0.2868379460409829,0.8837766734080016,0.5852648215836068,0.09439952375693002,0.8483348466291882,0.3783868343198738
5dd0dce9ed7ea418f59810e4,13,black_high,black,0.2868379460409829,0.8837766734080016,0.719444015752399,0.09439952375693002,0.8483348466291882,0.41452887982360287
5dd0dce9ed7ea418f59810e4,14,white_high,white,0.2868379460409829,0.6775310146857811,0.719444015752399,0.09439952375693002,0.8159738908243056,0.41452887982360287
5dd0dce9ed7ea418f59810e4,15,white_high,black,0.2868379460409829,0.6775310146857811,0.8390517954578236,0.09439952375693002,0.8159738908243056,0.4475537884533906
5dd0dce9ed7ea418f59810e4,16,white_high,black,0.2868379460409829,0.6775310146857811,0.8390517954578236,0.054154731003369545,0.8159738908243056,0.4587858678383482
5dd0dce9ed7ea418f59810e4,17,white_high,black,0.2868379460409829,0.6775310146857811,0.8390517954578236,0.031067263618816912,0.8159738908243056,0.4652491443718979
5dd0dce9ed7ea418f59810e4,18,white_high,white,0.2868379460409829,0.6775310146857811,0.8390517954578236,0.017822540171070392,0.8159738908243056,0.46896238587230255
5dd0dce9ed7ea418f59810e4,19,white_high,black,0.2868379460409829,0.6775310146857811,0.779770662804866,0.017822540171070392,0.8159738908243056,0.45237508060107534
5dd0dce9ed7ea418f59810e4,20,black_high,black,0.2868379460409829,0.6775310146857811,0.779770662804866,0.010224361631805477,0.8159738908243056,0.45449598869855035
5dd0dce9ed7ea418f59810e4,21,black_high,black,0.2868379460409829,0.7723749063892957,0.779770662804866,0.010224361631805477,0.8314765072158858,0.45449598869855035
5dd0dce9ed7ea418f59810e4,22,black_high,white,0.2868379460409829,0.8694169713626383,0.779770662804866,0.010224361631805477,0.846242186285386,0.45449598869855035
5dd0dce9ed7ea418f59810e4,23,black_high,black,0.1645520145780196,0.8694169713626383,0.779770662804866,0.010224361631805477,0.8633217877936012,0.45449598869855035
5dd0dce9ed7ea418f59810e4,24,black_high,black,0.1645520145780196,0.7971904321802863,0.779770662804866,0.010224361631805477,0.8534360822682713,0.45449598869855035
5dd0dce9ed7ea418f59810e4,25,white_high,black,0.1645520145780196,0.7983882186746609,0.779770662804866,0.010224361631805477,0.8536047478529152,0.45449598869855035
5dd0dce9ed7ea418f59810e4,26,black_high,black,0.1645520145780196,0.7983882186746609,0.779770662804866,0.00586546978009463,0.8536047478529152,0.4557134533139905
5dd0dce9ed7ea418f59810e4,27,black_high,black,0.1645520145780196,0.7990753599103451,0.779770662804866,0.00586546978009463,0.85370143462469,0.4557134533139905
5dd0dce9ed7ea418f59810e4,28,black_high,black,0.1645520145780196,0.756837145479909,0.779770662804866,0.00586546978009463,0.847659245183728,0.4557134533139905
5dd0dce9ed7ea418f59810e4,29,white_high,black,0.1645520145780196,0.7752385109283827,0.779770662804866,0.00586546978009463,0.8503163583725831,0.4557134533139905
5dd0dce9ed7ea418f59810e4,30,white_high,white,0.1645520145780196,0.7752385109283827,0.779770662804866,0.0033648786085755983,0.8503163583725831,0.45641212335362635
5dd0dce9ed7ea418f59810e4,31,white_high,white,0.1645520145780196,0.7752385109283827,0.7457625061465512,0.0033648786085755983,0.8503163583725831,0.4469260029713238
5dd0dce9ed7ea418f59810e4,32,white_high,black,0.1645520145780196,0.7752385109283827,0.811517668121136,0.0033648786085755983,0.8503163583725831,0.46529629319982974
5dd0dce9ed7ea418f59810e4,33,white_high,black,0.1645520145780196,0.7752385109283827,0.811517668121136,0.00193034973752213,0.8503163583725831,0.4656982991023651
5dd0dce9ed7ea418f59810e4,34,white_high,white,0.1645520145780196,0.7752385109283827,0.811517668121136,0.0011073951077031964,0.8503163583725831,0.4659289403452798
5dd0dce9ed7ea418f59810e4,35,white_high,white,0.1645520145780196,0.7752385109283827,0.8492398193259002,0.0011073951077031964,0.8503163583725831,0.4765150157348646
5dd0dce9ed7ea418f59810e4,36,white_high,white,0.1645520145780196,0.7752385109283827,0.8708801080695441,0.0011073951077031964,0.8503163583725831,0.4825981460061531
5dd0dce9ed7ea418f59810e4,37,black_high,white,0.1645520145780196,0.7752385109283827,0.7127649768522516,0.0011073951077031964,0.8503163583725831,0.43838441038011533
5dd0dce9ed7ea418f59810e4,38,white_high,black,0.09439952375693002,0.7752385109283827,0.7127649768522516,0.0011073951077031964,0.8600972073054017,0.43838441038011533
5dd0dce9ed7ea418f59810e4,39,black_high,black,0.09439952375693002,0.7752385109283827,0.7127649768522516,0.0006352858762988358,0.8600972073054017,0.43851533070037746
5dd0dce9ed7ea418f59810e4,40,white_high,black,0.09439952375693002,0.8284273414593656,0.7127649768522516,0.0006352858762988358,0.867151512323389,0.43851533070037746
5dd0dce9ed7ea418f59810e4,41,white_high,white,0.09439952375693002,0.8284273414593656,0.7127649768522516,0.00036444819181280795,0.867151512323389,0.43859044039730877
5dd0dce9ed7ea418f59810e4,42,black_high,white,0.09439952375693002,0.8284273414593656,0.7925877810667279,0.00036444819181280795,0.867151512323389,0.46083544056797204
5dd0dce9ed7ea418f59810e4,43,black_high,black,0.054154731003369545,0.8284273414593656,0.7925877810667279,0.00036444819181280795,0.8722869340595572,0.46083544056797204
5dd0dce9ed7ea418f59810e4,44,white_high,black,0.054154731003369545,0.8163080804712202,0.7925877810667279,0.00036444819181280795,0.8707585491679074,0.46083544056797204
5dd0dce9ed7ea418f59810e4,45,black_high,black,0.054154731003369545,0.8163080804712202,0.7925877810667279,0.00020907514155587195,0.8707585491679074,0.46087892181258955
5dd0dce9ed7ea418f59810e4,46,black_high,black,0.054154731003369545,0.8093555526124717,0.7925877810667279,0.00020907514155587195,0.8698747392096142,0.46087892181258955
5dd0dce9ed7ea418f59810e4,47,black_high,black,0.054154731003369545,0.8479994657826829,0.7925877810667279,0.00020907514155587195,0.8747226223366732,0.46087892181258955
5e6473fbc15dbe1f71eea95b,0,black_high,white,0.5,0.5,0.5,0.5,0.40822163434815767,0.5917783656518424
5e6473fbc15dbe1f71eea95b,1,black_high,white,0.25759191651751623,0.5,0.5,0.5,0.42054135381181484,0.5917783656518424
5e6473fbc15dbe1f71eea95b,2,white_high,white,0.1327071909103341,0.5,0.5,0.5,0.4269281515779004,0.5917783656518424
5e6473fbc15dbe1f71eea95b,3,white_high,black,0.1327071909103341,0.5,0.5484816166964968,0.5,0.4269281515779004,0.5942290528045427
5e6473fbc15dbe1f71eea95b,4,black_high,white,0.1327071909103341,0.5,0.5484816166964968,0.25759191651751623,0.4269281515779004,0.6064099790644718
5e6473fbc15dbe1f71eea95b,5,white_high,black,0.06836859928449773,0.5,0.5484816166964968,0.25759191651751623,0.43022820242158777,0.6064099790644718
5e6473fbc15dbe1f71eea95b,6,white_high,white,0.06836859928449773,0.5,0.5484816166964968,0.1327071909103341,0.43022820242158777,0.612635159163643
5e6473fbc15dbe1f71eea95b,7,black_high,white,0.06836859928449773,0.5,0.4764953284249397,0.1327071909103341,0.43022820242158777,0.6090511777373953
5e6473fbc15dbe1f71eea95b,8,white_high,black,0.03522239703862372,0.5,0.4764953284249397,0.1327071909103341,0.43193077727657697,0.6090511777373953
5e6473fbc15dbe1f71eea95b,9,white_high,black,0.03522239703862372,0.5,0.4764953284249397,0.06836859928449773,0.43193077727657697,0.6122549741571781
5e6473fbc15dbe1f71eea95b,10,black_high,white,0.03522239703862372,0.5,0.4764953284249397,0.03522239703862372,0.43193077727657697,0.6139017565944883
5e6473fbc15dbe1f71eea95b,11,black_high,white,0.018146009515039942,0.5,0.4764953284249397,0.03522239703862372,0.43280854708979394,0.6139017565944883
5e6473fbc15dbe1f71eea95b,12,black_high,black,0.009348530736248447,0.5,0.4764953284249397,0.03522239703862372,0.43326092493892343,0.6139017565944883
5e6473fbc15dbe1f71eea95b,13,black_high,black,0.009348530736248447,0.5484816166964968,0.4764953284249397,0.03522239703862372,0.4357558895984794,0.6139017565944883
5e6473fbc15dbe1f71eea95b,14,white_high,black,0.009348530736248447,0.5734585618179332,0.4764953284249397,0.03522239703862372,0.43704253407032956,0.6139017565944883
5e6473fbc15dbe1f71eea95b,15,black_high,black,0.009348530736248447,0.5734585618179332,0.4764953284249397,0.018146009515039942,0.43704253407032956,0.6147491387358258
5e6473fbc15dbe1f71eea95b,16,white_high,black,0.009348530736248447,0.6348078968395972,0.4764953284249397,0.018146009515039942,0.44020640371485986,0.6147491387358258
5e6473fbc15dbe1f71eea95b,17,white_high,black,0.009348530736248447,0.6348078968395972,0.4764953284249397,0.009348530736248447,0.44020640371485986,0.6151854252481727
5e6473fbc15dbe1f71eea95b,18,white_high,white,0.009348530736248447,0.6348078968395972,0.4764953284249397,0.0048162118979462884,0.44020640371485986,0.6154101207803704
5e6473fbc15dbe1f71eea95b,19,white_high,white,0.009348530736248447,0.6348078968395972,0.5848540065967244,0.0048162118979462884,0.44020640371485986,0.6207672918796162
5e6473fbc15dbe1f71eea95b,20,black_high,white,0.009348530736248447,0.6348078968395972,0.6406786457598739,0.0048162118979462884,0.44020640371485986,0.6235158615435525
5e6473fbc15dbe1f71eea95b,21,white_high,black,0.0048162118979462884,0.6348078968395972,0.6406786457598739,0.0048162118979462884,0.440440337691494,0.6235158615435525
5e6473fbc15dbe1f71eea95b,22,white_high,white,0.0048162118979462884,0.6348078968395972,0.6406786457598739,0.002481234506292897,0.440440337691494,0.6236306543245708
5e6473fbc15dbe1f71eea95b,23,black_high,white,0.0048162118979462884,0.6348078968395972,0.5724753639487493,0.002481234506292897,0.440440337691494,0.6202719546452807
5e6473fbc15dbe1f71eea95b,24,black_high,white,0.002481234506292897,0.6348078968395972,0.5724753639487493,0.002481234506292897,0.44056086702542785,0.6202719546452807
5e6473fbc15dbe1f71eea95b,25,white_high,black,0.0012782919036107608,0.6348078968395972,0.5724753639487493,0.002481234506292897,0.44062296452551414,0.6202719546452807
5e6473fbc15dbe1f71eea95b,26,white_high,white,0.0012782919036107608,0.6348078968395972,0.5724753639487493,0.0012782919036107608,0.44062296452551414,0.6203312950510463
5e6473fbc15dbe1f71eea95b,27,black_high,white,0.0012782919036107608,0.6348078968395972,0.6827829858892159,0.0012782919036107608,0.44062296452551414,0.6257572105727202
5e6473fbc15dbe1f71eea95b,28,white_high,black,0.00065855532263984,0.6348078968395972,0.6827829858892159,0.0012782919036107608,0.4406549568789124,0.6257572105727202
5e6473fbc15dbe1f71eea95b,29,black_high,black,0.00065855532263984,0.6348078968395972,0.6827829858892159,0.00065855532263984,0.4406549568789124,0.6257876070528237
5e6473fbc15dbe1f71eea95b,30,white_high,white,0.00065855532263984,0.763377315803202,0.6827829858892159,0.00065855532263984,0.4473023042285977,0.6257876070528237
5e6473fbc15dbe1f71eea95b,31,white_high,black,0.00065855532263984,0.763377315803202,0.44872198919450423,0.00065855532263984,0.4473023042285977,0.6142388048962031
5e6473fbc15dbe1f71eea95b,32,white_high,black,0.00065855532263984,0.763377315803202,0.44872198919450423,0.00033927705538321524,0.4473023042285977,0.6142546496602899
5e6473fbc15dbe1f71eea95b,33,white_high,white,0.00065855532263984,0.763377315803202,0.44872198919450423,0.0001747900538531638,0.4473023042285977,0.6142628125320906
5e6473fbc15dbe1f71eea95b,34,black_high,white,0.00065855532263984,0.763377315803202,0.6190272479323031,0.0001747900538531638,0.4473023042285977,0.6226791947592055
5e6473fbc15dbe1f71eea95b,35,black_high,black,0.00033927705538321524,0.763377315803202,0.6190272479323031,0.0001747900538531638,0.44731883616121676,0.6226791947592055
5e6473fbc15dbe1f71eea95b,36,black_high,white,0.00033927705538321524,0.5387245016969783,0.6190272479323031,0.0001747900538531638,0.43571737805283706,0.6226791947592055
5e6473fbc15dbe1f71eea95b,37,black_high,white,0.0001747900538531638,0.5387245016969783,0.6190272479323031,0.0001747900538531638,0.43572584833839306,0.6226791947592055
5e6473fbc15dbe1f71eea95b,38,black_high,white,9.004900992047265e-05,0.5387245016969783,0.6190272479323031,0.0001747900538531638,0.4357302121072136,0.6226791947592055
5e6473fbc15dbe1f71eea95b,39,white_high,black,4.639179409183876e-05,0.5387245016969783,0.6190272479323031,0.0001747900538531638,0.43573246025424667,0.6226791947592055
5e6473fbc15dbe1f71eea95b,40,black_high,white,4.639179409183876e-05,0.5387245016969783,0.6190272479323031,9.004900992047265e-05,0.43573246025424667,0.6226833647195118
5e6473fbc15dbe1f71eea95b,41,black_high,white,2.3900302301605462e-05,0.5387245016969783,0.6190272479323031,9.004900992047265e-05,0.43573361846428355,0.6226833647195118
5e6473fbc15dbe1f71eea95b,42,black_high,white,1.2313049350437108e-05,0.5387245016969783,0.6190272479323031,9.004900992047265e-05,0.4357342151556436,0.6226833647195118
5e6473fbc15dbe1f71eea95b,43,black_high,white,6.343483960707705e-06,0.5387245016969783,0.6190272479323031,9.004900992047265e-05,0.4357345225614582,0.6226833647195118
5e92178e8ee4fe54b65b7c39,0,black_high,black,0.5,0.5,0.5,0.5,0.9120771608365973,0.08792283916340267
5e92178e8ee4fe54b65b7c39,1,black_high,black,0.5,0.7037345907493102,0.5,0.5,0.964605573532343,0.08792283916340267
5e92178e8ee4fe54b65b7c39,2,black_high,black,0.5,0.4974637822735771,0.5,0.5,0.9111081265444457,0.08792283916340267
5e92178e8ee4fe54b65b7c39,3,white_high,black,0.5,0.702920757291367,0.5,0.5,0.9644736062621634,0.08792283916340267
5e92178e8ee4fe54b65b7c39,4,white_high,white,0.5,0.702920757291367,0.5,0.16044234875114965,0.9644736062621634,0.3253194337907372
5e92178e8ee4fe54b65b7c39,5,black_high,black,0.5,0.702920757291367,0.7037345907493102,0.16044234875114965,0.9644736062621634,0.5588431003863849
5e92178e8ee4fe54b65b7c39,6,white_high,white,0.5,0.8367602868194581,0.7037345907493102,0.16044234875114965,0.9808447241464645,0.5588431003863849
5e92178e8ee4fe54b65b7c39,7,black_high,black,0.5,0.8367602868194581,0.7011983730228872,0.16044234875114965,0.9808447241464645,0.555876636816335
5e92178e8ee4fe54b65b7c39,8,white_high,white,0.5,0.8117958135161596,0.7011983730228872,0.16044234875114965,0.9784897368873702,0.555876636816335
5e92178e8ee4fe54b65b7c39,9,black_high,black,0.5,0.8117958135161596,0.4966499488156339,0.16044234875114965,0.9784897368873702,0.32184315428012544
5e92178e8ee4fe54b65b7c39,10,white_high,black,0.5,0.9396081565514666,0.4966499488156339,0.16044234875114965,0.9881491590511491,0.32184315428012544
5e92178e8ee4fe54b65b7c39,11,white_high,white,0.5,0.9396081565514666,0.4966499488156339,0.051483494545571065,0.9881491590511491,0.4430621937263742
5e92178e8ee4fe54b65b7c39,12,white_high,black,0.5,0.9396081565514666,0.4989250198390875,0.051483494545571065,0.9881491590511491,0.4457253478471432
5e92178e8ee4fe54b65b7c39,13,white_high,black,0.5,0.9396081565514666,0.4989250198390875,0.016520265573616848,0.9881491590511491,0.4869535380632535
5e92178e8ee4fe54b65b7c39,14,black_high,black,0.5,0.9396081565514666,0.4989250198390875,0.005301100421247691,0.9881491590511491,0.5002480121384574
5e92178e8ee4fe54b65b7c39,15,white_high,black,0.5,0.6410635303345608,0.4989250198390875,0.005301100421247691,0.9529361717795963,0.5002480121384574
5e92178e8ee4fe54b65b7c39,16,white_high,white,0.5,0.6410635303345608,0.4989250198390875,0.0017010420051013766,0.9529361717795963,0.5045148332269819
5e92178e8ee4fe54b65b7c39,17,black_high,black,0.5,0.6410635303345608,0.7713011763153249,0.0017010420051013766,0.9529361717795963,0.7874106405798644
5e92178e8ee4fe54b65b7c39,18,black_high,black,0.5,0.7489997190093222,0.7713011763153249,0.0017010420051013766,0.9712449588496931,0.7874106405798644
5e92178e8ee4fe54b65b7c39,19,white_high,black,0.5,0.8515463205115441,0.7713011763153249,0.0017010420051013766,0.982118339094882,0.7874106405798644
5e92178e8ee4fe54b65b7c39,20,black_high,black,0.5,0.8515463205115441,0.7713011763153249,0.0005458383492456598,0.982118339094882,0.7883259850404828
5e92178e8ee4fe54b65b7c39,21,black_high,black,0.5,0.7486288952149333,0.7713011763153249,0.0005458383492456598,0.9711958185761289,0.7883259850404828
5e92178e8ee4fe54b65b7c39,22,white_high,black,0.5,0.6476927380811448,0.7713011763153249,0.0005458383492456598,0.9543258239107472,0.7883259850404828
5e92178e8ee4fe54b65b7c39,23,white_high,white,0.5,0.6476927380811448,0.7713011763153249,0.00017515117358284798,0.9543258239107472,0.7886190933955348
5e92178e8ee4fe54b65b7c39,24,white_high,black,0.5,0.6476927380811448,0.7228794563935012,0.00017515117358284798,0.9543258239107472,0.747826881191733
5e92178e8ee4fe54b65b7c39,25,black_high,black,0.5,0.6476927380811448,0.7228794563935012,5.620333135230489e-05,0.9543258239107472,0.7479332129735243
5e92178e8ee4fe54b65b7c39,26,white_high,white,0.5,0.6832154000819946,0.7228794563935012,5.620333135230489e-05,0.9611298912516935,0.7479332129735243
5e92178e8ee4fe54b65b7c39,27,white_high,white,0.5,0.6832154000819946,0.6394301371940756,5.620333135230489e-05,0.9611298912516935,0.6664091867226803
5e92178e8ee4fe54b65b7c39,28,white_high,black,0.5,0.6832154000819946,0.4089179368966849,5.620333135230489e-05,0.9611298912516935,0.4011049940658281
5e92178e8ee4fe54b65b7c39,29,black_high,black,0.5,0.6832154000819946,0.4089179368966849,1.8034788979605848e-05,0.9611298912516935,0.4011484640488781
5e92178e8ee4fe54b65b7c39,30,white_high,black,0.5,0.8304371392321539,0.4089179368966849,1.8034788979605848e-05,0.9802732953300225,0.4011484640488781
5e92178e8ee4fe54b65b7c39,31,white_high,white,0.5,0.8304371392321539,0.4089179368966849,5.787087806238623e-06,0.9802732953300225,0.4011624132308548
5e92178e8ee4fe54b65b7c39,32,black_high,black,0.5,0.8304371392321539,0.6745077504825177,5.787087806238623e-06,0.9802732953300225,0.7023533831340928
5e92178e8ee4fe54b65b7c39,33,black_high,black,0.5,0.6739437517158049,0.6745077504825177,5.787087806238623e-06,0.9594540060907222,0.7023533831340928
5e92178e8ee4fe54b65b7c39,34,black_high,black,0.5,0.6916389486512812,0.6745077504825177,5.787087806238623e-06,0.9625946920786166,0.7023533831340928
5e92178e8ee4fe54b65b7c39,35,black_high,black,0.5,0.8331401270667054,0.6745077504825177,5.787087806238623e-06,0.980519582929295,0.7023533831340928
5e92178e8ee4fe54b65b7c39,36,black_high,black,0.5,0.8785456898987576,0.6745077504825177,5.787087806238623e-06,0.9842329362081971,0.7023533831340928
5e92178e8ee4fe54b65b7c39,37,black_high,black,0.5,0.7572925796935022,0.6745077504825177,5.787087806238623e-06,0.9723228795079651,0.7023533831340928
5e92178e8ee4fe54b65b7c39,38,white_high,white,0.5,0.854207372603616,0.6745077504825177,5.787087806238623e-06,0.9823385572614304,0.7023533831340928
5e92178e8ee4fe54b65b7c39,39,black_high,black,0.5,0.854207372603616,0.8276429877244698,5.787087806238623e-06,0.9823385572614304,0.8298464708817739
5e92178e8ee4fe54b65b7c39,40,black_high,black,0.5,0.8853058466100758,0.8276429877244698,5.787087806238623e-06,0.9847226563467593,0.8298464708817739
5e92178e8ee4fe54b65b7c39,41,black_high,black,0.5,0.8273733407846517,0.8276429877244698,5.787087806238623e-06,0.9799904416046877,0.8298464708817739
5e92178e8ee4fe54b65b7c39,42,white_high,white,0.5,0.8087836861773103,0.8276429877244698,5.787087806238623e-06,0.9781871061816079,0.8298464708817739
5e92178e8ee4fe54b65b7c39,43,black_high,black,0.5,0.8087836861773103,0.6730471512544861,5.787087806238623e-06,0.9781871061816079,0.7009037360213938
5e92178e8ee4fe54b65b7c39,44,black_high,black,0.5,0.8028185504819614,0.6730471512544861,5.787087806238623e-06,0.9775754508332842,0.7009037360213938
5e92178e8ee4fe54b65b7c39,45,white_high,white,0.5,0.665081369219259,0.6730471512544861,5.787087806238623e-06,0.9577875623067351,0.7009037360213938
5e92178e8ee4fe54b65b7c39,46,white_high,white,0.5,0.665081369219259,0.7592627735332407,5.787087806238623e-06,0.9577875623067351,0.7790865083158878
5e92178e8ee4fe54b65b7c39,47,white_high,white,0.5,0.665081369219259,0.8548395776579014,5.787087806238623e-06,0.9577875623067351,0.8472868308966931
5ee7fbc114d0a60f9b076fb6,0,white_high,black,0.5,0.5,0.5,0.5,0.7920097217331661,0.20799027826683386
5ee7fbc114d0a60f9b076fb6,1,black_high,black,0.5,0.5,0.5,0.33206665459341145,0.7920097217331661,0.22757966867018906
5ee7fbc114d0a60f9b076fb6,2,white_high,black,0.5,0.6343466763252709,0.5,0.33206665459341145,0.8067650042125769,0.22757966867018906
5ee7fbc114d0a60f9b076fb6,3,white_high,black,0.5,0.6343466763252709,0.5,0.22053652618572006,0.8067650042125769,0.2412904881249404
5ee7fbc114d0a60f9b076fb6,4,black_high,white,0.5,0.6343466763252709,0.5,0.1464656529322887,0.8067650042125769,0.25070228174744685
5ee7fbc114d0a60f9b076fb6,5,black_high,black,0.33206665459341145,0.6343466763252709,0.5,0.1464656529322887,0.8240714382859624,0.25070228174744685
5ee7fbc114d0a60f9b076fb6,6,black_high,black,0.33206665459341145,0.5556374336448354,0.5,0.1464656529322887,0.8161164306637636,0.25070228174744685
5ee7fbc114d0a60f9b076fb6,7,black_high,black,0.33206665459341145,0.63771068016516,0.5,0.1464656529322887,0.8244053236402041,0.25070228174744685
5ee7fbc114d0a60f9b076fb6,8,white_high,black,0.33206665459341145,0.692218256972409,0.5,0.1464656529322887,0.8297459669499667,0.25070228174744685
5ee7fbc114d0a60f9b076fb6,9,black_high,black,0.33206665459341145,0.692218256972409,0.5,0.09727271876412959,0.8297459669499667,0.2570864226738987
5ee7fbc114d0a60f9b076fb6,10,black_high,white,0.33206665459341145,0.7284185543331623,0.5,0.09727271876412959,0.8332210040618497,0.2570864226738987
5ee7fbc114d0a60f9b076fb6,11,black_high,black,0.22053652618572006,0.7284185543331623,0.5,0.09727271876412959,0.8435708149498546,0.2570864226738987
5ee7fbc114d0a60f9b076fb6,12,white_high,black,0.22053652618572006,0.7524603776129063,0.5,0.09727271876412959,0.8457320912570022,0.2570864226738987
5ee7fbc114d0a60f9b076fb6,13,black_high,black,0.22053652618572006,0.7524603776129063,0.5,0.06460205260642055,0.8457320912570022,0.26138464716037557
5ee7fbc114d0a60f9b076fb6,14,black_high,black,0.22053652618572006,0.7684273532665675,0.5,0.06460205260642055,0.8471539336071399,0.26138464716037557
5ee7fbc114d0a60f9b076fb6,15,white_high,black,0.22053652618572006,0.8462048918077744,0.5,0.06460205260642055,0.8539268164716917,0.26138464716037557
5ee7fbc114d0a60f9b076fb6,16,white_high,black,0.22053652618572006,0.8462048918077744,0.5,0.042904374977763296,0.8539268164716917,0.26426476980597063
5ee7fbc114d0a60f9b076fb6,17,white_high,white,0.22053652618572006,0.8462048918077744,0.5,0.02849422453257426,0.8539268164716917,0.2661887555098248
5ee7fbc114d0a60f9b076fb6,18,black_high,black,0.22053652618572006,0.8462048918077744,0.6343466763252709,0.02849422453257426,0.8539268164716917,0.2845499222579582
5ee7fbc114d0a60f9b076fb6,19,white_high,black,0.22053652618572006,0.7970995386155986,0.6343466763252709,0.02849422453257426,0.8496801820515442,0.2845499222579582
5ee7fbc114d0a60f9b076fb6,20,white_high,black,0.22053652618572006,0.7970995386155986,0.6343466763252709,0.0189239636315309,0.8496801820515442,0.2858866349838429
5ee7fbc114d0a60f9b076fb6,21,white_high,black,0.22053652618572006,0.7970995386155986,0.6343466763252709,0.012568034589539704,0.8496801820515442,0.2867764681623854
5ee7fbc114d0a60f9b076fb6,22,white_high,black,0.22053652618572006,0.7970995386155986,0.6343466763252709,0.008346850401925458,0.8496801820515442,0.2873683502259803
5ee7fbc114d0a60f9b076fb6,23,black_high,white,0.22053652618572006,0.7970995386155986,0.6343466763252709,0.005543421378718117,0.8496801820515442,0.2877618413951202
5ee7fbc114d0a60f9b076fb6,24,white_high,black,0.1464656529322887,0.7970995386155986,0.6343466763252709,0.005543421378718117,0.8560474430998496,0.2877618413951202
5ee7fbc114d0a60f9b076fb6,25,white_high,black,0.1464656529322887,0.7970995386155986,0.6343466763252709,0.0036815707844650436,0.8560474430998496,0.2880233493585897
5ee7fbc114d0a60f9b076fb6,26,black_high,black,0.1464656529322887,0.7970995386155986,0.6343466763252709,0.002445053788092297,0.8560474430998496,0.2881971036842749
5ee7fbc114d0a60f9b076fb6,27,black_high,white,0.1464656529322887,0.8316603760639266,0.6343466763252709,0.002445053788092297,0.8589407831234206,0.2881971036842749
5ee7fbc114d0a60f9b076fb6,28,white_high,black,0.09727271876412959,0.8316603760639266,0.6343466763252709,0.002445053788092297,0.8629750873103672,0.2881971036842749
5ee7fbc114d0a60f9b076fb6,29,white_high,black,0.09727271876412959,0.8316603760639266,0.6343466763252709,0.0016238416634255142,0.8629750873103672,0.28831253418435404
5ee7fbc114d0a60f9b076fb6,30,black_high,black,0.09727271876412959,0.8316603760639266,0.6343466763252709,0.001078447337526222,0.8629750873103672,0.2883892106209103
5ee7fbc114d0a60f9b076fb6,31,white_high,white,0.09727271876412959,0.8210267103254348,0.6343466763252709,0.001078447337526222,0.8621113275876104,0.2883892106209103
5ee7fbc114d0a60f9b076fb6,32,white_high,black,0.09727271876412959,0.8210267103254348,0.5892241027261531,0.001078447337526222,0.8621113275876104,0.2820867034992834
5ee7fbc114d0a60f9b076fb6,33,black_high,black,0.09727271876412959,0.8210267103254348,0.5892241027261531,0.0007162327990550084,0.8621113275876104,0.2821369618336447
5ee7fbc114d0a60f9b076fb6,34,white_high,white,0.09727271876412959,0.780377869628426,0.5892241027261531,0.0007162327990550084,0.8587672392228699,0.2821369618336447
5ee7fbc114d0a60f9b076fb6,35,black_high,black,0.09727271876412959,0.780377869628426,0.6936033749280159,0.0007162327990550084,0.8587672392228699,0.29684353510192807
5ee7fbc114d0a60f9b076fb6,36,black_high,black,0.09727271876412959,0.820554958704349,0.6936033749280159,0.0007162327990550084,0.8620729020203808,0.29684353510192807
5ee7fbc114d0a60f9b076fb6,37,white_high,black,0.09727271876412959,0.8136512327445178,0.6936033749280159,0.0007162327990550084,0.8615095435458942,0.29684353510192807
5ee7fbc114d0a60f9b076fb6,38,black_high,black,0.09727271876412959,0.8136512327445178,0.6936033749280159,0.0004756740589845435,0.8615095435458942,0.296877936759361
5ee7fbc114d0a60f9b076fb6,39,white_high,white,0.09727271876412959,0.7418929002144607,0.6936033749280159,0.0004756740589845435,0.8555389789492225,0.296877936759361
5ee7fbc114d0a60f9b076fb6,40,black_high,black,0.09727271876412959,0.7418929002144607,0.6957517882233158,0.0004756740589845435,0.8555389789492225,0.2971852776762921
5ee7fbc114d0a60f9b076fb6,41,black_high,white,0.09727271876412959,0.7614091395321809,0.6957517882233158,0.0004756740589845435,0.8571836710444513,0.2971852776762921
5ee7fbc114d0a60f9b076fb6,42,black_high,black,0.06460205260642055,0.7614091395321809,0.6957517882233158,0.0004756740589845435,0.8599019719752551,0.2971852776762921
5ee7fbc114d0a60f9b076fb6,43,white_high,white,0.06460205260642055,0.807957193214458,0.6957517882233158,0.0004756740589845435,0.8636999632924965,0.2971852776762921
5ee7fbc114d0a60f9b076fb6,44,white_high,black,0.06460205260642055,0.807957193214458,0.6971786210546244,0.0004756740589845435,0.8636999632924965,0.2973894944588913
5ee7fbc114d0a60f9b076fb6,45,white_high,black,0.06460205260642055,0.807957193214458,0.6971786210546244,0.0003159109868877329,0.8636999632924965,0.2974123657358373
5ee7fbc114d0a60f9b076fb6,46,black_high,black,0.06460205260642055,0.807957193214458,0.6971786210546244,0.0002098070091302251,0.8636999632924965,0.29742755587321246
5ee7fbc114d0a60f9b076fb6,47,black_high,black,0.06460205260642055,0.6709379607360861,0.6971786210546244,0.0002098070091302251,0.852266936822288,0.29742755587321246
602e48dbf732e9962e27fdbd,0,black_high,black,0.5,0.5,0.5,0.5,0.6611008440937469,0.3388991559062531
602e48dbf732e9962e27fdbd,1,black_high,black,0.5,0.5542667861350539,0.5,0.5,0.667795186906212,0.3388991559062531
602e48dbf732e9962e27fdbd,2,black_high,black,0.5,0.6876183037659387,0.5,0.5,0.6839563507036872,0.3388991559062531
602e48dbf732e9962e27fdbd,3,white_high,black,0.5,0.7486042385162226,0.5,0.5,0.6912047234632978,0.3388991559062531
602e48dbf732e9962e27fdbd,4,black_high,black,0.5,0.7486042385162226,0.5,0.22866606932473088,0.6912047234632978,0.3733027896829343
602e48dbf732e9962e27fdbd,5,white_high,white,0.5,0.6679614942129988,0.5,0.22866606932473088,0.6816006624964615,0.3733027896829343
602e48dbf732e9962e27fdbd,6,black_high,black,0.5,0.6679614942129988,0.4457332138649462,0.22866606932473088,0.6816006624964615,0.3663054104567324
602e48dbf732e9962e27fdbd,7,black_high,black,0.5,0.7396145477643514,0.4457332138649462,0.22866606932473088,0.6901420538354437,0.3663054104567324
602e48dbf732e9962e27fdbd,8,white_high,black,0.5,0.718117005850702,0.4457332138649462,0.22866606932473088,0.6875926890679884,0.3663054104567324
602e48dbf732e9962e27fdbd,9,black_high,black,0.5,0.718117005850702,0.4457332138649462,0.10457634252084526,0.6875926890679884,0.38238429121698214
602e48dbf732e9962e27fdbd,10,black_high,white,0.5,0.7082854890316264,0.4457332138649462,0.10457634252084526,0.6864229765578346,0.38238429121698214
602e48dbf732e9962e27fdbd,11,white_high,white,0.22866606932473088,0.7082854890316264,0.4457332138649462,0.10457634252084526,0.7178008548004132,0.38238429121698214
602e48dbf732e9962e27fdbd,12,white_high,white,0.22866606932473088,0.7082854890316264,0.47518205463922286,0.10457634252084526,0.7178008548004132,0.38623973065456946
602e48dbf732e9962e27fdbd,13,white_high,black,0.22866606932473088,0.7082854890316264,0.3258495975661089,0.10457634252084526,0.7178008548004132,0.3668457948448834
602e48dbf732e9962e27fdbd,14,white_high,white,0.22866606932473088,0.7082854890316264,0.3258495975661089,0.04782612237719681,0.7178008548004132,0.3741691181591393
602e48dbf732e9962e27fdbd,15,black_high,black,0.22866606932473088,0.7082854890316264,0.5831557824134057,0.04782612237719681,0.7178008548004132,0.40805693454063774
602e48dbf732e9962e27fdbd,16,black_high,black,0.22866606932473088,0.7037892204185903,0.5831557824134057,0.04782612237719681,0.7172966454392671,0.40805693454063774
602e48dbf732e9962e27fdbd,17,white_high,black,0.22866606932473088,0.701732932277848,0.5831557824134057,0.04782612237719681,0.7170658724902388,0.40805693454063774
602e48dbf732e9962e27fdbd,18,black_high,black,0.22866606932473088,0.701732932277848,0.5831557824134057,0.021872422830074296,0.7170658724902388,0.4115301371644106
602e48dbf732e9962e27fdbd,19,black_high,black,0.22866606932473088,0.8093260978948706,0.5831557824134057,0.021872422830074296,0.7289862543747293,0.4115301371644106
602e48dbf732e9962e27fdbd,20,white_high,black,0.22866606932473088,0.8585319104305693,0.5831557824134057,0.021872422830074296,0.7343314685034954,0.4115301371644106
602e48dbf732e9962e27fdbd,21,black_high,black,0.22866606932473088,0.8585319104305693,0.5831557824134057,0.010002961910323191,0.7343314685034954,0.41312150853758267
602e48dbf732e9962e27fdbd,22,white_high,black,0.22866606932473088,0.826768523776451,0.5831557824134057,0.010002961910323191,0.7308887308977987,0.41312150853758267
602e48dbf732e9962e27fdbd,23,black_high,black,0.22866606932473088,0.826768523776451,0.5831557824134057,0.004574675963277211,0.7308887308977987,0.4138499011959979
602e48dbf732e9962e27fdbd,24,black_high,black,0.22866606932473088,0.7037085339570657,0.5831557824134057,0.004574675963277211,0.717287592315135,0.4138499011959979
602e48dbf732e9962e27fdbd,25,white_high,white,0.22866606932473088,0.701696031765839,0.5831557824134057,0.004574675963277211,0.7170617301808219,0.4138499011959979
602e48dbf732e9962e27fdbd,26,white_high,white,0.22866606932473088,0.701696031765839,0.7008301702173536,0.004574675963277211,0.7170617301808219,0.4297275477772641
602e48dbf732e9962e27fdbd,27,black_high,white,0.22866606932473088,0.701696031765839,0.6461128773858916,0.004574675963277211,0.7170617301808219,0.4223245446661955
602e48dbf732e9962e27fdbd,28,white_high,black,0.10457634252084526,0.701696031765839,0.6461128773858916,0.004574675963277211,0.7307817635392281,0.4223245446661955
602e48dbf732e9962e27fdbd,29,white_high,black,0.10457634252084526,0.701696031765839,0.6461128773858916,0.0020921463419138536,0.7307817635392281,0.42265969123578334
602e48dbf732e9962e27fdbd,30,white_high,black,0.10457634252084526,0.701696031765839,0.6461128773858916,0.0009568057609151107,0.7307817635392281,0.42281298828296004
602e48dbf732e9962e27fdbd,31,black_high,white,0.10457634252084526,0.701696031765839,0.6461128773858916,0.00043757802491143315,0.7307817635392281,0.422883100905353
602e48dbf732e9962e27fdbd,32,white_high,black,0.04782612237719681,0.701696031765839,0.6461128773858916,0.00043757802491143315,0.7369144721867632,0.422883100905353
602e48dbf732e9962e27fdbd,33,black_high,black,0.04782612237719681,0.701696031765839,0.6461128773858916,0.00020011849395875318,0.7369144721867632,0.4229151666963631
602e48dbf732e9962e27fdbd,34,white_high,black,0.04782612237719681,0.7007756498346885,0.6461128773858916,0.00020011849395875318,0.7368157309984231,0.4229151666963631
602e48dbf732e9962e27fdbd,35,white_high,white,0.04782612237719681,0.7007756498346885,0.6461128773858916,9.152061882546599e-05,0.7368157309984231,0.42292983162960945
602e48dbf732e9962e27fdbd,36,white_high,black,0.04782612237719681,0.7007756498346885,0.7296224731042779,9.152061882546599e-05,0.7368157309984231,0.4342452067199807
602e48dbf732e9962e27fdbd,37,white_high,white,0.04782612237719681,0.7007756498346885,0.7296224731042779,4.185532033797255e-05,0.7368157309984231,0.43425195791946314
602e48dbf732e9962e27fdbd,38,black_high,white,0.04782612237719681,0.7007756498346885,0.6050137367067578,4.185532033797255e-05,0.7368157309984231,0.41739645555411825
602e48dbf732e9962e27fdbd,39,white_high,white,0.021872422830074296,0.7007756498346885,0.6050137367067578,4.185532033797255e-05,0.7395909679168668,0.41739645555411825
602e48dbf732e9962e27fdbd,40,black_high,black,0.021872422830074296,0.7007756498346885,0.6022929429307269,4.185532033797255e-05,0.7395909679168668,0.417030416646583
602e48dbf732e9962e27fdbd,41,black_high,white,0.021872422830074296,0.754621515732795,0.6022929429307269,4.185532033797255e-05,0.7452879242250917,0.417030416646583
602e48dbf732e9962e27fdbd,42,black_high,black,0.010002961910323191,0.754621515732795,0.6022929429307269,4.185532033797255e-05,0.746532633256041,0.417030416646583
602e48dbf732e9962e27fdbd,43,white_high,black,0.010002961910323191,0.7249801746063543,0.6022929429307269,4.185532033797255e-05,0.7434167419559664,0.417030416646583
602e48dbf732e9962e27fdbd,44,white_high,black,0.010002961910323191,0.7249801746063543,0.6022929429307269,1.91417831640233e-05,0.7434167419559664,0.4170334720086554
602e48dbf732e9962e27fdbd,45,black_high,white,0.010002961910323191,0.7249801746063543,0.6022929429307269,8.754152631967037e-06,0.7434167419559664,0.4170348693260497
602e48dbf732e9962e27fdbd,46,black_high,white,0.004574675963277211,0.7249801746063543,0.6022929429307269,8.754152631967037e-06,0.7439892340283757,0.4170348693260497
60a59d92b7363e85a2945dde,0,black_high,black,0.5,0.5,0.5,0.5,0.6889781469832721,0.31102185301672797
60a59d92b7363e85a2945dde,1,white_high,black,0.5,0.6158312652467901,0.5,0.5,0.7110772268403626,0.31102185301672797
60a59d92b7363e85a2945dde,2,white_high,black,0.5,0.6158312652467901,0.5,0.3069478912553498,0.7110772268403626,0.34980700283837957
60a59d92b7363e85a2945dde,3,white_high,black,0.5,0.6158312652467901,0.5,0.18843401589221215,0.7110772268403626,0.37468396047377156
60a59d92b7363e85a2945dde,4,black_high,white,0.5,0.6158312652467901,0.5,0.1156788476377832,0.7110772268403626,0.3903004414421839
60a59d92b7363e85a2945dde,5,white_high,black,0.3069478912553498,0.6158312652467901,0.5,0.1156788476377832,0.7457515059345685,0.3903004414421839
60a59d92b7363e85a2945dde,6,black_high,black,0.3069478912553498,0.6158312652467901,0.5,0.07101475669053292,0.7457515059345685,0.4000022391572756
60a59d92b7363e85a2945dde,7,black_high,white,0.3069478912553498,0.6097187469668126,0.5,0.07101475669053292,0.7446967175888434,0.4000022391572756
60a59d92b7363e85a2945dde,8,black_high,black,0.18843401589221215,0.6097187469668126,0.5,0.07101475669053292,0.764630885477622,0.4000022391572756
60a59d92b7363e85a2945dde,9,black_high,black,0.18843401589221215,0.5287454542763549,0.5,0.07101475669053292,0.7511292894430781,0.4000022391572756
60a59d92b7363e85a2945dde,10,white_high,white,0.18843401589221215,0.6334779783933986,0.5,0.07101475669053292,0.7684949346487335,0.4000022391572756
60a59d92b7363e85a2945dde,11,white_high,white,0.18843401589221215,0.6334779783933986,0.5772208434978601,0.07101475669053292,0.7684949346487335,0.4169583495426397
60a59d92b7363e85a2945dde,12,black_high,black,0.18843401589221215,0.6334779783933986,0.6246263936431151,0.07101475669053292,0.7684949346487335,0.42746855191021593
60a59d92b7363e85a2945dde,13,black_high,white,0.18843401589221215,0.5433311462448317,0.6246263936431151,0.07101475669053292,0.7535991144977238,0.42746855191021593
60a59d92b7363e85a2945dde,14,black_high,black,0.1156788476377832,0.5433311462448317,0.6246263936431151,0.07101475669053292,0.7656708282954426,0.42746855191021593
60a59d92b7363e85a2945dde,15,black_high,white,0.1156788476377832,0.6038216514289165,0.6246263936431151,0.07101475669053292,0.7753904833943535,0.42746855191021593
60a59d92b7363e85a2945dde,16,black_high,black,0.07101475669053292,0.6038216514289165,0.6246263936431151,0.07101475669053292,0.7823811801000248,0.42746855191021593
60a59d92b7363e85a2945dde,17,white_high,white,0.07101475669053292,0.6795669391922979,0.6246263936431151,0.07101475669053292,0.7938743833692761,0.42746855191021593
60a59d92b7363e85a2945dde,18,white_high,white,0.07101475669053292,0.6795669391922979,0.4220659304513065,0.07101475669053292,0.7938743833692761,0.3831291617150287
60a59d92b7363e85a2945dde,19,white_high,black,0.07101475669053292,0.6795669391922979,0.6065982903858816,0.07101475669053292,0.7938743833692761,0.4234633129416973
60a59d92b7363e85a2945dde,20,black_high,black,0.07101475669053292,0.6795669391922979,0.6065982903858816,0.04359565962834165,0.7938743833692761,0.4295587227457237
60a59d92b7363e85a2945dde,21,white_high,black,0.07101475669053292,0.7646770736442271,0.6065982903858816,0.04359565962834165,0.806245012924201,0.4295587227457237
60a59d92b7363e85a2945dde,22,black_high,black,0.07101475669053292,0.7646770736442271,0.6065982903858816,0.026763191581610918,0.806245012924201,0.4333114023144369
60a59d92b7363e85a2945dde,23,black_high,black,0.07101475669053292,0.6238737174885349,0.6065982903858816,0.026763191581610918,0.7854681553302084,0.4333114023144369
60a59d92b7363e85a2945dde,24,white_high,white,0.07101475669053292,0.7304872397258536,0.6065982903858816,0.026763191581610918,0.8013445771329887,0.4333114023144369
60a59d92b7363e85a2945dde,25,white_high,black,0.07101475669053292,0.7304872397258536,0.6812715061375337,0.026763191581610918,0.8013445771329887,0.4500458943040269
60a59d92b7363e85a2945dde,26,white_high,black,0.07101475669053292,0.7304872397258536,0.6812715061375337,0.016429810438476807,0.8013445771329887,0.4523714498424888
60a59d92b7363e85a2945dde,27,white_high,black,0.07101475669053292,0.7304872397258536,0.6812715061375337,0.01008619133563118,0.8013445771329887,0.4538001360406512
60a59d92b7363e85a2945dde,28,black_high,white,0.07101475669053292,0.7304872397258536,0.6812715061375337,0.006191870322539943,0.8013445771329887,0.45467757908573625
60a59d92b7363e85a2945dde,29,black_high,black,0.04359565962834165,0.7304872397258536,0.6812715061375337,0.006191870322539943,0.8052819068525323,0.45467757908573625
60a59d92b7363e85a2945dde,30,black_high,white,0.04359565962834165,0.6801055661391642,0.6812715061375337,0.006191870322539943,0.798001358244985,0.45467757908573625
60a59d92b7363e85a2945dde,31,black_high,black,0.026763191581610918,0.6801055661391642,0.6812715061375337,0.006191870322539943,0.800456159983186,0.45467757908573625
60a59d92b7363e85a2945dde,32,white_high,black,0.026763191581610918,0.6877868909573948,0.6812715061375337,0.006191870322539943,0.8015689177785175,0.45467757908573625
60a59d92b7363e85a2945dde,33,white_high,white,0.026763191581610918,0.6877868909573948,0.6812715061375337,0.003801163076860437,0.8015689177785175,0.4552163774897087
60a59d92b7363e85a2945dde,34,white_high,black,0.026763191581610918,0.6877868909573948,0.4954505478604043,0.003801163076860437,0.8015689177785175,0.4137456326713635
60a59d92b7363e85a2945dde,35,black_high,black,0.026763191581610918,0.6877868909573948,0.4954505478604043,0.002333517981520017,0.8015689177785175,0.41406921953087705
60a59d92b7363e85a2945dde,36,black_high,black,0.026763191581610918,0.6925024238674014,0.4954505478604043,0.002333517981520017,0.8022497187220283,0.41406921953087705
60a59d92b7363e85a2945dde,37,black_high,black,0.026763191581610918,0.7340076913820749,0.4954505478604043,0.002333517981520017,0.8081660940429339,0.41406921953087705
60a59d92b7363e85a2945dde,38,white_high,black,0.026763191581610918,0.6822667565634513,0.4954505478604043,0.002333517981520017,0.8007697144206146,0.41406921953087705
60a59d92b7363e85a2945dde,39,white_high,white,0.026763191581610918,0.6822667565634513,0.4954505478604043,0.0014325368472680193,0.8007697144206146,0.4142679049079375
60a59d92b7363e85a2945dde,40,black_high,black,0.026763191581610918,0.6822667565634513,0.4585966887698379,0.0014325368472680193,0.8007697144206146,0.406164307356596
60a59d92b7363e85a2945dde,41,white_high,black,0.026763191581610918,0.6505032148951372,0.4585966887698379,0.0014325368472680193,0.7961240344042948,0.406164307356596
60fcd2ade28cc412d542108c,0,white_high,black,0.5,0.5,0.5,0.5,0.5433548603347135,0.45664513966528647
60fcd2ade28cc412d542108c,1,black_high,black,0.5,0.5,0.5,0.41663435619946826,0.5433548603347135,0.4673723134850671
60fcd2ade28cc412d542108c,2,white_high,black,0.5,0.5666925150404254,0.5,0.41663435619946826,0.5519082199231807,0.4673723134850671
60fcd2ade28cc412d542108c,3,white_high,black,0.5,0.5666925150404254,0.5,0.34716837353149077,0.5519082199231807,0.4763344569301095
60fcd2ade28cc412d542108c,4,black_high,white,0.5,0.5666925150404254,0.5,0.2892845435982183,0.5519082199231807,0.4838142362622862
60fcd2ade28cc412d542108c,5,black_high,black,0.41663435619946826,0.5666925150404254,0.5,0.2892845435982183,0.5625563110256455,0.4838142362622862
60fcd2ade28cc412d542108c,6,black_high,white,0.41663435619946826,0.6055921724147011,0.5,0.2892845435982183,0.5675058235948759,0.4838142362622862
60fcd2ade28cc412d542108c,7,black_high,white,0.34716837353149077,0.6055921724147011,0.5,0.2892845435982183,0.5763104907689828,0.4838142362622862
60fcd2ade28cc412d542108c,8,white_high,black,0.2892845435982183,0.6055921724147011,0.5,0.2892845435982183,0.583610560292549,0.4838142362622862
60fcd2ade28cc412d542108c,9,white_high,black,0.2892845435982183,0.6055921724147011,0.5,0.24105175916100138,0.583610560292549,0.49005258910239147
60fcd2ade28cc412d542108c,10,black_high,white,0.2892845435982183,0.6055921724147011,0.5,0.20086088897758617,0.583610560292549,0.4952532634579182
60fcd2ade28cc412d542108c,11,white_high,black,0.24105175916100138,0.6055921724147011,0.5,0.20086088897758617,0.5896657370348551,0.4952532634579182
60fcd2ade28cc412d542108c,12,black_high,black,0.24105175916100138,0.6055921724147011,0.5,0.16737109432965896,0.5896657370348551,0.499587655182621
60fcd2ade28cc412d542108c,13,black_high,white,0.24105175916100138,0.6380060398277235,0.5,0.16737109432965896,0.5937199009865343,0.499587655182621
60fcd2ade28cc412d542108c,14,white_high,black,0.20086088897758617,0.6380060398277235,0.5,0.16737109432965896,0.5987290366521656,0.499587655182621
60fcd2ade28cc412d542108c,15,white_high,black,0.20086088897758617,0.6380060398277235,0.5,0.13946509626487585,0.5987290366521656,0.5031994431855871
60fcd2ade28cc412d542108c,16,white_high,black,0.20086088897758617,0.6380060398277235,0.5,0.11621190118922683,0.5987290366521656,0.5062087941047705
60fcd2ade28cc412d542108c,17,black_high,white,0.20086088897758617,0.6380060398277235,0.5,0.09683574126937948,0.5987290366521656,0.5087160577423524
60fcd2ade28cc412d542108c,18,white_high,white,0.16737109432965896,0.6380060398277235,0.5,0.09683574126937948,0.6028873464728031,0.5087160577423524
60fcd2ade28cc412d542108c,19,white_high,black,0.16737109432965896,0.6380060398277235,0.5666925150404254,0.09683574126937948,0.6028873464728031,0.5173418947431344
60fcd2ade28cc412d542108c,20,black_high,white,0.16737109432965896,0.6380060398277235,0.5666925150404254,0.0806901934417324,0.6028873464728031,0.5194287604647511
60fcd2ade28cc412d542108c,21,white_high,black,0.13946509626487585,0.6380060398277235,0.5666925150404254,0.0806901934417324,0.6063410478185778,0.5194287604647511
60fcd2ade28cc412d542108c,22,black_high,white,0.13946509626487585,0.6380060398277235,0.5666925150404254,0.06723661359241347,0.6063410478185778,0.5211671658256997
60fcd2ade28cc412d542108c,23,black_high,white,0.11621190118922683,0.6380060398277235,0.5666925150404254,0.06723661359241347,0.6092108292476657,0.5211671658256997
60fcd2ade28cc412d542108c,24,white_high,white,0.09683574126937948,0.6380060398277235,0.5666925150404254,0.06723661359241347,0.611596379837927,0.5211671658256997
60fcd2ade28cc412d542108c,25,white_high,white,0.09683574126937948,0.6380060398277235,0.6055921724147011,0.06723661359241347,0.611596379837927,0.5261905561624596
60fcd2ade28cc412d542108c,26,black_high,white,0.09683574126937948,0.6380060398277235,0.5879866535474044,0.06723661359241347,0.611596379837927,0.5239176253589748
60fcd2ade28cc412d542108c,27,white_high,black,0.0806901934417324,0.6380060398277235,0.5879866535474044,0.06723661359241347,0.6135801139163172,0.5239176253589748
60fcd2ade28cc412d542108c,28,black_high,black,0.0806901934417324,0.6380060398277235,0.5879866535474044,0.0560261664342152,0.6135801139163172,0.525365051769084
60fcd2ade28cc412d542108c,29,black_high,black,0.0806901934417324,0.6316692438706298,0.5879866535474044,0.0560261664342152,0.6128019844212923,0.525365051769084
60fcd2ade28cc412d542108c,30,black_high,white,0.0806901934417324,0.5596964750223022,0.5879866535474044,0.0560261664342152,0.6039244934948819,0.525365051769084
60fcd2ade28cc412d542108c,31,white_high,white,0.06723661359241347,0.5596964750223022,0.5879866535474044,0.0560261664342152,0.6055893332299688,0.525365051769084
60fcd2ade28cc412d542108c,32,black_high,black,0.06723661359241347,0.5596964750223022,0.5399702679895243,0.0560261664342152,0.6055893332299688,0.519162764856125
60fcd2ade28cc412d542108c,33,white_high,white,0.06723661359241347,0.6164357199170145,0.5399702679895243,0.0560261664342152,0.6125833116493036,0.519162764856125
60fcd2ade28cc412d542108c,34,white_high,white,0.06723661359241347,0.6164357199170145,0.5833253600221904,0.0560261664342152,0.6125833116493036,0.5247632635763158
60fcd2ade28cc412d542108c,35,black_high,black,0.06723661359241347,0.6164357199170145,0.6194518017361874,0.0560261664342152,0.6125833116493036,0.5294252908531883
60fcd2ade28cc412d542108c,36,black_high,black,0.06723661359241347,0.5303297273720685,0.6194518017361874,0.0560261664342152,0.6019521763422626,0.5294252908531883
60fcd2ade28cc412d542108c,37,black_high,black,0.06723661359241347,0.5919653279151598,0.6194518017361874,0.0560261664342152,0.609572466581257,0.5294252908531883
60fcd2ade28cc412d542108c,38,white_high,black,0.06723661359241347,0.5933049591373175,0.6194518017361874,0.0560261664342152,0.6097375137069077,0.5294252908531883
60fcd2ade28cc412d542108c,39,black_high,black,0.06723661359241347,0.5933049591373175,0.6194518017361874,0.04668485156528701,0.6097375137069077,0.5306299621931598
60fcd2ade28cc412d542108c,40,black_high,white,0.06723661359241347,0.627767489441107,0.6194518017361874,0.04668485156528701,0.6139746833603091,0.5306299621931598
60fcd2ade28cc412d542108c,41,white_high,white,0.0560261664342152,0.627767489441107,0.6194518017361874,0.04668485156528701,0.6153493289053666,0.5306299621931598
612376826a580ca0368bb19f,0,black_high,white,0.5,0.5,0.5,0.5,0.44316933812797077,0.5568306618720291
612376826a580ca0368bb19f,1,black_high,white,0.38190442982714023,0.5,0.5,0.5,0.4745263599170667,0.5568306618720291
612376826a580ca0368bb19f,2,white_high,black,0.2917019870431862,0.5,0.5,0.5,0.4986265886476042,0.5568306618720291
612376826a580ca0368bb19f,3,white_high,black,0.2917019870431862,0.5,0.5,0.38190442982714023,0.4986265886476042,0.5877412449270695
612376826a580ca0368bb19f,4,white_high,black,0.2917019870431862,0.5,0.5,0.2917019870431862,0.4986265886476042,0.6109066299220786
612376826a580ca0368bb19f,5,white_high,black,0.2917019870431862,0.5,0.5,0.22280456208234373,0.4986265886476042,0.628275107730741
612376826a580ca0368bb19f,6,white_high,black,0.2917019870431862,0.5,0.5,0.1701800984898863,0.4986265886476042,0.6413242215085383
612376826a580ca0368bb19f,7,white_high,white,0.2917019870431862,0.5,0.5,0.1299850669634132,0.4986265886476042,0.6511533495269421
612376826a580ca0368bb19f,8,white_high,black,0.2917019870431862,0.5,0.4055235438617122,0.1299850669634132,0.4986265886476042,0.6278610672263579
612376826a580ca0368bb19f,9,black_high,white,0.2917019870431862,0.5,0.4055235438617122,0.0992837457694099,0.4986265886476042,0.6355016666946096
612376826a580ca0368bb19f,10,white_high,white,0.22280456208234373,0.5,0.4055235438617122,0.0992837457694099,0.5170448041947335,0.6355016666946096
612376826a580ca0368bb19f,11,white_high,white,0.22280456208234373,0.5,0.4514571598074087,0.0992837457694099,0.5170448041947335,0.6468057304005304
612376826a580ca0368bb19f,12,white_high,white,0.22280456208234373,0.5,0.5337798906918327,0.0992837457694099,0.5170448041947335,0.6666535252459269
612376826a580ca0368bb19f,13,white_high,white,0.22280456208234373,0.5,0.6202778359268628,0.0992837457694099,0.5170448041947335,0.6868889161459707
612376826a580ca0368bb19f,14,white_high,white,0.22280456208234373,0.5,0.6154883907355537,0.0992837457694099,0.5170448041947335,0.6857859920252777
612376826a580ca0368bb19f,15,black_high,white,0.22280456208234373,0.5,0.6118301700656033,0.0992837457694099,0.5170448041947335,0.6849421527186683
612376826a580ca0368bb19f,16,white_high,white,0.1701800984898863,0.5,0.6118301700656033,0.0992837457694099,0.5310843174377416,0.6849421527186683
612376826a580ca0368bb19f,17,white_high,white,0.1701800984898863,0.5,0.6562742167764686,0.0992837457694099,0.5310843174377416,0.6951101469853999
612376826a580ca0368bb19f,18,white_high,white,0.1701800984898863,0.5,0.6902209734131162,0.0992837457694099,0.5310843174377416,0.7027509989551808
612376826a580ca0368bb19f,19,white_high,white,0.1701800984898863,0.5,0.6452924647849995,0.0992837457694099,0.5310843174377416,0.6926148619327192
612376826a580ca0368bb19f,20,black_high,white,0.1701800984898863,0.5,0.6818330139475061,0.0992837457694099,0.5310843174377416,0.7008732978272262
612376826a580ca0368bb19f,21,black_high,white,0.1299850669634132,0.5,0.6818330139475061,0.0992837457694099,0.5417759529638096,0.7008732978272262
612376826a580ca0368bb19f,22,black_high,white,0.0992837457694099,0.5,0.6818330139475061,0.0992837457694099,0.5499170074300916,0.7008732978272262
612376826a580ca0368bb19f,23,white_high,black,0.07583380463833847,0.5,0.6818330139475061,0.0992837457694099,0.5561174931829295,0.7008732978272262
612376826a580ca0368bb19f,24,white_high,white,0.07583380463833847,0.5,0.6818330139475061,0.07583380463833847,0.5561174931829295,0.7061055827246978
612376826a580ca0368bb19f,25,black_high,black,0.07583380463833847,0.5,0.6388856670307455,0.07583380463833847,0.5561174931829295,0.6964825407768568
612376826a580ca0368bb19f,26,white_high,black,0.07583380463833847,0.47638088596542805,0.6388856670307455,0.07583380463833847,0.5498722170364004,0.6964825407768568
612376826a580ca0368bb19f,27,black_high,white,0.07583380463833847,0.47638088596542805,0.6388856670307455,0.057922531844054784,0.5498722170364004,0.7005174677679373
612376826a580ca0368bb19f,28,black_high,white,0.057922531844054784,0.47638088596542805,0.6388856670307455,0.057922531844054784,0.5546097952052577,0.7005174677679373
612376826a580ca0368bb19f,29,black_high,black,0.04424174299609623,0.47638088596542805,0.6388856670307455,0.057922531844054784,0.5582217728581039,0.7005174677679373
612376826a580ca0368bb19f,30,black_high,white,0.04424174299609623,0.5528168535469251,0.6388856670307455,0.057922531844054784,0.57827877545029,0.7005174677679373
612376826a580ca0368bb19f,31,white_high,black,0.03379223526696601,0.5528168535469251,0.6388856670307455,0.057922531844054784,0.5810023206768972,0.7005174677679373
612376826a580ca0368bb19f,32,black_high,white,0.03379223526696601,0.5528168535469251,0.6388856670307455,0.04424174299609623,0.5810023206768972,0.7035785975166805
612376826a580ca0368bb19f,33,black_high,black,0.025810808684430465,0.5528168535469251,0.6388856670307455,0.04424174299609623,0.5830792777935072,0.7035785975166805
612376826a580ca0368bb19f,34,black_high,black,0.025810808684430465,0.5167228666436321,0.6388856670307455,0.04424174299609623,0.5736643382926808,0.7035785975166805
612376826a580ca0368bb19f,35,black_high,black,0.025810808684430465,0.4182966175629354,0.6388856670307455,0.04424174299609623,0.5477369818648612,0.7035785975166805
612376826a580ca0368bb19f,36,white_high,black,0.025810808684430465,0.508451574734564,0.6388856670307455,0.04424174299609623,0.5714990108562987,0.7035785975166805
612376826a580ca0368bb19f,37,white_high,white,0.025810808684430465,0.508451574734564,0.6388856670307455,0.03379223526696601,0.5714990108562987,0.7059044745914966
612376826a580ca0368bb19f,38,white_high,white,0.025810808684430465,0.508451574734564,0.6533203310262217,0.03379223526696601,0.5714990108562987,0.709099793902042
612376826a580ca0368bb19f,39,black_high,white,0.025810808684430465,0.508451574734564,0.687964769306671,0.03379223526696601,0.5714990108562987,0.7166845846715122
612376826a580ca0368bb19f,40,black_high,black,0.019714524348009632,0.508451574734564,0.687964769306671,0.03379223526696601,0.5730952168723078,0.7166845846715122
612376826a580ca0368bb19f,41,black_high,black,0.019714524348009632,0.6009318437985781,0.687964769306671,0.03379223526696601,0.5971049188598302,0.7166845846715122
612376826a580ca0368bb19f,42,black_high,black,0.019714524348009632,0.529854408445452,0.687964769306671,0.03379223526696601,0.578686923388222,0.7166845846715122
612376826a580ca0368bb19f,43,black_high,black,0.019714524348009632,0.5700412897395177,0.687964769306671,0.03379223526696601,0.5891307610261277,0.7166845846715122
612376826a580ca0368bb19f,44,black_high,black,0.019714524348009632,0.624355499748372,0.687964769306671,0.03379223526696601,0.6031177587613639,0.7166845846715122
612376826a580ca0368bb19f,45,black_high,black,0.019714524348009632,0.6658411745582581,0.687964769306671,0.03379223526696601,0.6136900368344075,0.7166845846715122
612376826a580ca0368bb19f,46,black_high,white,0.019714524348009632,0.6739091864922134,0.687964769306671,0.03379223526696601,0.6157340482111979,0.7166845846715122
615ab5adc70f6edcacba5860,0,black_high,black,0.5,0.5,0.5,0.5,0.18351003647872857,0.8164899635212715
615ab5adc70f6edcacba5860,1,black_high,white,0.5,0.7114972931221929,0.5,0.5,0.22572031155726793,0.8164899635212715
615ab5adc70f6edcacba5860,2,black_high,white,0.23562838359725885,0.7114972931221929,0.5,0.5,0.28751157892114176,0.8164899635212715
615ab5adc70f6edcacba5860,3,white_high,black,0.11104147031331393,0.7114972931221929,0.5,0.5,0.31988986048904366,0.8164899635212715
615ab5adc70f6edcacba5860,4,black_high,black,0.11104147031331393,0.7114972931221929,0.5,0.23562838359725885,0.31988986048904366,0.8603116962177269
615ab5adc70f6edcacba5860,5,black_high,white,0.11104147031331393,0.7582925004688006,0.5,0.23562838359725885,0.3325382534224979,0.8603116962177269
615ab5adc70f6edcacba5860,6,white_high,white,0.052329044324378335,0.7582925004688006,0.5,0.23562838359725885,0.3487541408875149,0.8603116962177269
615ab5adc70f6edcacba5860,7,black_high,white,0.052329044324378335,0.7582925004688006,0.39425135343890355,0.23562838359725885,0.3487541408875149,0.8439381539775203
615ab5adc70f6edcacba5860,8,white_high,white,0.024660416258685158,0.7582925004688006,0.39425135343890355,0.23562838359725885,0.3565219930437046,0.8439381539775203
615ab5adc70f6edcacba5860,9,white_high,black,0.024660416258685158,0.7582925004688006,0.34441658812532555,0.23562838359725885,0.3565219930437046,0.8356948037549656
615ab5adc70f6edcacba5860,10,white_high,white,0.024660416258685158,0.7582925004688006,0.34441658812532555,0.11104147031331393,0.3565219930437046,0.8556672715480496
615ab5adc70f6edcacba5860,11,white_high,white,0.024660416258685158,0.7582925004688006,0.37380594101029957,0.11104147031331393,0.3565219930437046,0.8600739954602374
615ab5adc70f6edcacba5860,12,black_high,black,0.024660416258685158,0.7582925004688006,0.22903290259916662,0.11104147031331393,0.3565219930437046,0.8372430417676165
615ab5adc70f6edcacba5860,13,black_high,white,0.024660416258685158,0.8332193818837084,0.22903290259916662,0.11104147031331393,0.37793002871199743,0.8372430417676165
615ab5adc70f6edcacba5860,14,white_high,white,0.01162138804373909,0.8332193818837084,0.22903290259916662,0.11104147031331393,0.3817073827346139,0.8372430417676165
615ab5adc70f6edcacba5860,15,black_high,white,0.01162138804373909,0.8332193818837084,0.37230492166280127,0.11104147031331393,0.3817073827346139,0.8598516852689526
615ab5adc70f6edcacba5860,16,white_high,white,0.005476657759805504,0.8332193818837084,0.37230492166280127,0.11104147031331393,0.38349248856215534,0.8598516852689526
615ab5adc70f6edcacba5860,17,black_high,black,0.005476657759805504,0.8332193818837084,0.2811998603545164,0.11104147031331393,0.38349248856215534,0.8457975409452606
615ab5adc70f6edcacba5860,18,white_high,white,0.005476657759805504,0.8156548585147165,0.2811998603545164,0.11104147031331393,0.3783983201094942,0.8457975409452606
615ab5adc70f6edcacba5860,19,white_high,white,0.005476657759805504,0.8156548585147165,0.44976327680950856,0.11104147031331393,0.3783983201094942,0.8709427779578013
615ab5adc70f6edcacba5860,20,white_high,white,0.005476657759805504,0.8156548585147165,0.42345128095425494,0.11104147031331393,0.3783983201094942,0.8672616392368818
615ab5adc70f6edcacba5860,21,black_high,white,0.005476657759805504,0.8156548585147165,0.3581772515685243,0.11104147031331393,0.3783983201094942,0.8577447797976483
615ab5adc70f6edcacba5860,22,black_high,white,0.0025809120309167113,0.8156548585147165,0.3581772515685243,0.11104147031331393,0.379236350259724,0.8577447797976483
615ab5adc70f6edcacba5860,23,black_high,black,0.0012162722601032465,0.8156548585147165,0.3581772515685243,0.11104147031331393,0.37963152790661886,0.8577447797976483
615ab5adc70f6edcacba5860,24,white_high,white,0.0012162722601032465,0.59588016489234,0.3581772515685243,0.11104147031331393,0.31834213274920514,0.8577447797976483
615ab5adc70f6edcacba5860,25,black_high,white,0.0012162722601032465,0.59588016489234,0.32741642349844496,0.11104147031331393,0.31834213274920514,0.8530659223615633
615ab5adc70f6edcacba5860,26,white_high,white,0.0005731765333246255,0.59588016489234,0.32741642349844496,0.11104147031331393,0.31851378470566,0.8530659223615633
615ab5adc70f6edcacba5860,27,black_high,white,0.0005731765333246255,0.59588016489234,0.5772917915086542,0.11104147031331393,0.31851378470566,0.8875704030546275
615ab5adc70f6edcacba5860,28,white_high,black,0.0002701133201263237,0.59588016489234,0.5772917915086542,0.11104147031331393,0.318594693939183,0.8875704030546275
615ab5adc70f6edcacba5860,29,white_high,white,0.0002701133201263237,0.59588016489234,0.5772917915086542,0.052329044324378335,0.318594693939183,0.8945767758467317
615ab5adc70f6edcacba5860,30,white_high,white,0.0002701133201263237,0.59588016489234,0.536424279797041,0.052329044324378335,0.318594693939183,0.8897418660302746
615ab5adc70f6edcacba5860,31,black_high,white,0.0002701133201263237,0.59588016489234,0.41141654178344567,0.052329044324378335,0.318594693939183,0.8737319957621252
615ab5adc70f6edcacba5860,32,white_high,white,0.00012729273001890916,0.59588016489234,0.41141654178344567,0.052329044324378335,0.31863282675642723,0.8737319957621252
615ab5adc70f6edcacba5860,33,white_high,white,0.00012729273001890916,0.59588016489234,0.6168774156956007,0.052329044324378335,0.31863282675642723,0.8990807295763262
615ab5adc70f6edcacba5860,34,black_high,white,0.00012729273001890916,0.59588016489234,0.6079535963593068,0.052329044324378335,0.31863282675642723,0.8980805552600638
615ab5adc70f6edcacba5860,35,white_high,white,5.9987560436075674e-05,0.59588016489234,0.6079535963593068,0.052329044324378335,0.31865079794691137,0.8980805552600638
615ab5adc70f6edcacba5860,36,black_high,black,5.9987560436075674e-05,0.59588016489234,0.5508738628273088,0.052329044324378335,0.31865079794691137,0.8914731617515651
615ab5adc70f6edcacba5860,37,white_high,white,5.9987560436075674e-05,0.5980584998257896,0.5508738628273088,0.052329044324378335,0.31923272746615755,0.8914731617515651
615ab5adc70f6edcacba5860,38,black_high,white,5.9987560436075674e-05,0.5980584998257896,0.5768489754112431,0.052329044324378335,0.31923272746615755,0.8945254045157514
615ab5adc70f6edcacba5860,39,black_high,white,2.8269543802990773e-05,0.5980584998257896,0.5768489754112431,0.052329044324378335,0.31924120491825764,0.8945254045157514
615ab5adc70f6edcacba5860,40,white_high,white,1.3322213822661243e-05,0.5980584998257896,0.5768489754112431,0.052329044324378335,0.3192452000163734,0.8945254045157514
6162fc52fa68079d28dc5be9,0,white_high,black,0.5,0.5,0.5,0.5,0.6336602878941756,0.3663397121058244
6162fc52fa68079d28dc5be9,1,white_high,white,0.5,0.5,0.5,0.28213014508690515,0.6336602878941756,0.41564003470598193
6162fc52fa68079d28dc5be9,2,black_high,white,0.5,0.5,0.630721912947857,0.28213014508690515,0.6336602878941756,0.4461237282987273
6162fc52fa68079d28dc5be9,3,white_high,white,0.28213014508690515,0.5,0.630721912947857,0.28213014508690515,0.680312051071222,0.4461237282987273
6162fc52fa68079d28dc5be9,4,white_high,black,0.28213014508690515,0.5,0.44303927158417644,0.28213014508690515,0.680312051071222,0.4025423845569543
6162fc52fa68079d28dc5be9,5,black_high,black,0.28213014508690515,0.5,0.44303927158417644,0.1591948375335163,0.680312051071222,0.4309594814830664
6162fc52fa68079d28dc5be9,6,black_high,white,0.28213014508690515,0.543573970982619,0.44303927158417644,0.1591948375335163,0.6892589476949411,0.4309594814830664
6162fc52fa68079d28dc5be9,7,white_high,black,0.1591948375335163,0.543573970982619,0.44303927158417644,0.1591948375335163,0.7137367754222967,0.4309594814830664
6162fc52fa68079d28dc5be9,8,black_high,black,0.1591948375335163,0.543573970982619,0.44303927158417644,0.08982732522083449,0.7137367754222967,0.44720999242935905
6162fc52fa68079d28dc5be9,9,black_high,white,0.1591948375335163,0.4374391195454398,0.44303927158417644,0.08982732522083449,0.6926715660317946,0.44720999242935905
6162fc52fa68079d28dc5be9,10,black_high,black,0.08982732522083449,0.4374391195454398,0.44303927158417644,0.08982732522083449,0.7065375378706508,0.44720999242935905
6162fc52fa68079d28dc5be9,11,black_high,white,0.08982732522083449,0.37755143747594283,0.44303927158417644,0.08982732522083449,0.6945879399237478,0.44720999242935905
6162fc52fa68079d28dc5be9,12,black_high,black,0.0506859925946453,0.37755143747594283,0.44303927158417644,0.08982732522083449,0.7024289210578248,0.44720999242935905
6162fc52fa68079d28dc5be9,13,white_high,white,0.0506859925946453,0.3873331675961906,0.44303927158417644,0.08982732522083449,0.7043702307611734,0.44720999242935905
6162fc52fa68079d28dc5be9,14,black_high,white,0.0506859925946453,0.3873331675961906,0.6421552067860516,0.08982732522083449,0.7043702307611734,0.4943662988102272
6162fc52fa68079d28dc5be9,15,black_high,black,0.028600092889202157,0.3873331675961906,0.6421552067860516,0.08982732522083449,0.7087262925106343,0.4943662988102272
6162fc52fa68079d28dc5be9,16,white_high,black,0.028600092889202157,0.3492786384896245,0.6421552067860516,0.08982732522083449,0.7011972660789821,0.4943662988102272
6162fc52fa68079d28dc5be9,17,black_high,white,0.028600092889202157,0.3492786384896245,0.6421552067860516,0.0506859925946453,0.7011972660789821,0.5036745449162223
6162fc52fa68079d28dc5be9,18,white_high,white,0.01613789671265914,0.3492786384896245,0.6421552067860516,0.0506859925946453,0.7036751793403071,0.5036745449162223
6162fc52fa68079d28dc5be9,19,white_high,black,0.01613789671265914,0.3492786384896245,0.7545084221612914,0.0506859925946453,0.7036751793403071,0.5303569518612503
6162fc52fa68079d28dc5be9,20,white_high,white,0.01613789671265914,0.3492786384896245,0.7545084221612914,0.028600092889202157,0.7036751793403071,0.535586508185323
6162fc52fa68079d28dc5be9,21,black_high,black,0.01613789671265914,0.3492786384896245,0.6436089961404089,0.028600092889202157,0.7036751793403071,0.5092717322975415
6162fc52fa68079d28dc5be9,22,white_high,white,0.01613789671265914,0.5456758337666207,0.6436089961404089,0.028600092889202157,0.741099012826054,0.5092717322975415
6162fc52fa68079d28dc5be9,23,white_high,black,0.01613789671265914,0.5456758337666207,0.7553287377642326,0.028600092889202157,0.741099012826054,0.5357806011518469
6162fc52fa68079d28dc5be9,24,black_high,white,0.01613789671265914,0.5456758337666207,0.7553287377642326,0.01613789671265914,0.741099012826054,0.5387278855257089
6162fc52fa68079d28dc5be9,25,white_high,white,0.009105974281880026,0.5456758337666207,0.7553287377642326,0.01613789671265914,0.7423804254217091,0.5387278855257089
6162fc52fa68079d28dc5be9,26,black_high,black,0.009105974281880026,0.5456758337666207,0.8183677515910345,0.01613789671265914,0.7423804254217091,0.5535908437823236
6162fc52fa68079d28dc5be9,27,black_high,black,0.009105974281880026,0.6564949721629411,0.8183677515910345,0.01613789671265914,0.762022037333319,0.5535908437823236
6162fc52fa68079d28dc5be9,28,white_high,black,0.009105974281880026,0.45758198545554657,0.8183677515910345,0.01613789671265914,0.7260307087930421,0.5535908437823236
6162fc52fa68079d28dc5be9,29,black_high,black,0.009105974281880026,0.45758198545554657,0.8183677515910345,0.009105974281880026,0.7260307087930421,0.5552433581189149
6162fc52fa68079d28dc5be9,30,white_high,white,0.009105974281880026,0.3889172568393119,0.8183677515910345,0.009105974281880026,0.712848137470574,0.5552433581189149
6162fc52fa68079d28dc5be9,31,white_high,black,0.009105974281880026,0.3889172568393119,0.8103641928425976,0.009105974281880026,0.712848137470574,0.5533624135061272
6162fc52fa68079d28dc5be9,32,white_high,black,0.009105974281880026,0.3889172568393119,0.8103641928425976,0.005138139690608877,0.712848137470574,0.5542951027207945
6162fc52fa68079d28dc5be9,33,white_high,black,0.009105974281880026,0.3889172568393119,0.8103641928425976,0.002899248192776537,0.712848137470574,0.5548212139410483
6162fc52fa68079d28dc5be9,34,white_high,white,0.009105974281880026,0.3889172568393119,0.8103641928425976,0.001635930626541984,0.712848137470574,0.5551180234715742
6162fc52fa68079d28dc5be9,35,white_high,black,0.009105974281880026,0.3889172568393119,0.5879782475476866,0.001635930626541984,0.712848137470574,0.5024553180014811
6162fc52fa68079d28dc5be9,36,black_high,black,0.009105974281880026,0.3889172568393119,0.5879782475476866,0.0009230906900368032,0.712848137470574,0.5026248404710196
6162fc52fa68079d28dc5be9,37,black_high,black,0.009105974281880026,0.2630245351803714,0.5879782475476866,0.0009230906900368032,0.6877236371564546,0.5026248404710196
6162fc52fa68079d28dc5be9,38,white_high,white,0.009105974281880026,0.3227101844741838,0.5879782475476866,0.0009230906900368032,0.6997853669674562,0.5026248404710196
6162fc52fa68079d28dc5be9,39,white_high,black,0.009105974281880026,0.3227101844741838,0.549642631490241,0.0009230906900368032,0.6997853669674562,0.493508293370678
6162fc52fa68079d28dc5be9,40,white_high,white,0.009105974281880026,0.3227101844741838,0.549642631490241,0.0005208634206169093,0.6997853669674562,0.4936039347497174
6162fc52fa68079d28dc5be9,41,black_high,black,0.009105974281880026,0.3227101844741838,0.6151593076149128,0.0005208634206169093,0.6997853669674562,0.5091836601210047
6162fc52fa68079d28dc5be9,42,white_high,black,0.009105974281880026,0.3128144552813037,0.6151593076149128,0.0005208634206169093,0.6978039982705319,0.5091836601210047
6162fc52fa68079d28dc5be9,43,black_high,black,0.009105974281880026,0.3128144552813037,0.6151593076149128,0.0002939025448582207,0.6978039982705319,0.5092376174021988
6162fc52fa68079d28dc5be9,44,black_high,black,0.009105974281880026,0.5686745141511615,0.6151593076149128,0.0002939025448582207,0.7465424113559685,0.5092376174021988
63039f41fa5c21d483996be2,0,white_high,black,0.5,0.5,0.5,0.5,0.6555467730630599,0.34445322693694025
63039f41fa5c21d483996be2,1,white_high,black,0.5,0.5,0.5,0.2819355727866941,0.6555467730630599,0.35197088124257736
63039f41fa5c21d483996be2,2,white_high,black,0.5,0.5,0.5,0.15897533440512257,0.6555467730630599,0.3562427292121649
63039f41fa5c21d483996be2,3,black_high,white,0.5,0.5,0.5,0.08964160392892893,0.6555467730630599,0.35866167875541105
63039f41fa5c21d483996be2,4,black_high,white,0.2819355727866941,0.5,0.5,0.08964160392892893,0.6629873642019268,0.35866167875541105
63039f41fa5c21d483996be2,5,white_high,black,0.15897533440512257,0.5,0.5,0.08964160392892893,0.6671478450758135,0.35866167875541105
63039f41fa5c21d483996be2,6,white_high,black,0.15897533440512257,0.5,0.5,0.050546313898441095,0.6671478450758135,0.36002884107795163
63039f41fa5c21d483996be2,7,black_high,black,0.15897533440512257,0.5,0.5,0.028501607922426054,0.6671478450758135,0.36080074860775574
63039f41fa5c21d483996be2,8,white_high,white,0.15897533440512257,0.3255484582293553,0.5,0.028501607922426054,0.6612375288926531,0.36080074860775574
63039f41fa5c21d483996be2,9,black_high,black,0.15897533440512257,0.3255484582293553,0.4563871145573388,0.028501607922426054,0.6612375288926531,0.35927431934082066
63039f41fa5c21d483996be2,10,black_high,black,0.15897533440512257,0.3580189238520816,0.4563871145573388,0.028501607922426054,0.6623414937567693,0.35927431934082066
63039f41fa5c21d483996be2,11,black_high,black,0.15897533440512257,0.5071667388280532,0.4563871145573388,0.028501607922426054,0.6673895447416741,0.35927431934082066
63039f41fa5c21d483996be2,12,white_high,black,0.15897533440512257,0.591266888118322,0.4563871145573388,0.028501607922426054,0.6702192326909989,0.35927431934082066
63039f41fa5c21d483996be2,13,white_high,black,0.15897533440512257,0.591266888118322,0.4563871145573388,0.016071234309901934,0.6702192326909989,0.3597090876159565
63039f41fa5c21d483996be2,14,white_high,white,0.15897533440512257,0.591266888118322,0.4563871145573388,0.009062105301102744,0.6702192326909989,0.359954342523775
63039f41fa5c21d483996be2,15,black_high,white,0.15897533440512257,0.591266888118322,0.5190208377663469,0.009062105301102744,0.6702192326909989,0.3621491803576298
63039f41fa5c21d483996be2,16,black_high,white,0.08964160392892893,0.591266888118322,0.5190208377663469,0.009062105301102744,0.672542851968405,0.3621491803576298
63039f41fa5c21d483996be2,17,black_high,black,0.050546313898441095,0.591266888118322,0.5190208377663469,0.009062105301102744,0.6738493624399646,0.3621491803576298
63039f41fa5c21d483996be2,18,white_high,black,0.050546313898441095,0.68230142108418,0.5190208377663469,0.009062105301102744,0.6768811417726222,0.3621491803576298
63039f41fa5c21d483996be2,19,black_high,black,0.050546313898441095,0.68230142108418,0.5190208377663469,0.005109859697439478,0.6768811417726222,0.36228787080598074
63039f41fa5c21d483996be2,20,white_high,black,0.050546313898441095,0.8208589383596991,0.5190208377663469,0.005109859697439478,0.6814671530327125,0.36228787080598074
63039f41fa5c21d483996be2,21,white_high,black,0.050546313898441095,0.8208589383596991,0.5190208377663469,0.0028813024413144855,0.6814671530327125,0.36236608446126634
63039f41fa5c21d483996be2,22,black_high,white,0.050546313898441095,0.8208589383596991,0.5190208377663469,0.001624683308327399,0.6814671530327125,0.36241019009850234
63039f41fa5c21d483996be2,23,white_high,black,0.028501607922426054,0.8208589383596991,0.5190208377663469,0.001624683308327399,0.6821935922872913,0.36241019009850234
63039f41fa5c21d483996be2,24,black_high,white,0.028501607922426054,0.8208589383596991,0.5190208377663469,0.0009161120382605327,0.6821935922872913,0.36243506101623196
63039f41fa5c21d483996be2,25,black_high,black,0.016071234309901934,0.8208589383596991,0.5190208377663469,0.0009161120382605327,0.6826028199966898,0.36243506101623196
63039f41fa5c21d483996be2,26,black_high,white,0.016071234309901934,0.7245359825830059,0.5190208377663469,0.0009161120382605327,0.6794243718550642,0.36243506101623196
63039f41fa5c21d483996be2,27,white_high,black,0.009062105301102744,0.7245359825830059,0.5190208377663469,0.0009161120382605327,0.6796562248725169,0.36243506101623196
63039f41fa5c21d483996be2,28,white_high,black,0.009062105301102744,0.7245359825830059,0.5190208377663469,0.0005165691444875382,0.6796562248725169,0.36244908533384673
63039f41fa5c21d483996be2,29,black_high,white,0.009062105301102744,0.7245359825830059,0.5190208377663469,0.00029127843527005325,0.6796562248725169,0.36245699334512854
63039f41fa5c21d483996be2,30,black_high,white,0.005109859697439478,0.7245359825830059,0.5190208377663469,0.00029127843527005325,0.6797869210042198,0.36245699334512854
63039f41fa5c21d483996be2,31,white_high,black,0.0028813024413144855,0.7245359825830059,0.5190208377663469,0.00029127843527005325,0.6798606043444133,0.36245699334512854
63039f41fa5c21d483996be2,32,black_high,white,0.0028813024413144855,0.7245359825830059,0.5190208377663469,0.00016424350497654892,0.6798606043444133,0.3624614524773335
63039f41fa5c21d483996be2,33,white_high,black,0.001624683308327399,0.7245359825830059,0.5190208377663469,0.00016424350497654892,0.6799021482981389,0.3624614524773335
63039f41fa5c21d483996be2,34,white_high,black,0.001624683308327399,0.7245359825830059,0.5190208377663469,9.261217330411512e-05,0.6799021482981389,0.3624639668637544
63039f41fa5c21d483996be2,35,black_high,black,0.001624683308327399,0.7245359825830059,0.5190208377663469,5.222133225503255e-05,0.6799021482981389,0.36246538465702405
63039f41fa5c21d483996be2,36,white_high,black,0.001624683308327399,0.5829964762788646,0.5190208377663469,5.222133225503255e-05,0.6752050117209794,0.36246538465702405
63039f41fa5c21d483996be2,37,white_high,white,0.001624683308327399,0.5829964762788646,0.5190208377663469,2.944610244201373e-05,0.6752050117209794,0.3624661841107943
63039f41fa5c21d483996be2,38,white_high,black,0.001624683308327399,0.5829964762788646,0.6415639579090592,2.944610244201373e-05,0.6752050117209794,0.36677859786561184
63039f41fa5c21d483996be2,39,white_high,black,0.001624683308327399,0.5829964762788646,0.6415639579090592,1.6603807516649628e-05,0.6752050117209794,0.36677905093257535
63039f41fa5c21d483996be2,40,black_high,black,0.001624683308327399,0.5829964762788646,0.6415639579090592,9.36240796529326e-06,0.6752050117209794,0.3667793064040669
63039f41fa5c21d483996be2,41,black_high,white,0.001624683308327399,0.6776379744859015,0.6415639579090592,9.36240796529326e-06,0.6783497657555138,0.3667793064040669
63039f41fa5c21d483996be2,42,white_high,black,0.0009161120382605327,0.6776379744859015,0.6415639579090592,9.36240796529326e-06,0.678373249796303,0.3667793064040669
63039f41fa5c21d483996be2,43,black_high,white,0.0009161120382605327,0.6776379744859015,0.6415639579090592,5.279191704715324e-06,0.678373249796303,0.3667794504571026
63039f41fa5c21d483996be2,44,black_high,white,0.0005165691444875382,0.6776379744859015,0.6415639579090592,5.279191704715324e-06,0.6783864913717162,0.3667794504571026
63039f41fa5c21d483996be2,45,black_high,black,0.00029127843527005325,0.6776379744859015,0.6415639579090592,5.279191704715324e-06,0.678393957787599,0.3667794504571026
63039f41fa5c21d483996be2,46,white_high,black,0.00029127843527005325,0.5129391572853792,0.6415639579090592,5.279191704715324e-06,0.672911483768377,0.3667794504571026
650f65aac58fe4dc08bbe23f_2,0,black_high,black,0.5,0.5,0.5,0.5,0.496478043753295,0.5035219562467049
650f65aac58fe4dc08bbe23f_2,1,white_high,white,0.5,0.5515496326370345,0.5,0.5,0.5056900138533755,0.5035219562467049
650f65aac58fe4dc08bbe23f_2,2,white_high,black,0.5,0.5515496326370345,0.5,0.5,0.5056900138533755,0.5035219562467049
650f65aac58fe4dc08bbe23f_2,3,black_high,white,0.5,0.5515496326370345,0.5,0.24225183681482731,0.5056900138533755,0.5494214861786771
650f65aac58fe4dc08bbe23f_2,4,black_high,white,0.24225183681482731,0.5515496326370345,0.5,0.24225183681482731,0.551567614222131,0.5494214861786771
650f65aac58fe4dc08bbe23f_2,5,black_high,black,0.11737190488031544,0.5515496326370345,0.5,0.24225183681482731,0.5735314452472805,0.5494214861786771
650f65aac58fe4dc08bbe23f_2,6,white_high,black,0.11737190488031544,0.6796248842980059,0.5,0.24225183681482731,0.5957592061814992,0.5494214861786771
650f65aac58fe4dc08bbe23f_2,7,black_high,black,0.11737190488031544,0.6796248842980059,0.5,0.11737190488031544,0.5957592061814992,0.5714087535366501
650f65aac58fe4dc08bbe23f_2,8,white_high,black,0.11737190488031544,0.6901281815917546,0.5,0.11737190488031544,0.5975660626423428,0.5714087535366501
650f65aac58fe4dc08bbe23f_2,9,white_high,black,0.11737190488031544,0.6901281815917546,0.5,0.05686711909542322,0.5975660626423428,0.5819665785015034
650f65aac58fe4dc08bbe23f_2,10,black_high,black,0.11737190488031544,0.6901281815917546,0.5,0.027552328110467632,0.5975660626423428,0.587055619397217
650f65aac58fe4dc08bbe23f_2,11,white_high,white,0.11737190488031544,0.7983163329898694,0.5,0.027552328110467632,0.6160154573405033,0.587055619397217
650f65aac58fe4dc08bbe23f_2,12,black_high,black,0.11737190488031544,0.7983163329898694,0.3969007347259309,0.027552328110467632,0.6160154573405033,0.569082427588202
650f65aac58fe4dc08bbe23f_2,13,black_high,black,0.11737190488031544,0.7991842571484227,0.3969007347259309,0.027552328110467632,0.6161622002480553,0.569082427588202
650f65aac58fe4dc08bbe23f_2,14,black_high,white,0.11737190488031544,0.7996047695916737,0.3969007347259309,0.027552328110467632,0.616233290121381,0.569082427588202
650f65aac58fe4dc08bbe23f_2,15,black_high,black,0.05686711909542322,0.7996047695916737,0.3969007347259309,0.027552328110467632,0.6264088496640912,0.569082427588202
650f65aac58fe4dc08bbe23f_2,16,white_high,white,0.05686711909542322,0.8513581420522703,0.3969007347259309,0.027552328110467632,0.6350251109181165,0.569082427588202
650f65aac58fe4dc08bbe23f_2,17,black_high,black,0.05686711909542322,0.8513581420522703,0.3984983945891607,0.027552328110467632,0.6350251109181165,0.5693624679682482
650f65aac58fe4dc08bbe23f_2,18,white_high,white,0.05686711909542322,0.9279824737691877,0.3984983945891607,0.027552328110467632,0.6476234696219562,0.5693624679682482
650f65aac58fe4dc08bbe23f_2,19,white_high,black,0.05686711909542322,0.9279824737691877,0.45082209929914074,0.027552328110467632,0.6476234696219562,0.5785083317025432
650f65aac58fe4dc08bbe23f_2,20,black_high,black,0.05686711909542322,0.9279824737691877,0.45082209929914074,0.013349204186571168,0.6476234696219562,0.580981957466394
650f65aac58fe4dc08bbe23f_2,21,black_high,black,0.05686711909542322,0.6558094481532442,0.45082209929914074,0.013349204186571168,0.6020591693742745,0.580981957466394
650f65aac58fe4dc08bbe23f_2,22,black_high,white,0.05686711909542322,0.7816887805645941,0.45082209929914074,0.013349204186571168,0.6234069635041622,0.580981957466394
650f65aac58fe4dc08bbe23f_2,23,black_high,black,0.027552328110467632,0.7816887805645941,0.45082209929914074,0.013349204186571168,0.6283137201025997,0.580981957466394
650f65aac58fe4dc08bbe23f_2,24,white_high,black,0.027552328110467632,0.7911281469149072,0.45082209929914074,0.013349204186571168,0.6298881367856175,0.580981957466394
650f65aac58fe4dc08bbe23f_2,25,black_high,white,0.027552328110467632,0.7911281469149072,0.45082209929914074,0.006467738468426096,0.6298881367856175,0.5821789838939142
650f65aac58fe4dc08bbe23f_2,26,white_high,black,0.013349204186571168,0.7911281469149072,0.45082209929914074,0.006467738468426096,0.632251908386257,0.5821789838939142
650f65aac58fe4dc08bbe23f_2,27,black_high,white,0.013349204186571168,0.7911281469149072,0.45082209929914074,0.0031336430480282795,0.632251908386257,0.5827586005218309
650f65aac58fe4dc08bbe23f_2,28,white_high,white,0.006467738468426096,0.7911281469149072,0.45082209929914074,0.0031336430480282795,0.6333948906063043,0.5827586005218309
650f65aac58fe4dc08bbe23f_2,29,black_high,black,0.006467738468426096,0.7911281469149072,0.6823716569971775,0.0031336430480282795,0.6333948906063043,0.6223714551076938
650f65aac58fe4dc08bbe23f_2,30,white_high,white,0.006467738468426096,0.79570155458837,0.6823716569971775,0.0031336430480282795,0.6341536856925979,0.6223714551076938
650f65aac58fe4dc08bbe23f_2,31,black_high,white,0.006467738468426096,0.79570155458837,0.6399093704180944,0.0031336430480282795,0.6341536856925979,0.6152116403324985
650f65aac58fe4dc08bbe23f_2,32,white_high,white,0.0031336430480282795,0.79570155458837,0.6399093704180944,0.0031336430480282795,0.6347064416774085,0.6152116403324985
650f65aac58fe4dc08bbe23f_2,33,white_high,black,0.0031336430480282795,0.79570155458837,0.46468733866870976,0.0031336430480282795,0.6347064416774085,0.5851665373405828
650f65aac58fe4dc08bbe23f_2,34,white_high,white,0.0031336430480282795,0.79570155458837,0.46468733866870976,0.0015182615686137296,0.6347064416774085,0.5854468139603695
650f65aac58fe4dc08bbe23f_2,35,black_high,white,0.0031336430480282795,0.79570155458837,0.4313412532223155,0.0015182615686137296,0.6347064416774085,0.5796501425671065
650f65aac58fe4dc08bbe23f_2,36,white_high,white,0.0015182615686137296,0.79570155458837,0.4313412532223155,0.0015182615686137296,0.6349741264616862,0.5796501425671065
650f65aac58fe4dc08bbe23f_2,37,black_high,white,0.0015182615686137296,0.79570155458837,0.5182842175964382,0.0015182615686137296,0.6349741264616862,0.5947137486454552
650f65aac58fe4dc08bbe23f_2,38,white_high,black,0.000735603307524074,0.79570155458837,0.5182842175964382,0.0015182615686137296,0.6351037907288987,0.5947137486454552
650f65aac58fe4dc08bbe23f_2,39,white_high,white,0.000735603307524074,0.79570155458837,0.5182842175964382,0.000735603307524074,0.6351037907288987,0.5948485891172142
650f65aac58fe4dc08bbe23f_2,40,white_high,black,0.000735603307524074,0.79570155458837,0.45730913795788375,0.000735603307524074,0.6351037907288987,0.5843021087094765
650f65aac58fe4dc08bbe23f_2,41,black_high,black,0.000735603307524074,0.79570155458837,0.45730913795788375,0.0003564025048295384,0.6351037907288987,0.58436794659276
650f65aac58fe4dc08bbe23f_2,42,white_high,white,0.000735603307524074,0.7463677547701342,0.45730913795788375,0.0003564025048295384,0.6268929280565373,0.58436794659276
650f65aac58fe4dc08bbe23f_2,43,white_high,white,0.000735603307524074,0.7463677547701342,0.6339650184212815,0.0003564025048295384,0.6268929280565373,0.6146755670201924
650f65aac58fe4dc08bbe23f_2,44,black_high,white,0.000735603307524074,0.7463677547701342,0.7711050741111134,0.0003564025048295384,0.6268929280565373,0.6376179918380617
650f65aac58fe4dc08bbe23f_2,45,white_high,white,0.0003564025048295384,0.7463677547701342,0.7711050741111134,0.0003564025048295384,0.6269563270586583,0.6376179918380617
650f65aac58fe4dc08bbe23f_2,46,white_high,black,0.0003564025048295384,0.7463677547701342,0.7344506696205433,0.0003564025048295384,0.6269563270586583,0.6315422613664582
654fd3d72b14d852c7fff2b4,0,black_high,black,0.5,0.5,0.5,0.5,0.5740335107206903,0.4259664892793097
654fd3d72b14d852c7fff2b4,1,black_high,black,0.5,0.5,0.5,0.5,0.5740335107206903,0.4259664892793097
654fd3d72b14d852c7fff2b4,2,white_high,white,0.5,0.5,0.5,0.5,0.5740335107206903,0.4259664892793097
654fd3d72b14d852c7fff2b4,3,black_high,black,0.5,0.5,0.5636661418144573,0.5,0.5740335107206903,0.5151278339206015
654fd3d72b14d852c7fff2b4,4,white_high,white,0.5,0.690998425443372,0.5636661418144573,0.5,0.7981703167226888,0.5151278339206015
654fd3d72b14d852c7fff2b4,5,white_high,white,0.5,0.690998425443372,0.5231323656790714,0.5,0.7981703167226888,0.4581132674228848
654fd3d72b14d852c7fff2b4,6,black_high,black,0.5,0.690998425443372,0.38107259731188026,0.5,0.7981703167226888,0.2751463886257731
654fd3d72b14d852c7fff2b4,7,black_high,black,0.5,0.5057309552227569,0.38107259731188026,0.5,0.581912625557681,0.2751463886257731
654fd3d72b14d852c7fff2b4,8,white_high,black,0.5,0.7567468444011427,0.38107259731188026,0.5,0.8513832536546894,0.2751463886257731
654fd3d72b14d852c7fff2b4,9,white_high,white,0.5,0.7567468444011427,0.38107259731188026,0.1816692909277134,0.8513832536546894,0.6954276015488238
654fd3d72b14d852c7fff2b4,10,white_high,white,0.5,0.7567468444011427,0.393122944349092,0.1816692909277134,0.8513832536546894,0.7096202423312854
654fd3d72b14d852c7fff2b4,11,black_high,black,0.5,0.7567468444011427,0.39750130035245823,0.1816692909277134,0.8513832536546894,0.7146791105221381
654fd3d72b14d852c7fff2b4,12,white_high,white,0.5,0.9116167434128537,0.39750130035245823,0.1816692909277134,0.9320378385531414,0.7146791105221381
654fd3d72b14d852c7fff2b4,13,black_high,black,0.5,0.9116167434128537,0.46275826782803686,0.1816692909277134,0.9320378385531414,0.7834766445045566
654fd3d72b14d852c7fff2b4,14,black_high,black,0.5,0.967886952891862,0.46275826782803686,0.1816692909277134,0.9495780787468421,0.7834766445045566
654fd3d72b14d852c7fff2b4,15,white_high,black,0.5,0.860999807375758,0.46275826782803686,0.1816692909277134,0.9115829530548698,0.7834766445045566
654fd3d72b14d852c7fff2b4,16,black_high,black,0.5,0.860999807375758,0.46275826782803686,0.06600746253235633,0.9115829530548698,0.8741295766211769
654fd3d72b14d852c7fff2b4,17,white_high,white,0.5,0.8858297253198194,0.46275826782803686,0.06600746253235633,0.9222324237730255,0.8741295766211769
654fd3d72b14d852c7fff2b4,18,white_high,white,0.5,0.8858297253198194,0.613800925475714,0.06600746253235633,0.9222324237730255,0.9420967231500599
654fd3d72b14d852c7fff2b4,19,black_high,white,0.5,0.8858297253198194,0.7960128341340104,0.06600746253235633,0.9222324237730255,0.9784665511124513
654fd3d72b14d852c7fff2b4,20,black_high,black,0.1816692909277134,0.8858297253198194,0.7960128341340104,0.06600746253235633,0.9861750265362301,0.9784665511124513
654fd3d72b14d852c7fff2b4,21,white_high,white,0.1816692909277134,0.831185250678744,0.7960128341340104,0.06600746253235633,0.9812815788892857,0.9784665511124513
654fd3d72b14d852c7fff2b4,22,white_high,white,0.1816692909277134,0.831185250678744,0.41655445792188506,0.06600746253235633,0.9812815788892857,0.8425792939470355
654fd3d72b14d852c7fff2b4,23,black_high,black,0.1816692909277134,0.831185250678744,0.5333471568936377,0.06600746253235633,0.9812815788892857,0.9118031515845492
654fd3d72b14d852c7fff2b4,24,white_high,white,0.1816692909277134,0.8749969465708782,0.5333471568936377,0.06600746253235633,0.9853173580830192,0.9118031515845492
654fd3d72b14d852c7fff2b4,25,white_high,white,0.1816692909277134,0.8749969465708782,0.575782450509102,0.06600746253235633,0.9853173580830192,0.9292378989149871
654fd3d72b14d852c7fff2b4,26,black_high,black,0.1816692909277134,0.8749969465708782,0.4638685462830489,0.06600746253235633,0.9853173580830192,0.8748165297957399
654fd3d72b14d852c7fff2b4,27,black_high,black,0.1816692909277134,0.8909154260250074,0.4638685462830489,0.06600746253235633,0.9865604532042812,0.8748165297957399
654fd3d72b14d852c7fff2b4,28,white_high,white,0.1816692909277134,0.6420346565173362,0.4638685462830489,0.06600746253235633,0.9475090635363927,0.8748165297957399
654fd3d72b14d852c7fff2b4,29,black_high,black,0.1816692909277134,0.6420346565173362,0.4232059070316507,0.06600746253235633,0.9475090635363927,0.8474884748395793
654fd3d72b14d852c7fff2b4,30,white_high,black,0.1816692909277134,0.7426050961167036,0.4232059070316507,0.06600746253235633,0.969529902693094,0.8474884748395793
654fd3d72b14d852c7fff2b4,31,black_high,black,0.1816692909277134,0.7426050961167036,0.4232059070316507,0.023983057828381567,0.969529902693094,0.8756546943201157
654fd3d72b14d852c7fff2b4,32,black_high,black,0.1816692909277134,0.8428123588317719,0.4232059070316507,0.023983057828381567,0.9824481465893133,0.8756546943201157
654fd3d72b14d852c7fff2b4,33,white_high,white,0.1816692909277134,0.8155553817438217,0.4232059070316507,0.023983057828381567,0.9795928742028465,0.8756546943201157
654fd3d72b14d852c7fff2b4,34,black_high,black,0.1816692909277134,0.8155553817438217,0.47209774316600617,0.023983057828381567,0.9795928742028465,0.902691131432568
654fd3d72b14d852c7fff2b4,35,white_high,white,0.1816692909277134,0.80565187034302,0.47209774316600617,0.023983057828381567,0.9784465728009967,0.902691131432568
654fd3d72b14d852c7fff2b4,36,white_high,white,0.1816692909277134,0.80565187034302,0.6171943172002854,0.023983057828381567,0.9784465728009967,0.9545806237927267
654fd3d72b14d852c7fff2b4,37,black_high,black,0.1816692909277134,0.80565187034302,0.7335796424564387,0.023983057828381567,0.9784465728009967,0.9759046055638533
654fd3d72b14d852c7fff2b4,38,black_high,black,0.1816692909277134,0.7383874007408062,0.7335796424564387,0.023983057828381567,0.9688197081883022,0.9759046055638533
654fd3d72b14d852c7fff2b4,39,black_high,black,0.1816692909277134,0.8412799073751951,0.7335796424564387,0.023983057828381567,0.9822985771004822,0.9759046055638533
654fd3d72b14d852c7fff2b4,40,black_high,black,0.1816692909277134,0.878664724819284,0.7335796424564387,0.023983057828381567,0.9856134627160048,0.9759046055638533
654fd3d72b14d852c7fff2b4,41,white_high,white,0.1816692909277134,0.8285819295578861,0.7335796424564387,0.023983057828381567,0.9810101391160847,0.9759046055638533
654fd3d72b14d852c7fff2b4,42,white_high,white,0.1816692909277134,0.8285819295578861,0.8395330632982494,0.023983057828381567,0.9810101391160847,0.9865939845028923
654fd3d72b14d852c7fff2b4,43,black_high,black,0.1816692909277134,0.8285819295578861,0.8143638871551868,0.023983057828381567,0.9810101391160847,0.9845820973392418
654fd3d72b14d852c7fff2b4,44,white_high,white,0.1816692909277134,0.8740510595667114,0.8143638871551868,0.023983057828381567,0.9852400265657514,0.9845820973392418
6550edd3c5d5a51c51ab1224,0,black_high,black,0.5,0.5,0.5,0.5,0.5555033944654221,0.444496605534578
6550edd3c5d5a51c51ab1224,1,black_high,black,0.5,0.5554209536405648,0.5,0.5,0.6071953332213302,0.444496605534578
6550edd3c5d5a51c51ab1224,2,black_high,black,0.5,0.8018109008190921,0.5,0.5,0.7991096349808483,0.444496605534578
6550edd3c5d5a51c51ab1224,3,white_high,white,0.5,0.7453863286751017,0.5,0.5,0.7621100830670616,0.444496605534578
6550edd3c5d5a51c51ab1224,4,black_high,black,0.5,0.7453863286751017,0.5,0.5,0.7621100830670616,0.444496605534578
6550edd3c5d5a51c51ab1224,5,white_high,black,0.5,0.7202327925009192,0.5,0.5,0.7441762211457644,0.444496605534578
6550edd3c5d5a51c51ab1224,6,black_high,black,0.5,0.7202327925009192,0.5,0.2228952317971764,0.7441762211457644,0.6984855622182159
6550edd3c5d5a51c51ab1224,7,black_high,black,0.5,0.7090195859487931,0.5,0.2228952317971764,0.735901265666766,0.6984855622182159
6550edd3c5d5a51c51ab1224,8,white_high,white,0.5,0.5931789381204121,0.5,0.2228952317971764,0.6411560379273838,0.6984855622182159
6550edd3c5d5a51c51ab1224,9,black_high,white,0.5,0.5931789381204121,0.7216838145622588,0.2228952317971764,0.6411560379273838,0.8442924977482226
6550edd3c5d5a51c51ab1224,10,black_high,black,0.2228952317971764,0.5931789381204121,0.7216838145622588,0.2228952317971764,0.8379989616844721,0.8442924977482226
6550edd3c5d5a51c51ab1224,11,black_high,black,0.2228952317971764,0.6523801893030574,0.7216838145622588,0.2228952317971764,0.8665186506877622,0.8442924977482226
6550edd3c5d5a51c51ab1224,12,white_high,white,0.2228952317971764,0.7341924961536994,0.7216838145622588,0.2228952317971764,0.8988371359334071,0.8442924977482226
6550edd3c5d5a51c51ab1224,13,white_high,white,0.2228952317971764,0.7341924961536994,0.8759292986678975,0.2228952317971764,0.8988371359334071,0.9073951104822052
6550edd3c5d5a51c51ab1224,14,black_high,black,0.2228952317971764,0.7341924961536994,0.8338485572535561,0.2228952317971764,0.8988371359334071,0.8929090215365274
6550edd3c5d5a51c51ab1224,15,black_high,black,0.2228952317971764,0.7152426887118057,0.8338485572535561,0.2228952317971764,0.8920327492829581,0.8929090215365274
6550edd3c5d5a51c51ab1224,16,black_high,white,0.2228952317971764,0.5959531379861308,0.8338485572535561,0.2228952317971764,0.8394385443656335,0.8929090215365274
6550edd3c5d5a51c51ab1224,17,white_high,white,0.099364568715834,0.5959531379861308,0.8338485572535561,0.2228952317971764,0.8935897288888576,0.8929090215365274
6550edd3c5d5a51c51ab1224,18,black_high,black,0.099364568715834,0.5959531379861308,0.6488265031083686,0.2228952317971764,0.8935897288888576,0.8039275031176639
6550edd3c5d5a51c51ab1224,19,white_high,white,0.099364568715834,0.7090378547878643,0.6488265031083686,0.2228952317971764,0.9283596051448954,0.8039275031176639
6550edd3c5d5a51c51ab1224,20,white_high,black,0.099364568715834,0.7090378547878643,0.6771873430969355,0.2228952317971764,0.9283596051448954,0.8205123317663102
6550edd3c5d5a51c51ab1224,21,white_high,white,0.099364568715834,0.7090378547878643,0.6771873430969355,0.099364568715834,0.9283596051448954,0.8801351466165459
6550edd3c5d5a51c51ab1224,22,black_high,black,0.099364568715834,0.7090378547878643,0.8006722423844934,0.099364568715834,0.9283596051448954,0.9218262739781742
6550edd3c5d5a51c51ab1224,23,black_high,black,0.099364568715834,0.7594499431163452,0.8006722423844934,0.099364568715834,0.9402035924248108,0.9218262739781742
6550edd3c5d5a51c51ab1224,24,white_high,white,0.099364568715834,0.7819231713430581,0.8006722423844934,0.099364568715834,0.9448704844661835,0.9218262739781742
6550edd3c5d5a51c51ab1224,25,black_high,black,0.099364568715834,0.7819231713430581,0.8557206328847958,0.099364568715834,0.9448704844661835,0.9357519905248979
6550edd3c5d5a51c51ab1224,26,white_high,white,0.099364568715834,0.847362475813271,0.8557206328847958,0.099364568715834,0.9565781942502497,0.9357519905248979
6550edd3c5d5a51c51ab1224,27,black_high,black,0.099364568715834,0.847362475813271,0.8248397267654839,0.099364568715834,0.9565781942502497,0.9282514123525634
6550edd3c5d5a51c51ab1224,28,white_high,white,0.099364568715834,0.5994299254875155,0.8248397267654839,0.099364568715834,0.8948513258825859,0.9282514123525634
6550edd3c5d5a51c51ab1224,29,white_high,black,0.099364568715834,0.5994299254875155,0.7556523596697774,0.099364568715834,0.8948513258825859,0.9084386375428481
6550edd3c5d5a51c51ab1224,30,white_high,white,0.099364568715834,0.5994299254875155,0.7556523596697774,0.04429577715268457,0.8948513258825859,0.9245594751544751
6550edd3c5d5a51c51ab1224,31,white_high,white,0.099364568715834,0.5994299254875155,0.8356511984984392,0.04429577715268457,0.8948513258825859,0.9433670362492693
6550edd3c5d5a51c51ab1224,32,white_high,white,0.099364568715834,0.5994299254875155,0.8713139179468782,0.04429577715268457,0.8948513258825859,0.9502480542646125
6550edd3c5d5a51c51ab1224,33,white_high,white,0.099364568715834,0.5994299254875155,0.6655282036205743,0.04429577715268457,0.8948513258825859,0.8966216694790508
6550edd3c5d5a51c51ab1224,34,black_high,black,0.099364568715834,0.5994299254875155,0.7400537555516504,0.04429577715268457,0.8948513258825859,0.9202782368023666
6550edd3c5d5a51c51ab1224,35,white_high,white,0.099364568715834,0.7105877734999256,0.7400537555516504,0.04429577715268457,0.9287540426583785,0.9202782368023666
6550edd3c5d5a51c51ab1224,36,black_high,black,0.099364568715834,0.7105877734999256,0.6624346286155004,0.04429577715268457,0.9287540426583785,0.8955164605827401
6550edd3c5d5a51c51ab1224,37,white_high,white,0.099364568715834,0.8155618357380933,0.6624346286155004,0.04429577715268457,0.9512191757691262,0.8955164605827401
6550edd3c5d5a51c51ab1224,38,white_high,white,0.099364568715834,0.8155618357380933,0.6278327620348452,0.04429577715268457,0.9512191757691262,0.882428533670408
6550edd3c5d5a51c51ab1224,39,white_high,white,0.099364568715834,0.8155618357380933,0.7786704408123191,0.04429577715268457,0.9512191757691262,0.9304921998702512
6550edd3c5d5a51c51ab1224,40,black_high,white,0.099364568715834,0.8155618357380933,0.5688076713592016,0.04429577715268457,0.9512191757691262,0.8568291004347772
6550edd3c5d5a51c51ab1224,41,black_high,black,0.04429577715268457,0.8155618357380933,0.5688076713592016,0.04429577715268457,0.9601383252532065,0.8568291004347772
6550edd3c5d5a51c51ab1224,42,black_high,black,0.04429577715268457,0.8069373179680638,0.5688076713592016,0.04429577715268457,0.9588526020158324,0.8568291004347772
6550edd3c5d5a51c51ab1224,43,black_high,black,0.04429577715268457,0.7476716365525199,0.5688076713592016,0.04429577715268457,0.948885588573881,0.8568291004347772
6550edd3c5d5a51c51ab1224,44,white_high,white,0.04429577715268457,0.7766725145996141,0.5688076713592016,0.04429577715268457,0.954019857867124,0.8568291004347772
6550edd3c5d5a51c51ab1224,45,black_high,black,0.04429577715268457,0.7766725145996141,0.5860947573546311,0.04429577715268457,0.954019857867124,0.8647734632379149
6550edd3c5d5a51c51ab1224,46,white_high,white,0.04429577715268457,0.7896008294688714,0.5860947573546311,0.04429577715268457,0.9561470806474145,0.8647734632379149
656bb5b282d8f0267db9d167,0,black_high,white,0.5,0.5,0.5,0.5,0.6019518606812084,0.39804813931879157
656bb5b282d8f0267db9d167,1,black_high,white,0.3064065954707605,0.5,0.5,0.5,0.6154852100357834,0.39804813931879157
656bb5b282d8f0267db9d167,2,black_high,black,0.1877700034959645,0.5,0.5,0.5,0.6236925969576154,0.39804813931879157
656bb5b282d8f0267db9d167,3,black_high,white,0.1877700034959645,0.4612813190941521,0.5,0.5,0.6210215442864258,0.39804813931879157
656bb5b282d8f0267db9d167,4,white_high,black,0.11506793500546256,0.4612813190941521,0.5,0.5,0.6260308052876186,0.39804813931879157
656bb5b282d8f0267db9d167,5,black_high,white,0.11506793500546256,0.4612813190941521,0.5,0.3064065954707605,0.6260308052876186,0.41173916594652016
656bb5b282d8f0267db9d167,6,black_high,black,0.07051514842574905,0.4612813190941521,0.5,0.3064065954707605,0.6290873259082292,0.41173916594652016
656bb5b282d8f0267db9d167,7,white_high,black,0.07051514842574905,0.5924287243225845,0.5,0.3064065954707605,0.6380240529993727,0.41173916594652016
656bb5b282d8f0267db9d167,8,black_high,black,0.07051514842574905,0.5924287243225845,0.5,0.1877700034959645,0.6380240529993727,0.420198689373665
656bb5b282d8f0267db9d167,9,black_high,black,0.07051514842574905,0.6727975842043209,0.5,0.1877700034959645,0.6434542429589606,0.420198689373665
656bb5b282d8f0267db9d167,10,white_high,black,0.07051514842574905,0.7607673625866277,0.5,0.1877700034959645,0.6493559679631745,0.420198689373665
656bb5b282d8f0267db9d167,11,white_high,black,0.07051514842574905,0.7607673625866277,0.5,0.11506793500546256,0.6493559679631745,0.42540639760474386
656bb5b282d8f0267db9d167,12,black_high,white,0.07051514842574905,0.7607673625866277,0.5,0.07051514842574905,0.6493559679631745,0.428606026607896
656bb5b282d8f0267db9d167,13,black_high,black,0.04321261311649824,0.7607673625866277,0.5,0.07051514842574905,0.6511784897450054,0.428606026607896
656bb5b282d8f0267db9d167,14,white_high,black,0.04321261311649824,0.7372390413718117,0.5,0.07051514842574905,0.649608168621162,0.428606026607896
656bb5b282d8f0267db9d167,15,white_high,black,0.04321261311649824,0.7372390413718117,0.5,0.04321261311649824,0.649608168621162,0.43056977310511424
656bb5b282d8f0267db9d167,16,white_high,black,0.04321261311649824,0.7372390413718117,0.5,0.02648125933284271,0.649608168621162,0.4317742671713392
656bb5b282d8f0267db9d167,17,black_high,white,0.04321261311649824,0.7372390413718117,0.5,0.016228065031909274,0.649608168621162,0.4325127969082197
656bb5b282d8f0267db9d167,18,white_high,black,0.02648125933284271,0.7372390413718117,0.5,0.016228065031909274,0.6507251835557959,0.4325127969082197
656bb5b282d8f0267db9d167,19,white_high,white,0.02648125933284271,0.7372390413718117,0.5,0.009944772315010838,0.6507251835557959,0.43296552615749306
656bb5b282d8f0267db9d167,20,white_high,white,0.02648125933284271,0.7372390413718117,0.5,0.009944772315010838,0.6507251835557959,0.43296552615749306
656bb5b282d8f0267db9d167,21,black_high,white,0.02648125933284271,0.7372390413718117,0.5774373618116958,0.009944772315010838,0.6507251835557959,0.438554075922649
656bb5b282d8f0267db9d167,22,white_high,black,0.016228065031909274,0.7372390413718117,0.5774373618116958,0.009944772315010838,0.651408889068355,0.438554075922649
656bb5b282d8f0267db9d167,23,black_high,white,0.016228065031909274,0.7372390413718117,0.5774373618116958,0.0060942876555486886,0.651408889068355,0.4388323795644454
656bb5b282d8f0267db9d167,24,white_high,white,0.009944772315010838,0.7372390413718117,0.5774373618116958,0.0060942876555486886,0.6518275651913314,0.4388323795644454
656bb5b282d8f0267db9d167,25,white_high,white,0.009944772315010838,0.7372390413718117,0.5087359558840705,0.0060942876555486886,0.6518275651913314,0.4338727512954486
656bb5b282d8f0267db9d167,26,white_high,white,0.009944772315010838,0.7372390413718117,0.4666348280953937,0.0060942876555486886,0.6518275651913314,0.4308398925544077
656bb5b282d8f0267db9d167,27,black_high,black,0.009944772315010838,0.7372390413718117,0.5569907443505216,0.0060942876555486886,0.6518275651913314,0.4373549923750301
656bb5b282d8f0267db9d167,28,black_high,white,0.009944772315010838,0.6841018948648153,0.5569907443505216,0.0060942876555486886,0.6482795256258455,0.4373549923750301
656bb5b282d8f0267db9d167,29,black_high,white,0.0060942876555486886,0.6841018948648153,0.5569907443505216,0.0060942876555486886,0.648537184332932,0.4373549923750301
656bb5b282d8f0267db9d167,30,white_high,black,0.0037346598647123126,0.6841018948648153,0.5569907443505216,0.0060942876555486886,0.6486950382509356,0.4373549923750301
656bb5b282d8f0267db9d167,31,white_high,black,0.0037346598647123126,0.6841018948648153,0.5569907443505216,0.0037346598647123126,0.6486950382509356,0.43752543302381675
656bb5b282d8f0267db9d167,32,black_high,black,0.0037346598647123126,0.6841018948648153,0.5569907443505216,0.002288648828775581,0.6486950382509356,0.43762988859357477
656bb5b282d8f0267db9d167,33,black_high,white,0.0037346598647123126,0.7289761123680316,0.5569907443505216,0.002288648828775581,0.6516908051386491,0.43762988859357477
656bb5b282d8f0267db9d167,34,black_high,black,0.002288648828775581,0.7289761123680316,0.5569907443505216,0.002288648828775581,0.6517871419938585,0.43762988859357477
656bb5b282d8f0267db9d167,35,white_high,black,0.002288648828775581,0.7564756247871814,0.5569907443505216,0.002288648828775581,0.6536168582926632,0.43762988859357477
656bb5b282d8f0267db9d167,36,white_high,white,0.002288648828775581,0.7564756247871814,0.5569907443505216,0.0014025141917065386,0.6536168582926632,0.43769390307819994
656bb5b282d8f0267db9d167,37,black_high,white,0.002288648828775581,0.7564756247871814,0.6510807226171194,0.0014025141917065386,0.6536168582926632,0.4445023687535293
656bb5b282d8f0267db9d167,38,black_high,black,0.0014025141917065386,0.7564756247871814,0.6510807226171194,0.0014025141917065386,0.653675743287554,0.4445023687535293
656bb5b282d8f0267db9d167,39,white_high,black,0.0014025141917065386,0.7346090078362487,0.6510807226171194,0.0014025141917065386,0.652221301804516,0.4445023687535293
656bb5b282d8f0267db9d167,40,white_high,black,0.0014025141917065386,0.7346090078362487,0.6510807226171194,0.0008594791971604519,0.652221301804516,0.44454172650157736
656bb5b282d8f0267db9d167,41,white_high,black,0.0014025141917065386,0.7346090078362487,0.6510807226171194,0.0005267001893597532,0.652221301804516,0.4445658457926385
656bb5b282d8f0267db9d167,42,black_high,black,0.0014025141917065386,0.7346090078362487,0.6510807226171194,0.0003227688237110537,0.652221301804516,0.44458062654144276
656bb5b282d8f0267db9d167,43,black_high,black,0.0014025141917065386,0.6824901756216037,0.6510807226171194,0.0003227688237110537,0.6487432267202873,0.44458062654144276
656bb5b282d8f0267db9d167,44,black_high,black,0.0014025141917065386,0.7279884295556973,0.6510807226171194,0.0003227688237110537,0.6517803770067546,0.44458062654144276
656bb5b282d8f0267db9d167,45,white_high,black,0.0014025141917065386,0.7171516788254688,0.6510807226171194,0.0003227688237110537,0.6510580975638993,0.44458062654144276
65ccca52871269168cc029b5,0,black_high,white,0.5,0.5,0.5,0.5,0.18160330223849225,0.8183966977615077
65ccca52871269168cc029b5,1,black_high,black,0.31697482401730537,0.5,0.5,0.5,0.21406774369961315,0.8183966977615077
65ccca52871269168cc029b5,2,white_high,white,0.31697482401730537,0.5732100703930778,0.5,0.5,0.22818286639067356,0.8183966977615077
65ccca52871269168cc029b5,3,white_high,white,0.31697482401730537,0.5732100703930778,0.6464201407861557,0.5,0.22818286639067356,0.8415062248490971
65ccca52871269168cc029b5,4,white_high,white,0.31697482401730537,0.5732100703930778,0.7392431375027173,0.5,0.22818286639067356,0.8548821761383187
65ccca52871269168cc029b5,5,black_high,white,0.31697482401730537,0.5732100703930778,0.7980882436006993,0.5,0.22818286639067356,0.8628670957987035
65ccca52871269168cc029b5,6,black_high,white,0.2009460781216034,0.5732100703930778,0.7980882436006993,0.5,0.2518677099542985,0.8628670957987035
65ccca52871269168cc029b5,7,white_high,white,0.12738969549912585,0.5732100703930778,0.7980882436006993,0.5,0.2677025587065833,0.8628670957987035
65ccca52871269168cc029b5,8,black_high,white,0.12738969549912585,0.5732100703930778,0.7621830075069964,0.5,0.2677025587065833,0.8580399322638156
65ccca52871269168cc029b5,9,black_high,white,0.08075865262490706,0.5732100703930778,0.7621830075069964,0.5,0.27806210272822324,0.8580399322638156
65ccca52871269168cc029b5,10,black_high,white,0.05119691940730922,0.5732100703930778,0.7621830075069964,0.5,0.28475569557170916,0.8580399322638156
65ccca52871269168cc029b5,11,white_high,white,0.03245626903872001,0.5732100703930778,0.7621830075069964,0.5,0.28904895295432137,0.8580399322638156
65ccca52871269168cc029b5,12,black_high,white,0.03245626903872001,0.5732100703930778,0.7760259309193329,0.5,0.28904895295432137,0.8599175819853101
65ccca52871269168cc029b5,13,white_high,white,0.02057564033361318,0.5732100703930778,0.7760259309193329,0.5,0.2917904636384812,0.8599175819853101
65ccca52871269168cc029b5,14,black_high,black,0.02057564033361318,0.5732100703930778,0.7481966121478147,0.5,0.2917904636384812,0.8561215372864565
65ccca52871269168cc029b5,15,black_high,white,0.02057564033361318,0.6562266039478976,0.7481966121478147,0.5,0.3113650311401069,0.8561215372864565
65ccca52871269168cc029b5,16,white_high,white,0.013043919947580817,0.6562266039478976,0.7481966121478147,0.5,0.31317623494250474,0.8561215372864565
65ccca52871269168cc029b5,17,black_high,white,0.013043919947580817,0.6562266039478976,0.7305542253075678,0.5,0.31317623494250474,0.8536709744590661
65ccca52871269168cc029b5,18,white_high,white,0.008269188459760497,0.6562266039478976,0.7305542253075678,0.5,0.3143274100330538,0.8536709744590661
65ccca52871269168cc029b5,19,black_high,black,0.008269188459760497,0.6562266039478976,0.7559748755762418,0.5,0.3143274100330538,0.8571910635920573
65ccca52871269168cc029b5,20,white_high,white,0.008269188459760497,0.7454599413725679,0.7559748755762418,0.5,0.3362512414350723,0.8571910635920573
65ccca52871269168cc029b5,21,black_high,white,0.008269188459760497,0.7454599413725679,0.7720902878668785,0.5,0.3362512414350723,0.8593858776578551
65ccca52871269168cc029b5,22,white_high,white,0.005242249113597032,0.7454599413725679,0.7720902878668785,0.5,0.3370081394463208,0.8593858776578551
65ccca52871269168cc029b5,23,white_high,black,0.005242249113597032,0.7454599413725679,0.7457016126199214,0.5,0.3370081394463208,0.8557770612298924
65ccca52871269168cc029b5,24,white_high,white,0.005242249113597032,0.7454599413725679,0.7457016126199214,0.31697482401730537,0.3370081394463208,0.8792762304817668
65ccca52871269168cc029b5,25,black_high,black,0.005242249113597032,0.7454599413725679,0.8021825916280911,0.31697482401730537,0.3370081394463208,0.8858302800130107
65ccca52871269168cc029b5,26,black_high,white,0.005242249113597032,0.8020293842258913,0.8021825916280911,0.31697482401730537,0.3513041990367166,0.8858302800130107
65ccca52871269168cc029b5,27,black_high,white,0.0033233219804745884,0.8020293842258913,0.8021825916280911,0.31697482401730537,0.3517940307081006,0.8858302800130107
65ccca52871269168cc029b5,28,black_high,white,0.0021068187998275504,0.8020293842258913,0.8021825916280911,0.31697482401730537,0.35210472100866946,0.8858302800130107
65ccca52871269168cc029b5,29,white_high,black,0.0013356170366233765,0.8020293842258913,0.8021825916280911,0.31697482401730537,0.3523017478775322,0.8858302800130107
65ccca52871269168cc029b5,30,white_high,white,0.0013356170366233765,0.8020293842258913,0.8021825916280911,0.2009460781216034,0.3523017478775322,0.8983262110377528
65ccca52871269168cc029b5,31,white_high,white,0.0013356170366233765,0.8020293842258913,0.7281735828013538,0.2009460781216034,0.3523017478775322,0.8905031954210532
65ccca52871269168cc029b5,32,black_high,white,0.0013356170366233765,0.8020293842258913,0.7910707032938701,0.2009460781216034,0.3523017478775322,0.8971840996269755
65ccca52871269168cc029b5,33,white_high,white,0.0008467139502764193,0.8020293842258913,0.7910707032938701,0.2009460781216034,0.3524266790292532,0.8971840996269755
65ccca52871269168cc029b5,34,black_high,white,0.0008467139502764193,0.8020293842258913,0.8675493458890302,0.2009460781216034,0.3524266790292532,0.90481936907492
65ccca52871269168cc029b5,35,black_high,white,0.0005367740107637309,0.8020293842258913,0.8675493458890302,0.2009460781216034,0.3525058895455401,0.90481936907492
65ccca52871269168cc029b5,36,black_high,black,0.00034028769519779353,0.8020293842258913,0.8675493458890302,0.2009460781216034,0.35255610922494246,0.90481936907492
65ccca52871269168cc029b5,37,white_high,white,0.00034028769519779353,0.7646814922191918,0.8675493458890302,0.2009460781216034,0.3430699768547404,0.90481936907492
65ccca52871269168cc029b5,38,black_high,black,0.00034028769519779353,0.7646814922191918,0.80621784885478,0.2009460781216034,0.3430699768547404,0.8987381737800725
65ccca52871269168cc029b5,39,white_high,white,0.00034028769519779353,0.7410048092267101,0.80621784885478,0.2009460781216034,0.3371199418005038,0.8987381737800725
65ccca52871269168cc029b5,40,white_high,white,0.00034028769519779353,0.7410048092267101,0.8039418030930202,0.2009460781216034,0.3371199418005038,0.8985059928197128
65ccca52871269168cc029b5,41,white_high,white,0.00034028769519779353,0.7410048092267101,0.765893869486903,0.2009460781216034,0.3371199418005038,0.8945542578300183
65ccca52871269168cc029b5,42,black_high,black,0.00034028769519779353,0.7410048092267101,0.8149834657619386,0.2009460781216034,0.3371199418005038,0.8996279624674685
65ccca52871269168cc029b5,43,black_high,white,0.00034028769519779353,0.7992050547700771,0.8149834657619386,0.2009460781216034,0.3518345562104817,0.8996279624674685
65ccca52871269168cc029b5,44,white_high,white,0.0002157252646011501,0.7992050547700771,0.8149834657619386,0.2009460781216034,0.35186636489798523,0.8996279624674685
65ccca52871269168cc029b5,45,white_high,white,0.0002157252646011501,0.7992050547700771,0.7728937276495806,0.2009460781216034,0.35186636489798523,0.8952913250119333
65ccca52871269168cc029b5,46,white_high,white,0.0002157252646011501,0.7992050547700771,0.8194210233804603,0.2009460781216034,0.35186636489798523,0.9000757609196588
65ccca52871269168cc029b5,47,white_high,black,0.0002157252646011501,0.7992050547700771,0.8123119509365148,0.2009460781216034,0.35186636489798523,0.8993575181987011
65f2f5ae1f9747ed36bd7226,0,white_high,white,0.5,0.5,0.5,0.5,0.4086019844490327,0.5913980155509673
65f2f5ae1f9747ed36bd7226,1,white_high,black,0.5,0.5,0.6725108654593798,0.5,0.4086019844490327,0.6283525802848858
65f2f5ae1f9747ed36bd7226,2,black_high,white,0.5,0.5,0.6725108654593798,0.2843614181757753,0.4086019844490327,0.6724784001900282
65f2f5ae1f9747ed36bd7226,3,white_high,white,0.2843614181757753,0.5,0.6725108654593798,0.2843614181757753,0.45624035352012393,0.6724784001900282
65f2f5ae1f9747ed36bd7226,4,white_high,white,0.2843614181757753,0.5,0.770621734164899,0.2843614181757753,0.45624035352012393,0.6916405280367008
65f2f5ae1f9747ed36bd7226,5,white_high,black,0.2843614181757753,0.5,0.6107810438677918,0.2843614181757753,0.45624035352012393,0.6601148491353144
65f2f5ae1f9747ed36bd7226,6,black_high,white,0.2843614181757753,0.5,0.6107810438677918,0.16172283229387635,0.45624035352012393,0.684447365312107
65f2f5ae1f9747ed36bd7226,7,white_high,black,0.16172283229387635,0.5,0.6107810438677918,0.16172283229387635,0.4837538766926568,0.684447365312107
65f2f5ae1f9747ed36bd7226,8,white_high,white,0.16172283229387635,0.5,0.6107810438677918,0.09197546788497951,0.4837538766926568,0.6978580663967103
65f2f5ae1f9747ed36bd7226,9,black_high,white,0.16172283229387635,0.5,0.606131425847321,0.09197546788497951,0.4837538766926568,0.6969741481920669
65f2f5ae1f9747ed36bd7226,10,white_high,white,0.09197546788497951,0.5,0.606131425847321,0.09197546788497951,0.49945630698414517,0.6969741481920669
65f2f5ae1f9747ed36bd7226,11,black_high,white,0.09197546788497951,0.5,0.6897425146284575,0.09197546788497951,0.49945630698414517,0.7126423502744024
65f2f5ae1f9747ed36bd7226,12,black_high,black,0.052308548970306505,0.5,0.6897425146284575,0.09197546788497951,0.5083891036051706,0.7126423502744024
65f2f5ae1f9747ed36bd7226,13,white_high,white,0.052308548970306505,0.6293831490945347,0.6897425146284575,0.09197546788497951,0.5374585968713328,0.7126423502744024
65f2f5ae1f9747ed36bd7226,14,white_high,white,0.052308548970306505,0.6293831490945347,0.564783184731127,0.09197546788497951,0.5374585968713328,0.689049896382262
65f2f5ae1f9747ed36bd7226,15,black_high,white,0.052308548970306505,0.6293831490945347,0.7093545420275528,0.09197546788497951,0.5374585968713328,0.7162467615579761
65f2f5ae1f9747ed36bd7226,16,black_high,black,0.0297490663358267,0.6293831490945347,0.7093545420275528,0.09197546788497951,0.5425067973598442,0.7162467615579761
65f2f5ae1f9747ed36bd7226,17,white_high,white,0.0297490663358267,0.7029663006236742,0.7093545420275528,0.09197546788497951,0.558906838638231,0.7162467615579761
65f2f5ae1f9747ed36bd7226,18,black_high,black,0.0297490663358267,0.7029663006236742,0.7484478580395245,0.09197546788497951,0.558906838638231,0.7233494668901551
65f2f5ae1f9747ed36bd7226,19,white_high,white,0.0297490663358267,0.7879424356338572,0.7484478580395245,0.09197546788497951,0.5776852525037673,0.7233494668901551
65f2f5ae1f9747ed36bd7226,20,white_high,black,0.0297490663358267,0.7879424356338572,0.8138088359690855,0.09197546788497951,0.5776852525037673,0.7349761932614819
65f2f5ae1f9747ed36bd7226,21,black_high,black,0.0297490663358267,0.7879424356338572,0.8138088359690855,0.052308548970306505,0.5776852525037673,0.7418780610392647
65f2f5ae1f9747ed36bd7226,22,black_high,white,0.0297490663358267,0.7931425877941959,0.8138088359690855,0.052308548970306505,0.5788277151792951,0.7418780610392647
65f2f5ae1f9747ed36bd7226,23,black_high,black,0.016918973385321792,0.7931425877941959,0.8138088359690855,0.052308548970306505,0.5816428281364023,0.7418780610392647
65f2f5ae1f9747ed36bd7226,24,black_high,white,0.016918973385321792,0.7961000330802833,0.8138088359690855,0.052308548970306505,0.5822909890803996,0.7418780610392647
65f2f5ae1f9747ed36bd7226,25,black_high,black,0.009622206531856607,0.7961000330802833,0.8138088359690855,0.052308548970306505,0.5838889465570342,0.7418780610392647
65f2f5ae1f9747ed36bd7226,26,black_high,black,0.009622206531856607,0.8409097161165865,0.8138088359690855,0.052308548970306505,0.5936622564495972,0.7418780610392647
65f2f5ae1f9747ed36bd7226,27,white_high,black,0.009622206531856607,0.8663940061490067,0.8138088359690855,0.052308548970306505,0.5991881754445985,0.7418780610392647
65f2f5ae1f9747ed36bd7226,28,white_high,white,0.009622206531856607,0.8663940061490067,0.8138088359690855,0.0297490663358267,0.5991881754445985,0.7457506316534214
65f2f5ae1f9747ed36bd7226,29,white_high,white,0.009622206531856607,0.8663940061490067,0.8509811167238965,0.0297490663358267,0.5991881754445985,0.7520475831206666
65f2f5ae1f9747ed36bd7226,30,black_high,black,0.009622206531856607,0.8663940061490067,0.742738692573894,0.0297490663358267,0.5991881754445985,0.7334214347107355
65f2f5ae1f9747ed36bd7226,31,black_high,white,0.009622206531856607,0.7083766383992707,0.742738692573894,0.0297490663358267,0.5645704437594009,0.7334214347107355
65f2f5ae1f9747ed36bd7226,32,black_high,black,0.005472368590757907,0.7083766383992707,0.742738692573894,0.0297490663358267,0.5654892397865,0.7334214347107355
65f2f5ae1f9747ed36bd7226,33,white_high,black,0.005472368590757907,0.7910194182792144,0.742738692573894,0.0297490663358267,0.583685208169491,0.7334214347107355
65f2f5ae1f9747ed36bd7226,34,white_high,white,0.005472368590757907,0.7910194182792144,0.742738692573894,0.016918973385321792,0.583685208169491,0.7356751079688814
65f2f5ae1f9747ed36bd7226,35,black_high,white,0.005472368590757907,0.7910194182792144,0.8105619031922718,0.016918973385321792,0.583685208169491,0.7473840461562368
65f2f5ae1f9747ed36bd7226,36,black_high,black,0.003112260986496975,0.7910194182792144,0.8105619031922718,0.016918973385321792,0.5842017579260961,0.7473840461562368
65f2f5ae1f9747ed36bd7226,37,white_high,black,0.003112260986496975,0.6223816726322882,0.8105619031922718,0.016918973385321792,0.5468935943064909,0.7473840461562368
65f2f5ae1f9747ed36bd7226,38,black_high,black,0.003112260986496975,0.6223816726322882,0.8105619031922718,0.009622206531856607,0.5468935943064909,0.7486230855384591
65f2f5ae1f9747ed36bd7226,39,black_high,white,0.003112260986496975,0.6558566847065717,0.8105619031922718,0.009622206531856607,0.5543552371093159,0.7486230855384591
65f2f5ae1f9747ed36bd7226,40,white_high,white,0.0017700138957068348,0.6558566847065717,0.8105619031922718,0.009622206531856607,0.5546539390839896,0.7486230855384591
65f2f5ae1f9747ed36bd7226,41,black_high,white,0.0017700138957068348,0.6558566847065717,0.7628790791759343,0.009622206531856607,0.5546539390839896,0.7404534358255086
65f2f5ae1f9747ed36bd7226,42,black_high,black,0.001006647323148049,0.6558566847065717,0.7628790791759343,0.009622206531856607,0.5548238001214225,0.7404534358255086
65f2f5ae1f9747ed36bd7226,43,white_high,black,0.001006647323148049,0.7611501212500505,0.7628790791759343,0.009622206531856607,0.5781137845649764,0.7404534358255086
65f2f5ae1f9747ed36bd7226,44,white_high,white,0.001006647323148049,0.7611501212500505,0.7628790791759343,0.005472368590757907,0.5781137845649764,0.7411712478113274
65f2f5ae1f9747ed36bd7226,45,black_high,white,0.001006647323148049,0.7611501212500505,0.822016200985801,0.005472368590757907,0.5781137845649764,0.7512591939901798
65f2f5ae1f9747ed36bd7226,46,white_high,white,0.0005725033208264544,0.7611501212500505,0.822016200985801,0.005472368590757907,0.5782091709629942,0.7512591939901798
65f2f5ae1f9747ed36bd7226,47,white_high,white,0.0005725033208264544,0.7611501212500505,0.8125211162703305,0.005472368590757907,0.5782091709629942,0.749657333547858
65feaaac53eb219f09ad5ea0,0,white_high,black,0.5,0.5,0.5,0.5,0.7016302549115835,0.29836974508841657
65feaaac53eb219f09ad5ea0,1,white_high,white,0.5,0.5,0.5,0.26576038110343725,0.7016302549115835,0.3238677395432644
65feaaac53eb219f09ad5ea0,2,white_high,white,0.5,0.5,0.4063041524413749,0.26576038110343725,0.7016302549115835,0.31353132293148045
65feaaac53eb219f09ad5ea0,3,white_high,black,0.5,0.5,0.30965494035208285,0.26576038110343725,0.7016302549115835,0.30305972819422516
65feaaac53eb219f09ad5ea0,4,black_high,white,0.5,0.5,0.30965494035208285,0.1412571603284884,0.7016302549115835,0.31658545556494017
65feaaac53eb219f09ad5ea0,5,white_high,black,0.26576038110343725,0.5,0.30965494035208285,0.1412571603284884,0.72593450626719,0.31658545556494017
65feaaac53eb219f09ad5ea0,6,black_high,black,0.26576038110343725,0.5,0.30965494035208285,0.07508111352497683,0.72593450626719,0.32390492620831846
65feaaac53eb219f09ad5ea0,7,black_high,white,0.26576038110343725,0.6873916951172502,0.30965494035208285,0.07508111352497683,0.7444653656687359,0.32390492620831846
65feaaac53eb219f09ad5ea0,8,black_high,black,0.1412571603284884,0.6873916951172502,0.30965494035208285,0.07508111352497683,0.7563128283209358,0.32390492620831846
65feaaac53eb219f09ad5ea0,9,white_high,white,0.1412571603284884,0.7869942717372093,0.30965494035208285,0.07508111352497683,0.7655188928776588,0.32390492620831846
65feaaac53eb219f09ad5ea0,10,white_high,black,0.1412571603284884,0.7869942717372093,0.3988276488136261,0.07508111352497683,0.7655188928776588,0.33390537713887697
65feaaac53eb219f09ad5ea0,11,white_high,white,0.1412571603284884,0.7869942717372093,0.3988276488136261,0.03990717068813656,0.7655188928776588,0.33789211845905154
65feaaac53eb219f09ad5ea0,12,white_high,black,0.1412571603284884,0.7869942717372093,0.3993768710038444,0.03990717068813656,0.7655188928776588,0.3379545541156774
65feaaac53eb219f09ad5ea0,13,black_high,black,0.1412571603284884,0.7869942717372093,0.3993768710038444,0.021211489781678184,0.7655188928776588,0.3400832386760547
65feaaac53eb219f09ad5ea0,14,white_high,black,0.1412571603284884,0.6993913378420809,0.3993768710038444,0.021211489781678184,0.7574347978830113,0.3400832386760547
65feaaac53eb219f09ad5ea0,15,black_high,black,0.1412571603284884,0.6993913378420809,0.3993768710038444,0.011274347216300919,0.7574347978830113,0.34121731932283844
65feaaac53eb219f09ad5ea0,16,white_high,black,0.1412571603284884,0.6059806358672712,0.3993768710038444,0.011274347216300919,0.7486083661276812,0.34121731932283844
65feaaac53eb219f09ad5ea0,17,white_high,white,0.1412571603284884,0.6059806358672712,0.3993768710038444,0.005992549625793218,0.7486083661276812,0.3418208481000746
65feaaac53eb219f09ad5ea0,18,black_high,black,0.1412571603284884,0.6059806358672712,0.5402125653389478,0.005992549625793218,0.7486083661276812,0.3580976885779032
65feaaac53eb219f09ad5ea0,19,white_high,black,0.1412571603284884,0.6968746796932789,0.5402125653389478,0.005992549625793218,0.7571997810047916,0.3580976885779032
65feaaac53eb219f09ad5ea0,20,black_high,black,0.1412571603284884,0.6968746796932789,0.5402125653389478,0.003185164544664132,0.7571997810047916,0.3584256467319122
65feaaac53eb219f09ad5ea0,21,black_high,white,0.1412571603284884,0.792034674927056,0.5402125653389478,0.003185164544664132,0.7659782936566027,0.3584256467319122
65feaaac53eb219f09ad5ea0,22,white_high,black,0.07508111352497683,0.792034674927056,0.5402125653389478,0.003185164544664132,0.7719517292987378,0.3584256467319122
65feaaac53eb219f09ad5ea0,23,black_high,white,0.07508111352497683,0.792034674927056,0.5402125653389478,0.0016929810865341918,0.7719517292987378,0.358600017241484
65feaaac53eb219f09ad5ea0,24,black_high,black,0.03990717068813656,0.792034674927056,0.5402125653389478,0.0016929810865341918,0.7750826992112374,0.358600017241484
65feaaac53eb219f09ad5ea0,25,white_high,white,0.03990717068813656,0.8426141881253159,0.5402125653389478,0.0016929810865341918,0.7795312695818843,0.358600017241484
65feaaac53eb219f09ad5ea0,26,white_high,black,0.03990717068813656,0.8426141881253159,0.47452588959993874,0.0016929810865341918,0.7795312695818843,0.3509600802781441
65feaaac53eb219f09ad5ea0,27,white_high,black,0.03990717068813656,0.8426141881253159,0.47452588959993874,0.0008998545975164761,0.7795312695818843,0.3510518830529695
65feaaac53eb219f09ad5ea0,28,black_high,black,0.03990717068813656,0.8426141881253159,0.47452588959993874,0.0004782914015473177,0.7795312695818843,0.35110068262017896
65feaaac53eb219f09ad5ea0,29,white_high,black,0.03990717068813656,0.7758024019738825,0.47452588959993874,0.0004782914015473177,0.7736416049910315,0.35110068262017896
65feaaac53eb219f09ad5ea0,30,black_high,black,0.03990717068813656,0.7758024019738825,0.47452588959993874,0.00025422181030742457,0.7736416049910315,0.3511266218704185
65feaaac53eb219f09ad5ea0,31,black_high,white,0.03990717068813656,0.7402905504742698,0.47452588959993874,0.00025422181030742457,0.7704661518097433,0.3511266218704185
65feaaac53eb219f09ad5ea0,32,black_high,black,0.021211489781678184,0.7402905504742698,0.47452588959993874,0.00025422181030742457,0.7721417970594763,0.3511266218704185
65feaaac53eb219f09ad5ea0,33,black_high,white,0.021211489781678184,0.768263187877131,0.47452588959993874,0.00025422181030742457,0.7746327722081164,0.3511266218704185
65feaaac53eb219f09ad5ea0,34,black_high,white,0.011274347216300919,0.768263187877131,0.47452588959993874,0.00025422181030742457,0.7755130172099827,0.3511266218704185
65feaaac53eb219f09ad5ea0,35,black_high,black,0.005992549625793218,0.768263187877131,0.47452588959993874,0.00025422181030742457,0.7759798903530125,0.3511266218704185
65feaaac53eb219f09ad5ea0,36,black_high,black,0.005992549625793218,0.6894353778718112,0.47452588959993874,0.00025422181030742457,0.7689403590265941,0.3511266218704185
65feaaac53eb219f09ad5ea0,37,white_high,black,0.005992549625793218,0.74123260777331,0.47452588959993874,0.00025422181030742457,0.7735833020839024,0.3511266218704185
65feaaac53eb219f09ad5ea0,38,white_high,black,0.005992549625793218,0.74123260777331,0.47452588959993874,0.00013512417038421377,0.7735833020839024,0.3511404094783883
65feaaac53eb219f09ad5ea0,39,black_high,black,0.005992549625793218,0.74123260777331,0.47452588959993874,7.182130203518888e-05,0.7735833020839024,0.3511477379793919
65feaaac53eb219f09ad5ea0,40,white_high,black,0.005992549625793218,0.7687639108907595,0.47452588959993874,7.182130203518888e-05,0.7760241148266716,0.3511477379793919
65feaaac53eb219f09ad5ea0,41,black_high,black,0.005992549625793218,0.7687639108907595,0.47452588959993874,3.817451320043374e-05,0.7760241148266716,0.351151633258394
65feaaac53eb219f09ad5ea0,42,black_high,black,0.005992549625793218,0.8770932176669197,0.47452588959993874,3.817451320043374e-05,0.785445697592945,0.351151633258394
65feaaac53eb219f09ad5ea0,43,white_high,black,0.005992549625793218,0.8878245695946142,0.47452588959993874,3.817451320043374e-05,0.7863631625101986,0.351151633258394
65feaaac53eb219f09ad5ea0,44,white_high,black,0.005992549625793218,0.8878245695946142,0.47452588959993874,2.0290546353170934e-05,0.7863631625101986,0.3511537036881273
65feaaac53eb219f09ad5ea0,45,black_high,black,0.005992549625793218,0.8878245695946142,0.47452588959993874,1.0784846663231332e-05,0.7863631625101986,0.35115480416679695
65ff850ad8ac7b0e4cf9ec57,0,white_high,black,0.5,0.5,0.5,0.5,0.4696427159817787,0.5303572840182214
65ff850ad8ac7b0e4cf9ec57,1,black_high,white,0.5,0.5,0.5,0.2820807315129552,0.4696427159817787,0.5461201628482978
65ff850ad8ac7b0e4cf9ec57,2,white_high,black,0.2820807315129552,0.5,0.5,0.2820807315129552,0.48546639427754473,0.5461201628482978
65ff850ad8ac7b0e4cf9ec57,3,black_high,black,0.2820807315129552,0.5,0.5,0.15913907818176787,0.48546639427754473,0.5549743813743675
65ff850ad8ac7b0e4cf9ec57,4,black_high,white,0.2820807315129552,0.41283229260518206,0.5,0.15913907818176787,0.479131642004689,0.5549743813743675
65ff850ad8ac7b0e4cf9ec57,5,black_high,white,0.15913907818176787,0.41283229260518206,0.5,0.15913907818176787,0.48806766802116225,0.5549743813743675
65ff850ad8ac7b0e4cf9ec57,6,white_high,black,0.08978013517162091,0.41283229260518206,0.5,0.15913907818176787,0.4931127639825951,0.5549743813743675
65ff850ad8ac7b0e4cf9ec57,7,white_high,black,0.08978013517162091,0.41283229260518206,0.5,0.08978013517162091,0.4931127639825951,0.5599546005683704
65ff850ad8ac7b0e4cf9ec57,8,black_high,white,0.08978013517162091,0.41283229260518206,0.5,0.05065049240908565,0.4931127639825951,0.562758997848608
65ff850ad8ac7b0e4cf9ec57,9,white_high,white,0.05065049240908565,0.41283229260518206,0.5,0.05065049240908565,0.49595969763898845,0.562758997848608
65ff850ad8ac7b0e4cf9ec57,10,black_high,white,0.05065049240908565,0.41283229260518206,0.5435838536974089,0.05065049240908565,0.49595969763898845,0.5658779018678625
65ff850ad8ac7b0e4cf9ec57,11,white_high,black,0.028575055900492533,0.41283229260518206,0.5435838536974089,0.05065049240908565,0.4975659553364068,0.5658779018678625
65ff850ad8ac7b0e4cf9ec57,12,black_high,black,0.028575055900492533,0.41283229260518206,0.5435838536974089,0.028575055900492533,0.4975659553364068,0.567455669834146
65ff850ad8ac7b0e4cf9ec57,13,white_high,black,0.028575055900492533,0.4072394849701161,0.5435838536974089,0.028575055900492533,0.4971590041925429,0.567455669834146
65ff850ad8ac7b0e4cf9ec57,14,black_high,black,0.028575055900492533,0.4072394849701161,0.5435838536974089,0.016120945342869043,0.4971590041925429,0.5683451845049087
65ff850ad8ac7b0e4cf9ec57,15,black_high,white,0.028575055900492533,0.31691653103747686,0.5435838536974089,0.016120945342869043,0.49058770614481273,0.5683451845049087
65ff850ad8ac7b0e4cf9ec57,16,black_high,white,0.016120945342869043,0.31691653103747686,0.5435838536974089,0.016120945342869043,0.4914936423853786,0.5683451845049087
65ff850ad8ac7b0e4cf9ec57,17,white_high,black,0.009094816109993738,0.31691653103747686,0.5435838536974089,0.016120945342869043,0.4920047617325867,0.5683451845049087
65ff850ad8ac7b0e4cf9ec57,18,black_high,white,0.009094816109993738,0.31691653103747686,0.5435838536974089,0.009094816109993738,0.4920047617325867,0.568846820338945
65ff850ad8ac7b0e4cf9ec57,19,white_high,black,0.005130944762565687,0.31691653103747686,0.5435838536974089,0.009094816109993738,0.4922931230144813,0.568846820338945
65ff850ad8ac7b0e4cf9ec57,20,black_high,white,0.005130944762565687,0.31691653103747686,0.5435838536974089,0.005130944762565687,0.4922931230144813,0.5691297616927775
65ff850ad8ac7b0e4cf9ec57,21,white_high,white,0.002894681303954191,0.31691653103747686,0.5435838536974089,0.005130944762565687,0.4924558076120506,0.5691297616927775
65ff850ad8ac7b0e4cf9ec57,22,white_high,black,0.002894681303954191,0.31691653103747686,0.5681721843636464,0.005130944762565687,0.4924558076120506,0.5708838629798327
65ff850ad8ac7b0e4cf9ec57,23,white_high,black,0.002894681303954191,0.31691653103747686,0.5681721843636464,0.002894681303954191,0.4924558076120506,0.571043307655176
65ff850ad8ac7b0e4cf9ec57,24,black_high,white,0.002894681303954191,0.31691653103747686,0.5681721843636464,0.0016330676394325466,0.4924558076120506,0.5711332536926504
65ff850ad8ac7b0e4cf9ec57,25,black_high,black,0.0016330676394325466,0.31691653103747686,0.5681721843636464,0.0016330676394325466,0.4925475886997773,0.5711332536926504
65ff850ad8ac7b0e4cf9ec57,26,white_high,black,0.0016330676394325466,0.3531275085968351,0.5681721843636464,0.0016330676394325466,0.495182089601208,0.5711332536926504
65ff850ad8ac7b0e4cf9ec57,27,white_high,white,0.0016330676394325466,0.3531275085968351,0.5681721843636464,0.0009213138286825356,0.495182089601208,0.5711839957079198
65ff850ad8ac7b0e4cf9ec57,28,black_high,black,0.0016330676394325466,0.3531275085968351,0.6256278266630847,0.0009213138286825356,0.495182089601208,0.5752750702999915
65ff850ad8ac7b0e4cf9ec57,29,white_high,black,0.0016330676394325466,0.3735563466743211,0.6256278266630847,0.0009213138286825356,0.4966685009170236,0.5752750702999915
65ff850ad8ac7b0e4cf9ec57,30,black_high,white,0.0016330676394325466,0.3735563466743211,0.6256278266630847,0.0005197697574955423,0.4966685009170236,0.5753036262883121
65ff850ad8ac7b0e4cf9ec57,31,white_high,white,0.0009213138286825356,0.3735563466743211,0.6256278266630847,0.0005197697574955423,0.4967202896538659,0.5753036262883121
65ff850ad8ac7b0e4cf9ec57,32,white_high,white,0.0009213138286825356,0.3735563466743211,0.3965389636973755,0.0005197697574955423,0.4967202896538659,0.558935890325552
65ff850ad8ac7b0e4cf9ec57,33,white_high,white,0.0009213138286825356,0.3735563466743211,0.5287989777881524,0.0005197697574955423,0.4967202896538659,0.5684034720596778
65ff850ad8ac7b0e4cf9ec57,34,white_high,white,0.0009213138286825356,0.3735563466743211,0.6469988345348416,0.0005197697574955423,0.4967202896538659,0.5768227053607539
65ff850ad8ac7b0e4cf9ec57,35,black_high,black,0.0009213138286825356,0.3735563466743211,0.7572664923439159,0.0005197697574955423,0.4967202896538659,0.5846370162128908
65ff850ad8ac7b0e4cf9ec57,36,black_high,white,0.0009213138286825356,0.47224921724685287,0.7572664923439159,0.0005197697574955423,0.5039015826720251,0.5846370162128908
65ff850ad8ac7b0e4cf9ec57,37,black_high,black,0.0005197697574955423,0.47224921724685287,0.7572664923439159,0.0005197697574955423,0.503930799366229,0.5846370162128908
65ff850ad8ac7b0e4cf9ec57,38,black_high,white,0.0005197697574955423,0.3971763704070524,0.7572664923439159,0.0005197697574955423,0.4984681847042968,0.5846370162128908
65ff850ad8ac7b0e4cf9ec57,39,black_high,white,0.00029323406682530784,0.3971763704070524,0.7572664923439159,0.0005197697574955423,0.4984846684954193,0.5846370162128908
65ff850ad8ac7b0e4cf9ec57,40,black_high,white,0.00016543136014920328,0.3971763704070524,0.7572664923439159,0.0005197697574955423,0.49849396801659074,0.5846370162128908
65ff850ad8ac7b0e4cf9ec57,41,black_high,white,9.332999817214082e-05,0.3971763704070524,0.7572664923439159,0.0005197697574955423,0.49849921444852047,0.5846370162128908
65ff850ad8ac7b0e4cf9ec57,42,white_high,black,5.2653188313000514e-05,0.3971763704070524,0.7572664923439159,0.0005197697574955423,0.4985021742833794,0.5846370162128908
660bdc29f5dec2745c7e7ee3,0,black_high,black,0.5,0.5,0.5,0.5,0.7329710733566027,0.2670289266433973
660bdc29f5dec2745c7e7ee3,1,white_high,white,0.5,0.7483325865514522,0.5,0.5,0.9649207537221235,0.2670289266433973
660bdc29f5dec2745c7e7ee3,2,white_high,white,0.5,0.7483325865514522,0.6862494399135892,0.5,0.9649207537221235,0.6723352332468711
660bdc29f5dec2745c7e7ee3,3,black_high,black,0.5,0.7483325865514522,0.694786220295563,0.5,0.9649207537221235,0.6895449764394733
660bdc29f5dec2745c7e7ee3,4,white_high,white,0.5,0.8424924892445682,0.694786220295563,0.5,0.9850547118044714,0.6895449764394733
660bdc29f5dec2745c7e7ee3,5,white_high,white,0.5,0.8424924892445682,0.8221893920705698,0.5,0.9850547118044714,0.8787213168626716
660bdc29f5dec2745c7e7ee3,6,white_high,white,0.5,0.8424924892445682,0.8704966658912107,0.5,0.9850547118044714,0.9189897656442889
660bdc29f5dec2745c7e7ee3,7,black_high,black,0.5,0.8424924892445682,0.888813264069029,0.5,0.9850547118044714,0.9307771820453301
660bdc29f5dec2745c7e7ee3,8,white_high,white,0.5,0.7540286681989217,0.888813264069029,0.5,0.9666667887409834,0.9307771820453301
660bdc29f5dec2745c7e7ee3,9,white_high,white,0.5,0.7540286681989217,0.8336751951031812,0.5,0.9666667887409834,0.8896305039151904
660bdc29f5dec2745c7e7ee3,10,white_high,black,0.5,0.7540286681989217,0.8748517209845498,0.5,0.9666667887409834,0.921948263811071
660bdc29f5dec2745c7e7ee3,11,white_high,white,0.5,0.7540286681989217,0.8748517209845498,0.18958426681068474,0.9666667887409834,0.9952741746587848
660bdc29f5dec2745c7e7ee3,12,black_high,black,0.5,0.7540286681989217,0.8904645639226106,0.18958426681068474,0.9666667887409834,0.9959090279656452
660bdc29f5dec2745c7e7ee3,13,black_high,black,0.5,0.9067354108080898,0.8904645639226106,0.18958426681068474,0.991711119824501,0.9959090279656452
660bdc29f5dec2745c7e7ee3,14,white_high,white,0.5,0.9025538558394409,0.8904645639226106,0.18958426681068474,0.9913859510137074,0.9959090279656452
660bdc29f5dec2745c7e7ee3,15,black_high,black,0.5,0.9025538558394409,0.8343013160472329,0.18958426681068474,0.9913859510137074,0.993129621835045
660bdc29f5dec2745c7e7ee3,16,black_high,black,0.5,0.9009683417737212,0.8343013160472329,0.18958426681068474,0.9912593777009565,0.993129621835045
660bdc29f5dec2745c7e7ee3,17,white_high,white,0.5,0.714117724816797,0.8343013160472329,0.18958426681068474,0.9524338936477816,0.993129621835045
660bdc29f5dec2745c7e7ee3,18,black_high,black,0.5,0.714117724816797,0.9371722729826386,0.18958426681068474,0.9524338936477816,0.9973442027809624
660bdc29f5dec2745c7e7ee3,19,white_high,white,0.5,0.5811867037411289,0.9371722729826386,0.18958426681068474,0.853611781237594,0.9973442027809624
660bdc29f5dec2745c7e7ee3,20,black_high,black,0.5,0.5811867037411289,0.8520114096003373,0.18958426681068474,0.853611781237594,0.9941648505789686
660bdc29f5dec2745c7e7ee3,21,black_high,black,0.5,0.4687002967692134,0.8520114096003373,0.18958426681068474,0.6724457506629795,0.9941648505789686
660bdc29f5dec2745c7e7ee3,22,white_high,white,0.5,0.7364647239746508,0.8520114096003373,0.18958426681068474,0.9609955806520238,0.9941648505789686
660bdc29f5dec2745c7e7ee3,23,black_high,black,0.5,0.7364647239746508,0.6955547966340142,0.18958426681068474,0.9609955806520238,0.9755407767171964
660bdc29f5dec2745c7e7ee3,24,white_high,white,0.5,0.7759094225562394,0.6955547966340142,0.18958426681068474,0.9726249669806669,0.9755407767171964
660bdc29f5dec2745c7e7ee3,25,white_high,white,0.5,0.7759094225562394,0.8224808120337965,0.18958426681068474,0.9726249669806669,0.9923391357558171
660bdc29f5dec2745c7e7ee3,26,white_high,white,0.5,0.7759094225562394,0.6843577232577461,0.18958426681068474,0.9726249669806669,0.9729348052574767
660bdc29f5dec2745c7e7ee3,27,black_high,black,0.5,0.7759094225562394,0.756152087503003,0.18958426681068474,0.9726249669806669,0.9859137071260236
660bdc29f5dec2745c7e7ee3,28,white_high,white,0.5,0.8529487577144204,0.756152087503003,0.18958426681068474,0.9864180968335217,0.9859137071260236
660bdc29f5dec2745c7e7ee3,29,black_high,black,0.5,0.8529487577144204,0.6592079580404294,0.18958426681068474,0.9864180968335217,0.9660610074174231
660bdc29f5dec2745c7e7ee3,30,white_high,white,0.5,0.882159649457513,0.6592079580404294,0.18958426681068474,0.9896097007047145,0.9660610074174231
660bdc29f5dec2745c7e7ee3,31,black_high,black,0.5,0.882159649457513,0.7466160879046313,0.18958426681068474,0.9896097007047145,0.984630272723388
660bdc29f5dec2745c7e7ee3,32,white_high,white,0.5,0.7690692071697879,0.7466160879046313,0.18958426681068474,0.9708830502985775,0.984630272723388
660bdc29f5dec2745c7e7ee3,33,black_high,black,0.5,0.7690692071697879,0.5935090604182378,0.18958426681068474,0.9708830502985775,0.9392853408060492
660bdc29f5dec2745c7e7ee3,34,white_high,white,0.5,0.664105723363096,0.5935090604182378,0.18958426681068474,0.9264065069832754,0.9392853408060492
660bdc29f5dec2745c7e7ee3,35,black_high,black,0.5,0.664105723363096,0.5975388399569583,0.18958426681068474,0.9264065069832754,0.9413834296598395
660bdc29f5dec2745c7e7ee3,36,black_high,black,0.5,0.7484731664000485,0.5975388399569583,0.18958426681068474,0.9649648883846713,0.9413834296598395
660bdc29f5dec2745c7e7ee3,37,white_high,white,0.5,0.8425457926996172,0.5975388399569583,0.18958426681068474,0.9850619928550921,0.9413834296598395
660bdc29f5dec2745c7e7ee3,38,white_high,white,0.5,0.8425457926996172,0.6611499521933354,0.18958426681068474,0.9850619928550921,0.9666469907444114
660bdc29f5dec2745c7e7ee3,39,white_high,white,0.5,0.8425457926996172,0.6852692843420268,0.18958426681068474,0.9850619928550921,0.9731566873279489
660bdc29f5dec2745c7e7ee3,40,black_high,black,0.5,0.8425457926996172,0.8806640160583621,0.18958426681068474,0.9850619928550921,0.9955212295306382
660bdc29f5dec2745c7e7ee3,41,black_high,black,0.5,0.8161320258296726,0.8806640160583621,0.18958426681068474,0.9809911532491555,0.9955212295306382
660bdc29f5dec2745c7e7ee3,42,black_high,black,0.5,0.6198673166645898,0.8806640160583621,0.18958426681068474,0.8930418193456576,0.9955212295306382
660bdc29f5dec2745c7e7ee3,43,black_high,black,0.5,0.7316993546024301,0.8806640160583621,0.18958426681068474,0.9593036458849814,0.9955212295306382
660bdc29f5dec2745c7e7ee3,44,black_high,black,0.5,0.8361856910770733,0.8806640160583621,0.18958426681068474,0.9841681017856027,0.9955212295306382
660bdc29f5dec2745c7e7ee3,45,black_high,black,0.5,0.6895541821480436,0.8806640160583621,0.18958426681068474,0.9409738442045906,0.9955212295306382
660bdc29f5dec2745c7e7ee3,46,black_high,black,0.5,0.7581224212004609,0.8806640160583621,0.18958426681068474,0.967869523798452,0.9955212295306382
660bdc29f5dec2745c7e7ee3,47,white_high,white,0.5,0.7841213398549655,0.8806640160583621,0.18958426681068474,0.9745826936504933,0.9955212295306382
660d675bbdf59327d9deb4ad,0,white_high,black,0.5,0.5,0.5,0.5,0.786080726971504,0.21391927302849603
660d675bbdf59327d9deb4ad,1,black_high,black,0.5,0.5,0.5,0.45783012016470054,0.786080726971504,0.24421057663391707
660d675bbdf59327d9deb4ad,2,black_high,black,0.5,0.4746980720988203,0.5,0.45783012016470054,0.7682442081698453,0.24421057663391707
660d675bbdf59327d9deb4ad,3,white_high,black,0.5,0.47683203061720864,0.5,0.45783012016470054,0.7697878368789792,0.24421057663391707
660d675bbdf59327d9deb4ad,4,black_high,black,0.5,0.47683203061720864,0.5,0.41921683786004826,0.7697878368789792,0.2743851393607043
660d675bbdf59327d9deb4ad,5,white_high,black,0.5,0.5040879394881888,0.5,0.41921683786004826,0.7888667777829367,0.2743851393607043
660d675bbdf59327d9deb4ad,6,black_high,black,0.5,0.5040879394881888,0.5,0.38386019050506337,0.7888667777829367,0.3039616139370868
660d675bbdf59327d9deb4ad,7,white_high,white,0.5,0.5206111155883267,0.5,0.38386019050506337,0.799856166657958,0.3039616139370868
660d675bbdf59327d9deb4ad,8,black_high,black,0.5,0.5206111155883267,0.5421698798352994,0.38386019050506337,0.799856166657958,0.3414645394439829
660d675bbdf59327d9deb4ad,9,white_high,black,0.5,0.5273067550201243,0.5421698798352994,0.38386019050506337,0.8041855295715868,0.3414645394439829
660d675bbdf59327d9deb4ad,10,white_high,black,0.5,0.5273067550201243,0.5421698798352994,0.35148551429075603,0.8041855295715868,0.37169903983824853
660d675bbdf59327d9deb4ad,11,black_high,black,0.5,0.5273067550201243,0.5421698798352994,0.3218413104877768,0.8041855295715868,0.4003002111236424
660d675bbdf59327d9deb4ad,12,black_high,white,0.5,0.5418716617984628,0.5421698798352994,0.3218413104877768,0.8133574203403466,0.4003002111236424
660d675bbdf59327d9deb4ad,13,white_high,black,0.45783012016470054,0.5418716617984628,0.5421698798352994,0.3218413104877768,0.8380383180031179,0.4003002111236424
660d675bbdf59327d9deb4ad,14,white_high,black,0.45783012016470054,0.5418716617984628,0.5421698798352994,0.2946972917091671,0.8380383180031179,0.42710428135232764
660d675bbdf59327d9deb4ad,15,black_high,black,0.45783012016470054,0.5418716617984628,0.5421698798352994,0.26984259295083957,0.8380383180031179,0.45203310649896
660d675bbdf59327d9deb4ad,16,white_high,black,0.45783012016470054,0.5805100957406713,0.5421698798352994,0.26984259295083957,0.8582769165782447,0.45203310649896
660d675bbdf59327d9deb4ad,17,black_high,black,0.45783012016470054,0.5805100957406713,0.5421698798352994,0.24708413351247452,0.8582769165782447,0.4750756925119492
660d675bbdf59327d9deb4ad,18,black_high,black,0.45783012016470054,0.5737198936148461,0.5421698798352994,0.24708413351247452,0.8548799779673254,0.4750756925119492
660d675bbdf59327d9deb4ad,19,black_high,black,0.45783012016470054,0.5843703274385477,0.5421698798352994,0.24708413351247452,0.860178319985735,0.4750756925119492
660d675bbdf59327d9deb4ad,20,black_high,black,0.45783012016470054,0.6025564822002305,0.5421698798352994,0.24708413351247452,0.8688503077817262,0.4750756925119492
660d675bbdf59327d9deb4ad,21,white_high,black,0.45783012016470054,0.6192088210399807,0.5421698798352994,0.24708413351247452,0.8763862345226018,0.4750756925119492
660d675bbdf59327d9deb4ad,22,white_high,black,0.45783012016470054,0.6192088210399807,0.5421698798352994,0.22624511707361425,0.8763862345226018,0.49627082362995995
660d675bbdf59327d9deb4ad,23,white_high,black,0.45783012016470054,0.6192088210399807,0.5421698798352994,0.2071636582729791,0.8763862345226018,0.5156920067297834
660d675bbdf59327d9deb4ad,24,black_high,white,0.45783012016470054,0.6192088210399807,0.5421698798352994,0.18969152512175397,0.8763862345226018,0.5334351796222631
660d675bbdf59327d9deb4ad,25,white_high,black,0.41921683786004826,0.6192088210399807,0.5421698798352994,0.18969152512175397,0.8924380629734314,0.5334351796222631
660d675bbdf59327d9deb4ad,26,white_high,black,0.41921683786004826,0.6192088210399807,0.5421698798352994,0.17369298748143586,0.8924380629734314,0.5496091476213737
660d675bbdf59327d9deb4ad,27,black_high,white,0.41921683786004826,0.6192088210399807,0.5421698798352994,0.1590437626607832,0.8924380629734314,0.5643284517438121
660d675bbdf59327d9deb4ad,28,white_high,white,0.38386019050506337,0.6192088210399807,0.5421698798352994,0.1590437626607832,0.9054988092885135,0.5643284517438121
660d675bbdf59327d9deb4ad,29,black_high,black,0.38386019050506337,0.6192088210399807,0.5470472582717121,0.1590437626607832,0.9054988092885135,0.5692054174466802
660d675bbdf59327d9deb4ad,30,black_high,black,0.38386019050506337,0.6344567056240329,0.5470472582717121,0.1590437626607832,0.9106801224460295,0.5692054174466802
660d675bbdf59327d9deb4ad,31,white_high,white,0.38386019050506337,0.656852563253841,0.5470472582717121,0.1590437626607832,0.917826125401662,0.5692054174466802
660d675bbdf59327d9deb4ad,32,white_high,white,0.38386019050506337,0.656852563253841,0.5177773759147356,0.1590437626607832,0.917826125401662,0.5397693044403008
660d675bbdf59327d9deb4ad,33,black_high,black,0.38386019050506337,0.656852563253841,0.5162780363025129,0.1590437626607832,0.917826125401662,0.5382521534453872
660d675bbdf59327d9deb4ad,34,white_high,white,0.38386019050506337,0.6773595596335342,0.5162780363025129,0.1590437626607832,0.9239088463272089,0.5382521534453872
660d675bbdf59327d9deb4ad,35,white_high,white,0.38386019050506337,0.6773595596335342,0.5064711746657898,0.1590437626607832,0.9239088463272089,0.5283125795692488
660d675bbdf59327d9deb4ad,36,white_high,white,0.38386019050506337,0.6773595596335342,0.4890574454155709,0.1590437626607832,0.9239088463272089,0.5106127752373217
660d675bbdf59327d9deb4ad,37,white_high,white,0.38386019050506337,0.6773595596335342,0.49841431380646395,0.1590437626607832,0.9239088463272089,0.5201295024837554
660d675bbdf59327d9deb4ad,38,white_high,white,0.38386019050506337,0.6773595596335342,0.5069820261659996,0.1590437626607832,0.9239088463272089,0.5288309677487241
660d675bbdf59327d9deb4ad,39,black_high,black,0.38386019050506337,0.6773595596335342,0.4895252118230256,0.1590437626607832,0.9239088463272089,0.5110887734589986
660d675bbdf59327d9deb4ad,40,black_high,black,0.38386019050506337,0.6792690489328784,0.4895252118230256,0.1590437626607832,0.9244537127249657,0.5110887734589986
660d675bbdf59327d9deb4ad,41,white_high,white,0.38386019050506337,0.6725835163965626,0.4895252118230256,0.1590437626607832,0.9225301958574977,0.5110887734589986
660d675bbdf59327d9deb4ad,42,black_high,black,0.38386019050506337,0.6725835163965626,0.4819746769734122,0.1590437626607832,0.9225301958574977,0.5034035084165535
6613f83d1a9cf059d0af91ec,0,black_high,black,0.5,0.5,0.5,0.5,0.48977052263929194,0.5102294773607081
6613f83d1a9cf059d0af91ec,1,black_high,black,0.5,0.5925141086522753,0.5,0.5,0.5800793244331888,0.5102294773607081
6613f83d1a9cf059d0af91ec,2,white_high,white,0.5,0.7347480244582008,0.5,0.5,0.7073934589318069,0.5102294773607081
6613f83d1a9cf059d0af91ec,3,white_high,white,0.5,0.7347480244582008,0.5462570543261376,0.5,0.7073934589318069,0.5555040477582441
6613f83d1a9cf059d0af91ec,4,black_high,white,0.5,0.7347480244582008,0.7098881208813757,0.5,0.7073934589318069,0.704076737044511
6613f83d1a9cf059d0af91ec,5,white_high,white,0.2687147283693119,0.7347480244582008,0.7098881208813757,0.5,0.8572720354607559,0.704076737044511
6613f83d1a9cf059d0af91ec,6,white_high,white,0.2687147283693119,0.7347480244582008,0.7515712217595812,0.5,0.8572720354607559,0.7370711578853281
6613f83d1a9cf059d0af91ec,7,black_high,white,0.2687147283693119,0.7347480244582008,0.7739729480197365,0.5,0.8572720354607559,0.7537933188531112
6613f83d1a9cf059d0af91ec,8,black_high,black,0.14441521048518613,0.7347480244582008,0.7739729480197365,0.5,0.9073673797190526,0.7537933188531112
6613f83d1a9cf059d0af91ec,9,black_high,black,0.14441521048518613,0.7186746119073112,0.7739729480197365,0.5,0.9019127791253708,0.7537933188531112
6613f83d1a9cf059d0af91ec,10,white_high,white,0.14441521048518613,0.7562933408582886,0.7739729480197365,0.5,0.9142511111697648,0.7537933188531112
6613f83d1a9cf059d0af91ec,11,white_high,white,0.14441521048518613,0.7562933408582886,0.8322693499198767,0.5,0.9142511111697648,0.7938565312380041
6613f83d1a9cf059d0af91ec,12,black_high,black,0.14441521048518613,0.7562933408582886,0.8173424991967478,0.5,0.9142511111697648,0.7840788856334387
6613f83d1a9cf059d0af91ec,13,white_high,white,0.14441521048518613,0.7302536995954721,0.8173424991967478,0.5,0.9058702460452772,0.7840788856334387
6613f83d1a9cf059d0af91ec,14,black_high,black,0.14441521048518613,0.7302536995954721,0.6705492069433854,0.5,0.9058702460452772,0.6708423199626883
6613f83d1a9cf059d0af91ec,15,white_high,black,0.14441521048518613,0.7162592293379281,0.6705492069433854,0.5,0.9010687797111032,0.6708423199626883
6613f83d1a9cf059d0af91ec,16,black_high,black,0.14441521048518613,0.7162592293379281,0.6705492069433854,0.2687147283693119,0.9010687797111032,0.8350781856232503
6613f83d1a9cf059d0af91ec,17,white_high,white,0.14441521048518613,0.8475093517684842,0.6705492069433854,0.2687147283693119,0.9385202782675175,0.8350781856232503
6613f83d1a9cf059d0af91ec,18,black_high,black,0.14441521048518613,0.8475093517684842,0.7766863849393373,0.2687147283693119,0.9385202782675175,0.8849007080709418
6613f83d1a9cf059d0af91ec,19,white_high,white,0.14441521048518613,0.8717899794370783,0.7766863849393373,0.2687147283693119,0.9438073444012165,0.8849007080709418
6613f83d1a9cf059d0af91ec,20,black_high,black,0.14441521048518613,0.8717899794370783,0.7874705765233346,0.2687147283693119,0.9438073444012165,0.8891525317052005
6613f83d1a9cf059d0af91ec,21,white_high,white,0.14441521048518613,0.8848391039742836,0.7874705765233346,0.2687147283693119,0.9464692095651933,0.8891525317052005
6613f83d1a9cf059d0af91ec,22,black_high,black,0.14441521048518613,0.8848391039742836,0.8857804273999628,0.2687147283693119,0.9464692095651933,0.9219356057131277
6613f83d1a9cf059d0af91ec,23,white_high,white,0.14441521048518613,0.8918520878852285,0.8857804273999628,0.2687147283693119,0.9478501926017485,0.9219356057131277
6613f83d1a9cf059d0af91ec,24,white_high,white,0.14441521048518613,0.8918520878852285,0.8923579828225066,0.2687147283693119,0.9478501926017485,0.9237780640753999
6613f83d1a9cf059d0af91ec,25,white_high,white,0.14441521048518613,0.8918520878852285,0.8496359005337749,0.2687147283693119,0.9478501926017485,0.9110659794858188
6613f83d1a9cf059d0af91ec,26,black_high,black,0.14441521048518613,0.8918520878852285,0.8729328493847367,0.2687147283693119,0.9478501926017485,0.9182188462215924
6613f83d1a9cf059d0af91ec,27,white_high,white,0.14441521048518613,0.7568499090401914,0.8729328493847367,0.2687147283693119,0.9144226406729924,0.9182188462215924
6613f83d1a9cf059d0af91ec,28,black_high,black,0.14441521048518613,0.7568499090401914,0.7929392072971013,0.2687147283693119,0.9144226406729924,0.8912556463775628
6613f83d1a9cf059d0af91ec,29,white_high,white,0.14441521048518613,0.8230669243833855,0.7929392072971013,0.2687147283693119,0.9327312612026084,0.8912556463775628
6613f83d1a9cf059d0af91ec,30,white_high,white,0.14441521048518613,0.8230669243833855,0.8887194306658124,0.2687147283693119,0.9327312612026084,0.9227638440586097
6613f83d1a9cf059d0af91ec,31,white_high,white,0.14441521048518613,0.8230669243833855,0.8939374897510252,0.2687147283693119,0.9327312612026084,0.9242145255040471
6613f83d1a9cf059d0af91ec,32,black_high,black,0.14441521048518613,0.8230669243833855,0.8504847740842835,0.2687147283693119,0.9327312612026084,0.9113362414412888
6613f83d1a9cf059d0af91ec,33,black_high,black,0.14441521048518613,0.8123968446399937,0.8504847740842835,0.2687147283693119,0.9300486621755188,0.9113362414412888
6613f83d1a9cf059d0af91ec,34,black_high,black,0.14441521048518613,0.8529194838062826,0.8504847740842835,0.2687147283693119,0.93973717085639,0.9113362414412888
6613f83d1a9cf059d0af91ec,35,black_high,black,0.14441521048518613,0.8746975437590365,0.8504847740842835,0.2687147283693119,0.944411026709913,0.9113362414412888
6613f83d1a9cf059d0af91ec,36,black_high,black,0.14441521048518613,0.793887606035991,0.8504847740842835,0.2687147283693119,0.9251595228942149,0.9113362414412888
6613f83d1a9cf059d0af91ec,37,white_high,black,0.14441521048518613,0.7967150194325502,0.8504847740842835,0.2687147283693119,0.9259261939985224,0.9113362414412888
6613f83d1a9cf059d0af91ec,38,white_high,white,0.14441521048518613,0.7967150194325502,0.8504847740842835,0.14441521048518613,0.9259261939985224,0.943702027319138
6613f83d1a9cf059d0af91ec,39,black_high,black,0.14441521048518613,0.7967150194325502,0.9196461133619639,0.14441521048518613,0.9259261939985224,0.9565318910963673
6613f83d1a9cf059d0af91ec,40,black_high,black,0.14441521048518613,0.7519775003521009,0.9196461133619639,0.14441521048518613,0.9129103998592096,0.9565318910963673
6613f83d1a9cf059d0af91ec,41,black_high,black,0.14441521048518613,0.8204483484291365,0.9196461133619639,0.14441521048518613,0.9320818911191922,0.9565318910963673
6613f83d1a9cf059d0af91ec,42,white_high,black,0.14441521048518613,0.810989544787473,0.9196461133619639,0.14441521048518613,0.9296875491828006,0.9565318910963673
6613f83d1a9cf059d0af91ec,43,black_high,black,0.14441521048518613,0.810989544787473,0.9196461133619639,0.07761298811584758,0.9296875491828006,0.9662400994844587
6613f83d1a9cf059d0af91ec,44,white_high,white,0.14441521048518613,0.852163159411074,0.9196461133619639,0.07761298811584758,0.9395684173277549,0.9662400994844587
6613f83d1a9cf059d0af91ec,45,white_high,white,0.14441521048518613,0.852163159411074,0.9105584000311456,0.07761298811584758,0.9395684173277549,0.9650540146201869
6613f83d1a9cf059d0af91ec,46,white_high,white,0.14441521048518613,0.852163159411074,0.5818750149098043,0.07761298811584758,0.9395684173277549,0.8834056526229187
6613f83d1a9cf059d0af91ec,47,black_high,black,0.14441521048518613,0.852163159411074,0.6365161534357181,0.07761298811584758,0.9395684173277549,0.9037918109631339
6614fb6af3c5aa23b962ea2d,0,white_high,black,0.5,0.5,0.5,0.5,0.4583416608325446,0.5416583391674554
6614fb6af3c5aa23b962ea2d,1,white_high,white,0.5,0.5,0.5,0.2944407700355484,0.4583416608325446,0.5470588675079434
6614fb6af3c5aa23b962ea2d,2,white_high,black,0.5,0.5,0.5822236919857806,0.2944407700355484,0.4583416608325446,0.5492160529602205
6614fb6af3c5aa23b962ea2d,3,white_high,black,0.5,0.5,0.5822236919857806,0.1733907341182534,0.4583416608325446,0.5523884830200642
6614fb6af3c5aa23b962ea2d,4,black_high,black,0.5,0.5,0.5822236919857806,0.10210660254161513,0.4583416608325446,0.5542546921102475
6614fb6af3c5aa23b962ea2d,5,white_high,black,0.5,0.5,0.5822236919857806,0.10210660254161513,0.4583416608325446,0.5542546921102475
6614fb6af3c5aa23b962ea2d,6,white_high,white,0.5,0.5,0.5822236919857806,0.06012869335613369,0.4583416608325446,0.5553529564487731
6614fb6af3c5aa23b962ea2d,7,black_high,black,0.5,0.5,0.548420014366918,0.06012869335613369,0.4583416608325446,0.554468595693403
6614fb6af3c5aa23b962ea2d,8,white_high,white,0.5,0.5822236919857806,0.548420014366918,0.06012869335613369,0.46050468806917055,0.554468595693403
6614fb6af3c5aa23b962ea2d,9,white_high,black,0.5,0.5822236919857806,0.6929610366022165,0.06012869335613369,0.46050468806917055,0.5582475469513537
6614fb6af3c5aa23b962ea2d,10,white_high,black,0.5,0.5822236919857806,0.6929610366022165,0.035408677546022733,0.46050468806917055,0.5588931765750066
6614fb6af3c5aa23b962ea2d,11,black_high,white,0.5,0.5822236919857806,0.6929610366022165,0.020851516565182734,0.46050468806917055,0.5592732829362055
6614fb6af3c5aa23b962ea2d,12,black_high,white,0.2944407700355484,0.5822236919857806,0.6929610366022165,0.020851516565182734,0.4659185923063107,0.5592732829362055
6614fb6af3c5aa23b962ea2d,13,black_high,white,0.1733907341182534,0.5822236919857806,0.6929610366022165,0.020851516565182734,0.46911058354031016,0.5592732829362055
6614fb6af3c5aa23b962ea2d,14,black_high,white,0.10210660254161513,0.5822236919857806,0.6929610366022165,0.020851516565182734,0.4709914882591316,0.5592732829362055
6614fb6af3c5aa23b962ea2d,15,black_high,white,0.06012869335613369,0.5822236919857806,0.6929610366022165,0.020851516565182734,0.4720995072920718,0.5592732829362055
6614fb6af3c5aa23b962ea2d,16,white_high,black,0.035408677546022733,0.5822236919857806,0.6929610366022165,0.020851516565182734,0.4727521285741565,0.5592732829362055
6614fb6af3c5aa23b962ea2d,17,black_high,white,0.035408677546022733,0.5822236919857806,0.6929610366022165,0.012279073187722795,0.4727521285741565,0.5594970880808889
6614fb6af3c5aa23b962ea2d,18,black_high,white,0.020851516565182734,0.5822236919857806,0.6929610366022165,0.012279073187722795,0.47313648891207183,0.5594970880808889
6614fb6af3c5aa23b962ea2d,19,black_high,white,0.012279073187722795,0.5822236919857806,0.6929610366022165,0.012279073187722795,0.47336284654625965,0.5594970880808889
6614fb6af3c5aa23b962ea2d,20,black_high,white,0.007230919529431912,0.5822236919857806,0.6929610366022165,0.012279073187722795,0.4734961495072841,0.5594970880808889
6614fb6af3c5aa23b962ea2d,21,black_high,white,0.004258155028622035,0.5822236919857806,0.6929610366022165,0.012279073187722795,0.4735746509291545,0.5594970880808889
6614fb6af3c5aa23b962ea2d,22,white_high,black,0.0025075488911164294,0.5822236919857806,0.6929610366022165,0.012279073187722795,0.473620879578802,0.5594970880808889
6614fb6af3c5aa23b962ea2d,23,black_high,white,0.0025075488911164294,0.5822236919857806,0.6929610366022165,0.007230919529431912,0.473620879578802,0.5596288714922466
6614fb6af3c5aa23b962ea2d,24,black_high,white,0.001476649252804214,0.5822236919857806,0.6929610366022165,0.007230919529431912,0.47364810298883353,0.5596288714922466
6614fb6af3c5aa23b962ea2d,25,white_high,black,0.0008695714861361799,0.5822236919857806,0.6929610366022165,0.007230919529431912,0.47366413442576644,0.5596288714922466
6614fb6af3c5aa23b962ea2d,26,white_high,black,0.0008695714861361799,0.5822236919857806,0.6929610366022165,0.004258155028622035,0.47366413442576644,0.559706472380206
6614fb6af3c5aa23b962ea2d,27,white_high,white,0.0008695714861361799,0.5822236919857806,0.6929610366022165,0.0025075488911164294,0.47366413442576644,0.5597521687457832
6614fb6af3c5aa23b962ea2d,28,black_high,white,0.0008695714861361799,0.5822236919857806,0.7780785763795899,0.0025075488911164294,0.47366413442576644,0.5619727702103211
6614fb6af3c5aa23b962ea2d,29,white_high,black,0.0005120745959577861,0.5822236919857806,0.7780785763795899,0.0025075488911164294,0.4736735750684417,0.5619727702103211
6614fb6af3c5aa23b962ea2d,30,black_high,white,0.0005120745959577861,0.5822236919857806,0.7780785763795899,0.001476649252804214,0.4736735750684417,0.5619996499601442
6614fb6af3c5aa23b962ea2d,31,black_high,white,0.0003015512766989057,0.5822236919857806,0.7780785763795899,0.001476649252804214,0.4736791344974461,0.5619996499601442
6614fb6af3c5aa23b962ea2d,32,white_high,black,0.00017757798023285704,0.5822236919857806,0.7780785763795899,0.001476649252804214,0.4736824083456133,0.5619996499601442
6614fb6af3c5aa23b962ea2d,33,white_high,black,0.00017757798023285704,0.5822236919857806,0.7780785763795899,0.0008695714861361799,0.4736824083456133,0.5620154787783548
6614fb6af3c5aa23b962ea2d,34,white_high,black,0.00017757798023285704,0.5822236919857806,0.7780785763795899,0.0005120745959577861,0.4736824083456133,0.5620248000181404
6614fb6af3c5aa23b962ea2d,35,white_high,black,0.00017757798023285704,0.5822236919857806,0.7780785763795899,0.0003015512766989057,0.4736824083456133,0.5620302891036966
6614fb6af3c5aa23b962ea2d,36,black_high,white,0.00017757798023285704,0.5822236919857806,0.7780785763795899,0.00017757798023285704,0.4736824083456133,0.5620335215177483
6614fb6af3c5aa23b962ea2d,37,white_high,black,0.00010457239448223964,0.5822236919857806,0.7780785763795899,0.00017757798023285704,0.4736843362554227,0.5620335215177483
6614fb6af3c5aa23b962ea2d,38,white_high,black,0.00010457239448223964,0.5822236919857806,0.7780785763795899,0.00010457239448223964,0.4736843362554227,0.5620354250242496
6614fb6af3c5aa23b962ea2d,39,black_high,white,0.00010457239448223964,0.5822236919857806,0.7780785763795899,6.158075271162354e-05,0.4736843362554227,0.5620365459632352
6614fb6af3c5aa23b962ea2d,40,white_high,white,6.158075271162354e-05,0.5822236919857806,0.7780785763795899,6.158075271162354e-05,0.47368547156628743,0.5620365459632352
6614fb6af3c5aa23b962ea2d,41,black_high,white,6.158075271162354e-05,0.5822236919857806,0.54041980234052,6.158075271162354e-05,0.47368547156628743,0.5558306074287283
6614fb6af3c5aa23b962ea2d,42,black_high,white,3.626376849555825e-05,0.5822236919857806,0.54041980234052,6.158075271162354e-05,0.4736861401300252,0.5558306074287283
6614fb6af3c5aa23b962ea2d,43,black_high,black,2.1355063840446064e-05,0.5822236919857806,0.54041980234052,6.158075271162354e-05,0.4736865338349128,0.5558306074287283
6614fb6af3c5aa23b962ea2d,44,black_high,black,2.1355063840446064e-05,0.5895318603598083,0.54041980234052,6.158075271162354e-05,0.4738795298235715,0.5558306074287283
6614fb6af3c5aa23b962ea2d,45,black_high,white,2.1355063840446064e-05,0.6349473517998949,0.54041980234052,6.158075271162354e-05,0.4750790465166085,0.5558306074287283
6631997e0554bb6d25062fd4,0,white_high,black,0.5,0.5,0.5,0.5,0.7509460940636825,0.24905390593631746
6631997e0554bb6d25062fd4,1,black_high,white,0.5,0.5,0.5,0.1956616524102937,0.7509460940636825,0.4354474412693988
6631997e0554bb6d25062fd4,2,black_high,black,0.1956616524102937,0.5,0.5,0.1956616524102937,0.8751923165336145,0.4354474412693988
6631997e0554bb6d25062fd4,3,black_high,black,0.1956616524102937,0.6217353390358825,0.5,0.1956616524102937,0.9076498782102853,0.4354474412693988
6631997e0554bb6d25062fd4,4,black_high,black,0.1956616524102937,0.6085055447029174,0.5,0.1956616524102937,0.9045281690140625,0.4354474412693988
6631997e0554bb6d25062fd4,5,black_high,black,0.1956616524102937,0.6641960873803862,0.5,0.1956616524102937,0.9170577439517744,0.4354474412693988
6631997e0554bb6d25062fd4,6,black_high,black,0.1956616524102937,0.7468567641061264,0.5,0.1956616524102937,0.9329094022838768,0.4354474412693988
6631997e0554bb6d25062fd4,7,black_high,white,0.1956616524102937,0.5966008047473256,0.5,0.1956616524102937,0.9016387871211501,0.4354474412693988
6631997e0554bb6d25062fd4,8,white_high,black,0.07656696444785319,0.5966008047473256,0.5,0.1956616524102937,0.9272939698770308,0.4354474412693988
6631997e0554bb6d25062fd4,9,white_high,white,0.07656696444785319,0.5966008047473256,0.5,0.07656696444785319,0.9272939698770308,0.5176475393666163
6631997e0554bb6d25062fd4,10,white_high,white,0.07656696444785319,0.5966008047473256,0.6826030085538238,0.07656696444785319,0.9272939698770308,0.640382011574474
6631997e0554bb6d25062fd4,11,black_high,black,0.07656696444785319,0.5966008047473256,0.8149274908492294,0.07656696444785319,0.9272939698770308,0.7199050985651139
6631997e0554bb6d25062fd4,12,black_high,black,0.07656696444785319,0.7812728242338167,0.8149274908492294,0.07656696444785319,0.9551261094321065,0.7199050985651139
6631997e0554bb6d25062fd4,13,white_high,white,0.07656696444785319,0.7926716196892212,0.8149274908492294,0.07656696444785319,0.9564616662112997,0.7199050985651139
6631997e0554bb6d25062fd4,14,black_high,black,0.07656696444785319,0.7926716196892212,0.7449738055338583,0.07656696444785319,0.9564616662112997,0.679176985177634
6631997e0554bb6d25062fd4,15,white_high,black,0.07656696444785319,0.797132233997804,0.7449738055338583,0.07656696444785319,0.9569739039281255,0.679176985177634
6631997e0554bb6d25062fd4,16,white_high,white,0.07656696444785319,0.797132233997804,0.7449738055338583,0.029962437567814332,0.9569739039281255,0.7066642816787414
6631997e0554bb6d25062fd4,17,white_high,white,0.07656696444785319,0.797132233997804,0.8393346372477504,0.029962437567814332,0.9569739039281255,0.7578492020366264
6631997e0554bb6d25062fd4,18,white_high,white,0.07656696444785319,0.797132233997804,0.8762602297596499,0.029962437567814332,0.9569739039281255,0.7761426850808651
6631997e0554bb6d25062fd4,19,white_high,white,0.07656696444785319,0.797132233997804,0.708107066100041,0.029962437567814332,0.9569739039281255,0.6850326275299446
6631997e0554bb6d25062fd4,20,white_high,black,0.07656696444785319,0.797132233997804,0.7640401534166082,0.029962437567814332,0.9569739039281255,0.7175038981447953
6631997e0554bb6d25062fd4,21,black_high,black,0.07656696444785319,0.797132233997804,0.7640401534166082,0.011725000089517629,0.9569739039281255,0.7276417500759502
6631997e0554bb6d25062fd4,22,white_high,black,0.07656696444785319,0.8597454458485098,0.7640401534166082,0.011725000089517629,0.9635825865918635,0.7276417500759502
6631997e0554bb6d25062fd4,23,black_high,black,0.07656696444785319,0.8597454458485098,0.7640401534166082,0.004588265784051721,0.9635825865918635,0.7315463780446289
6631997e0554bb6d25062fd4,24,white_high,black,0.07656696444785319,0.9451151243533008,0.7640401534166082,0.004588265784051721,0.9710374740124379,0.7315463780446289
6631997e0554bb6d25062fd4,25,black_high,black,0.07656696444785319,0.9451151243533008,0.7640401534166082,0.001795495330010343,0.9710374740124379,0.733064667141824
6631997e0554bb6d25062fd4,26,white_high,white,0.07656696444785319,0.9176545995593255,0.7640401534166082,0.001795495330010343,0.9688171455051715,0.733064667141824
6631997e0554bb6d25062fd4,27,black_high,black,0.07656696444785319,0.9176545995593255,0.7859280739941459,0.001795495330010343,0.9688171455051715,0.7447733709364124
6631997e0554bb6d25062fd4,28,black_high,black,0.07656696444785319,0.9069086562448394,0.7859280739941459,0.001795495330010343,0.9679041503391487,0.7447733709364124
6631997e0554bb6d25062fd4,29,black_high,black,0.07656696444785319,0.9027035181936,0.7859280739941459,0.001795495330010343,0.9675398821702167,0.7447733709364124
6631997e0554bb6d25062fd4,30,black_high,black,0.07656696444785319,0.9010579496741621,0.7859280739941459,0.001795495330010343,0.9673962505001256,0.7447733709364124
6631997e0554bb6d25062fd4,31,white_high,black,0.07656696444785319,0.8395463308448857,0.7859280739941459,0.001795495330010343,0.9615650136728808,0.7447733709364124
6631997e0554bb6d25062fd4,32,white_high,white,0.07656696444785319,0.8395463308448857,0.7859280739941459,0.0007026191663295786,0.9615650136728808,0.7453490588137203
6631997e0554bb6d25062fd4,33,white_high,white,0.07656696444785319,0.8395463308448857,0.8553609969281397,0.0007026191663295786,0.9615650136728808,0.7801453281521707
6631997e0554bb6d25062fd4,34,black_high,black,0.07656696444785319,0.8395463308448857,0.8825317177940233,0.0007026191663295786,0.9615650136728808,0.7927964020092488
6631997e0554bb6d25062fd4,35,black_high,black,0.07656696444785319,0.8763430703976903,0.8825317177940233,0.0007026191663295786,0.965163789707642,0.7927964020092488
6631997e0554bb6d25062fd4,36,white_high,white,0.07656696444785319,0.8298748226081749,0.8825317177940233,0.0007026191663295786,0.9605613881575399,0.7927964020092488
6631997e0554bb6d25062fd4,37,black_high,black,0.07656696444785319,0.8298748226081749,0.8931642540776186,0.0007026191663295786,0.9605613881575399,0.7975983739948126
6631997e0554bb6d25062fd4,38,white_high,white,0.07656696444785319,0.9334260533498423,0.8931642540776186,0.0007026191663295786,0.9701117430148328,0.7975983739948126
6631997e0554bb6d25062fd4,39,white_high,white,0.07656696444785319,0.9334260533498423,0.8364573437967986,0.0007026191663295786,0.9701117430148328,0.7710216495195369
6631997e0554bb6d25062fd4,40,black_high,black,0.07656696444785319,0.9334260533498423,0.8751342777774849,0.0007026191663295786,0.9701117430148328,0.789406165173751
6631997e0554bb6d25062fd4,41,white_high,black,0.07656696444785319,0.9130803936639695,0.8751342777774849,0.0007026191663295786,0.9684316259095695,0.789406165173751
6631997e0554bb6d25062fd4,42,black_high,black,0.07656696444785319,0.9130803936639695,0.8751342777774849,0.0002749512541983767,0.9684316259095695,0.789603267678991
6631997e0554bb6d25062fd4,43,white_high,white,0.07656696444785319,0.9051186628769389,0.8751342777774849,0.0002749512541983767,0.9677495786047657,0.789603267678991
6631997e0554bb6d25062fd4,44,black_high,black,0.07656696444785319,0.9051186628769389,0.7685341243672521,0.0002749512541983767,0.9677495786047657,0.7363158568601086
6631997e0554bb6d25062fd4,45,white_high,white,0.07656696444785319,0.9020030520732661,0.7685341243672521,0.0002749512541983767,0.9674788176445648,0.7363158568601086
6631997e0554bb6d25062fd4,46,white_high,white,0.07656696444785319,0.9020030520732661,0.909422008594202,0.0002749512541983767,0.9674788176445648,0.804965662920442
6631997e0554bb6d25062fd4,47,black_high,black,0.07656696444785319,0.9020030520732661,0.8428193820231898,0.0002749512541983767,0.9674788176445648,0.7743289751230635
663636e1e732142a9c211523,0,black_high,black,0.5,0.5,0.5,0.5,0.8115777456288,0.18842225437119994
663636e1e732142a9c211523,1,black_high,black,0.5,0.44271413698853296,0.5,0.5,0.7507688770600183,0.18842225437119994
663636e1e732142a9c211523,2,white_high,black,0.5,0.3609591119752845,0.5,0.5,0.6439164290695096,0.18842225437119994
663636e1e732142a9c211523,3,black_high,black,0.5,0.3609591119752845,0.5,0.2135706849426648,0.6439164290695096,0.5811735857890474
663636e1e732142a9c211523,4,white_high,white,0.5,0.5551816106419843,0.5,0.2135706849426648,0.8587246529654602,0.5811735857890474
663636e1e732142a9c211523,5,black_high,black,0.5,0.5551816106419843,0.557285863011467,0.2135706849426648,0.8587246529654602,0.6648917125743546
663636e1e732142a9c211523,6,white_high,white,0.5,0.5235703487620961,0.557285863011467,0.2135706849426648,0.8330529466591859,0.6648917125743546
663636e1e732142a9c211523,7,white_high,white,0.5,0.5235703487620961,0.6963267510361825,0.2135706849426648,0.8330529466591859,0.825355493241869
663636e1e732142a9c211523,8,black_high,black,0.5,0.5235703487620961,0.526573414371264,0.2135706849426648,0.8330529466591859,0.6209220756936662
663636e1e732142a9c211523,9,white_high,white,0.5,0.6819254600933178,0.526573414371264,0.2135706849426648,0.930595358168406,0.6209220756936662
663636e1e732142a9c211523,10,white_high,white,0.5,0.6819254600933178,0.5113506046170723,0.2135706849426648,0.930595358168406,0.5983135755247437
663636e1e732142a9c211523,11,black_high,black,0.5,0.6819254600933178,0.6767059018395641,0.2135706849426648,0.930595358168406,0.8069930129330745
663636e1e732142a9c211523,12,white_high,white,0.5,0.5204220272298116,0.6767059018395641,0.2135706849426648,0.830301944262819,0.8069930129330745
663636e1e732142a9c211523,13,white_high,white,0.5,0.5204220272298116,0.632764263990041,0.2135706849426648,0.830301944262819,0.760660766264745
663636e1e732142a9c211523,14,white_high,white,0.5,0.5204220272298116,0.7285666986269248,0.2135706849426648,0.830301944262819,0.8524947098731223
663636e1e732142a9c211523,15,white_high,white,0.5,0.5204220272298116,0.5976302927616719,0.2135706849426648,0.830301944262819,0.7184932350040308
663636e1e732142a9c211523,16,black_high,black,0.5,0.5204220272298116,0.7708453890383945,0.2135706849426648,0.830301944262819,0.8826953717841962
663636e1e732142a9c211523,17,black_high,black,0.5,0.3368655036523761,0.7708453890383945,0.2135706849426648,0.6087382362332087,0.8826953717841962
663636e1e732142a9c211523,18,black_high,black,0.5,0.48760437076598967,0.7708453890383945,0.2135706849426648,0.799459775372518,0.8826953717841962
663636e1e732142a9c211523,19,white_high,black,0.5,0.6665629029827953,0.7708453890383945,0.2135706849426648,0.924140273584778,0.8826953717841962
663636e1e732142a9c211523,20,black_high,black,0.5,0.6665629029827953,0.7708453890383945,0.09122487493375797,0.924140273584778,0.9416891316974362
663636e1e732142a9c211523,21,white_high,black,0.5,0.5138600435406814,0.7708453890383945,0.09122487493375797,0.8244523599518757,0.9416891316974362
663636e1e732142a9c211523,22,black_high,black,0.5,0.5138600435406814,0.7708453890383945,0.03896591804682324,0.8244523599518757,0.9572250702079242
663636e1e732142a9c211523,23,black_high,white,0.5,0.5059201979846369,0.7708453890383945,0.03896591804682324,0.8171637409803454,0.9572250702079242
663636e1e732142a9c211523,24,white_high,white,0.2135706849426648,0.5059201979846369,0.7708453890383945,0.03896591804682324,0.9639153580244247,0.9572250702079242
663636e1e732142a9c211523,25,white_high,white,0.2135706849426648,0.5059201979846369,0.730260996523919,0.03896591804682324,0.9639153580244247,0.9455641699579076
663636e1e732142a9c211523,26,black_high,black,0.2135706849426648,0.5059201979846369,0.6556398604978548,0.03896591804682324,0.9639153580244247,0.9159827289936796
663636e1e732142a9c211523,27,black_high,black,0.2135706849426648,0.5598146244886172,0.6556398604978548,0.03896591804682324,0.9739551289653806,0.9159827289936796
663636e1e732142a9c211523,28,black_high,black,0.2135706849426648,0.46826343763177747,0.6556398604978548,0.03896591804682324,0.9547861179029753,0.9159827289936796
663636e1e732142a9c211523,29,black_high,black,0.2135706849426648,0.6010157272975203,0.6556398604978548,0.03896591804682324,0.979741634163245,0.9159827289936796
663636e1e732142a9c211523,30,white_high,white,0.2135706849426648,0.7150055851722268,0.6556398604978548,0.03896591804682324,0.9899516146433878,0.9159827289936796
663636e1e732142a9c211523,31,black_high,black,0.2135706849426648,0.7150055851722268,0.6237660862332823,0.03896591804682324,0.9899516146433878,0.8993496703720777
663636e1e732142a9c211523,32,black_high,black,0.2135706849426648,0.6491236431949289,0.6237660862332823,0.03896591804682324,0.9849173102688773,0.8993496703720777
663636e1e732142a9c211523,33,white_high,white,0.2135706849426648,0.7928403292824412,0.6237660862332823,0.03896591804682324,0.993794456865043,0.8993496703720777
663636e1e732142a9c211523,34,black_high,black,0.2135706849426648,0.7928403292824412,0.7820090676648982,0.03896591804682324,0.993794456865043,0.9599890952293326
663636e1e732142a9c211523,35,black_high,black,0.2135706849426648,0.7969418084417741,0.7820090676648982,0.03896591804682324,0.9939503619769402,0.9599890952293326
663636e1e732142a9c211523,36,black_high,black,0.2135706849426648,0.7414078568569805,0.7820090676648982,0.03896591804682324,0.9914653250624521,0.9599890952293326
663636e1e732142a9c211523,37,white_high,white,0.2135706849426648,0.8322587347248404,0.7820090676648982,0.03896591804682324,0.9951414099826125,0.9599890952293326
663636e1e732142a9c211523,38,white_high,white,0.2135706849426648,0.8322587347248404,0.8496011915283374,0.03896591804682324,0.9951414099826125,0.9733946932809249
663636e1e732142a9c211523,39,white_high,white,0.2135706849426648,0.8322587347248404,0.8211867208973587,0.03896591804682324,0.9951414099826125,0.9683947400968966
663636e1e732142a9c211523,40,white_high,white,0.2135706849426648,0.8322587347248404,0.866335587998943,0.03896591804682324,0.9951414099826125,0.9759701409823772
663636e1e732142a9c211523,41,black_high,black,0.2135706849426648,0.8322587347248404,0.7137629479070833,0.03896591804682324,0.9951414099826125,0.94001371969628
663636e1e732142a9c211523,42,black_high,black,0.2135706849426648,0.8137790401411358,0.7137629479070833,0.03896591804682324,0.9945506060662668,0.94001371969628
663636e1e732142a9c211523,43,white_high,white,0.2135706849426648,0.8058855980815897,0.7137629479070833,0.03896591804682324,0.9942769609511297,0.94001371969628
663636e1e732142a9c211523,44,white_high,white,0.2135706849426648,0.8058855980815897,0.5340211353882909,0.03896591804682324,0.9942769609511297,0.8361467328765897
664c9a37d570871d534dd3c2,0,black_high,black,0.5,0.5,0.5,0.5,0.2656825344015902,0.7343174655984098
664c9a37d570871d534dd3c2,1,white_high,white,0.5,0.6568278044179301,0.5,0.5,0.44871579571684067,0.7343174655984098
664c9a37d570871d534dd3c2,2,white_high,white,0.5,0.6568278044179301,0.6176208533134476,0.5,0.44871579571684067,0.8354454960999828
664c9a37d570871d534dd3c2,3,black_high,white,0.5,0.6568278044179301,0.7283331072840992,0.5,0.44871579571684067,0.8999879477421411
664c9a37d570871d534dd3c2,4,white_high,white,0.3039652444775874,0.6568278044179301,0.7283331072840992,0.5,0.6916005011079651,0.8999879477421411
664c9a37d570871d534dd3c2,5,black_high,white,0.3039652444775874,0.6568278044179301,0.7956384619738068,0.5,0.6916005011079651,0.9272402826327626
664c9a37d570871d534dd3c2,6,black_high,black,0.18478973970063894,0.6568278044179301,0.7956384619738068,0.5,0.8059230804576925,0.9272402826327626
664c9a37d570871d534dd3c2,7,white_high,white,0.18478973970063894,0.5561334527170763,0.7956384619738068,0.5,0.7115979431077252,0.9272402826327626
664c9a37d570871d534dd3c2,8,white_high,white,0.18478973970063894,0.5561334527170763,0.7189345858461748,0.5,0.7115979431077252,0.8955286724952378
664c9a37d570871d534dd3c2,9,black_high,black,0.18478973970063894,0.5561334527170763,0.7507178631361113,0.5,0.7115979431077252,0.9099329757002724
664c9a37d570871d534dd3c2,10,black_high,black,0.18478973970063894,0.4557113351480693,0.7507178631361113,0.5,0.5948347766801687,0.9099329757002724
664c9a37d570871d534dd3c2,11,white_high,white,0.18478973970063894,0.5906964236348415,0.7507178631361113,0.5,0.7468426751227961,0.9099329757002724
664c9a37d570871d534dd3c2,12,white_high,white,0.18478973970063894,0.5906964236348415,0.6524190331261328,0.5,0.7468426751227961,0.8587110202347706
664c9a37d570871d534dd3c2,13,black_high,black,0.18478973970063894,0.5906964236348415,0.47503932402099736,0.5,0.7468426751227961,0.7083938240697951
664c9a37d570871d534dd3c2,14,black_high,white,0.18478973970063894,0.5159301700623323,0.47503932402099736,0.5,0.6671475604787886,0.7083938240697951
664c9a37d570871d534dd3c2,15,black_high,black,0.1123393168101089,0.5159301700623323,0.47503932402099736,0.5,0.7445723617332359,0.7083938240697951
664c9a37d570871d534dd3c2,16,black_high,black,0.1123393168101089,0.4704774849706503,0.47503932402099736,0.5,0.6973871924285434,0.7083938240697951
664c9a37d570871d534dd3c2,17,white_high,white,0.1123393168101089,0.5212593141075035,0.47503932402099736,0.5,0.7497767252669245,0.7083938240697951
664c9a37d570871d534dd3c2,18,white_high,white,0.1123393168101089,0.5212593141075035,0.4848256440474332,0.5,0.7497767252669245,0.7187338931484145
664c9a37d570871d534dd3c2,19,black_high,white,0.1123393168101089,0.5212593141075035,0.5691889485751412,0.5,0.7497767252669245,0.7980799343204282
664c9a37d570871d534dd3c2,20,white_high,white,0.0682944957972598,0.5212593141075035,0.5691889485751412,0.5,0.7900335442950946,0.7980799343204282
664c9a37d570871d534dd3c2,21,white_high,white,0.0682944957972598,0.5212593141075035,0.620475973546545,0.5,0.7900335442950946,0.8374646926954913
664c9a37d570871d534dd3c2,22,black_high,black,0.0682944957972598,0.5212593141075035,0.7300688219234319,0.5,0.7900335442950946,0.9007927471603745
664c9a37d570871d534dd3c2,23,white_high,white,0.0682944957972598,0.47371723411574373,0.7300688219234319,0.5,0.7463693457512506,0.9007927471603745
664c9a37d570871d534dd3c2,24,black_high,black,0.0682944957972598,0.47371723411574373,0.7966936558231831,0.5,0.7463693457512506,0.9276074657007642
664c9a37d570871d534dd3c2,25,white_high,white,0.0682944957972598,0.4840219052848897,0.7966936558231831,0.5,0.7563212105544248,0.9276074657007642
664c9a37d570871d534dd3c2,26,white_high,white,0.0682944957972598,0.4840219052848897,0.6803691192544861,0.5,0.7563212105544248,0.8753510181947531
664c9a37d570871d534dd3c2,27,black_high,black,0.0682944957972598,0.4840219052848897,0.5704449357563114,0.5,0.7563212105544248,0.7991242913251347
664c9a37d570871d534dd3c2,28,black_high,black,0.0682944957972598,0.6079072823807185,0.5704449357563114,0.5,0.854841015722797,0.7991242913251347
664c9a37d570871d534dd3c2,29,black_high,white,0.0682944957972598,0.5656001269395343,0.5704449357563114,0.5,0.8255430834800056,0.7991242913251347
664c9a37d570871d534dd3c2,30,white_high,black,0.041518306222975275,0.5656001269395343,0.5704449357563114,0.5,0.8445911034541895,0.7991242913251347
664c9a37d570871d534dd3c2,31,black_high,black,0.041518306222975275,0.5656001269395343,0.5704449357563114,0.3039652444775874,0.8445911034541895,0.9163918734398696
664c9a37d570871d534dd3c2,32,white_high,white,0.041518306222975275,0.6182942194548376,0.5704449357563114,0.3039652444775874,0.8770961487398633,0.9163918734398696
664c9a37d570871d534dd3c2,33,black_high,black,0.041518306222975275,0.6182942194548376,0.6996534286566803,0.3039652444775874,0.8770961487398633,0.9553103283581382
664c9a37d570871d534dd3c2,34,white_high,white,0.041518306222975275,0.6111216137782327,0.6996534286566803,0.3039652444775874,0.8730426121563806,0.9553103283581382
664c9a37d570871d534dd3c2,35,black_high,black,0.041518306222975275,0.6111216137782327,0.4645476020869027,0.3039652444775874,0.8730426121563806,0.8637542955070436
664c9a37d570871d534dd3c2,36,white_high,black,0.041518306222975275,0.567554216997689,0.4645476020869027,0.3039652444775874,0.845912500217898,0.8637542955070436
664c9a37d570871d534dd3c2,37,black_high,black,0.041518306222975275,0.567554216997689,0.4645476020869027,0.18478973970063894,0.845912500217898,0.9215032955875737
664c9a37d570871d534dd3c2,38,white_high,white,0.041518306222975275,0.6586891214838366,0.4645476020869027,0.18478973970063894,0.8978949099516274,0.9215032955875737
66723b1f7c3cf6961f0868a3,0,white_high,black,0.5,0.5,0.5,0.5,0.811368152994641,0.18863184700535895
66723b1f7c3cf6961f0868a3,1,black_high,black,0.5,0.5,0.5,0.2526414882657142,0.811368152994641,0.21683337409054007
66723b1f7c3cf6961f0868a3,2,white_high,white,0.5,0.6484151070405715,0.5,0.2526414882657142,0.8268907561132224,0.21683337409054007
66723b1f7c3cf6961f0868a3,3,white_high,black,0.5,0.6484151070405715,0.5,0.2526414882657142,0.8268907561132224,0.21683337409054007
66723b1f7c3cf6961f0868a3,4,black_high,black,0.5,0.6484151070405715,0.5,0.12765544318623,0.8268907561132224,0.23219841597649335
66723b1f7c3cf6961f0868a3,5,black_high,black,0.5,0.6244633293945476,0.5,0.12765544318623,0.8244558007981613,0.23219841597649335
66723b1f7c3cf6961f0868a3,6,black_high,black,0.5,0.5628892015454887,0.5,0.12765544318623,0.8180725577611018,0.23219841597649335
66723b1f7c3cf6961f0868a3,7,black_high,black,0.5,0.6801919499891609,0.5,0.12765544318623,0.8300798942441195,0.23219841597649335
66723b1f7c3cf6961f0868a3,8,black_high,black,0.5,0.7889347342249542,0.5,0.12765544318623,0.8406400681046298,0.23219841597649335
66723b1f7c3cf6961f0868a3,9,black_high,black,0.5,0.7449372072262164,0.5,0.12765544318623,0.836432890664539,0.23219841597649335
66723b1f7c3cf6961f0868a3,10,black_high,black,0.5,0.7227060058242722,0.5,0.12765544318623,0.8342733157752302,0.23219841597649335
66723b1f7c3cf6961f0868a3,11,black_high,black,0.5,0.7609446605548854,0.5,0.12765544318623,0.8379738204714704,0.23219841597649335
66723b1f7c3cf6961f0868a3,12,black_high,black,0.5,0.6318508947951558,0.5,0.12765544318623,0.8252096882874511,0.23219841597649335
66723b1f7c3cf6961f0868a3,13,white_high,black,0.5,0.6655654172741429,0.5,0.12765544318623,0.8286178094386348,0.23219841597649335
66723b1f7c3cf6961f0868a3,14,white_high,black,0.5,0.6655654172741429,0.5,0.06450212230357695,0.8286178094386348,0.24024548117610597
66723b1f7c3cf6961f0868a3,15,white_high,white,0.5,0.6655654172741429,0.5,0.0325918243501456,0.8286178094386348,0.24438336049919207
66723b1f7c3cf6961f0868a3,16,white_high,black,0.5,0.6655654172741429,0.6978868093874286,0.0325918243501456,0.8286178094386348,0.2711038533144925
66723b1f7c3cf6961f0868a3,17,black_high,black,0.5,0.6655654172741429,0.6978868093874286,0.016468094018231058,0.8286178094386348,0.2733600796032286
66723b1f7c3cf6961f0868a3,18,black_high,black,0.5,0.7815441962383756,0.6978868093874286,0.016468094018231058,0.839939542303603,0.2733600796032286
66723b1f7c3cf6961f0868a3,19,white_high,black,0.5,0.7906745965410465,0.6978868093874286,0.016468094018231058,0.8408046224022069,0.2733600796032286
66723b1f7c3cf6961f0868a3,20,white_high,white,0.5,0.7906745965410465,0.6978868093874286,0.008321047563331201,0.8408046224022069,0.27450455648717514
66723b1f7c3cf6961f0868a3,21,black_high,black,0.5,0.7906745965410465,0.797875645451016,0.008321047563331201,0.8408046224022069,0.2887905706940314
66723b1f7c3cf6961f0868a3,22,white_high,white,0.5,0.8447597347297607,0.797875645451016,0.008321047563331201,0.8458514770644409,0.2887905706940314
66723b1f7c3cf6961f0868a3,23,black_high,black,0.5,0.8447597347297607,0.8483983021571384,0.008321047563331201,0.8458514770644409,0.29617458933663177
66723b1f7c3cf6961f0868a3,24,black_high,white,0.5,0.624729522605582,0.8483983021571384,0.008321047563331201,0.8244830097166762,0.29617458933663177
66723b1f7c3cf6961f0868a3,25,white_high,black,0.2526414882657142,0.624729522605582,0.8483983021571384,0.008321047563331201,0.8483514200176092,0.29617458933663177
66723b1f7c3cf6961f0868a3,26,white_high,black,0.2526414882657142,0.624729522605582,0.8483983021571384,0.004204483680659579,0.8483514200176092,0.2967810346969542
66723b1f7c3cf6961f0868a3,27,black_high,black,0.2526414882657142,0.624729522605582,0.8483983021571384,0.002124454028941488,0.8483514200176092,0.2970877339960398
66723b1f7c3cf6961f0868a3,28,white_high,black,0.2526414882657142,0.46408029974977827,0.8483983021571384,0.002124454028941488,0.833170106151527,0.2970877339960398
66723b1f7c3cf6961f0868a3,29,black_high,black,0.2526414882657142,0.46408029974977827,0.8483983021571384,0.0010734504552477406,0.833170106151527,0.2972427735013222
66723b1f7c3cf6961f0868a3,30,white_high,white,0.2526414882657142,0.4323786845945941,0.8483983021571384,0.0010734504552477406,0.830034586353139,0.2972427735013222
66723b1f7c3cf6961f0868a3,31,black_high,white,0.2526414882657142,0.4323786845945941,0.7749831358261692,0.0010734504552477406,0.830034586353139,0.28652632378264675
66723b1f7c3cf6961f0868a3,32,white_high,black,0.12765544318623,0.4323786845945941,0.7749831358261692,0.0010734504552477406,0.8421282847514432,0.28652632378264675
66723b1f7c3cf6961f0868a3,33,black_high,black,0.12765544318623,0.4323786845945941,0.7749831358261692,0.0005423962411865953,0.8421282847514432,0.28660300748075906
66723b1f7c3cf6961f0868a3,34,black_high,black,0.12765544318623,0.5647755051687002,0.7749831358261692,0.0005423962411865953,0.8541665487667832,0.28660300748075906
66723b1f7c3cf6961f0868a3,35,white_high,black,0.12765544318623,0.582201662404825,0.7749831358261692,0.0005423962411865953,0.8556930382064155,0.28660300748075906
66723b1f7c3cf6961f0868a3,36,white_high,black,0.12765544318623,0.582201662404825,0.7749831358261692,0.0002740635872062214,0.8556930382064155,0.2866417591169402
66723b1f7c3cf6961f0868a3,37,black_high,black,0.12765544318623,0.582201662404825,0.7749831358261692,0.00013847966510244027,0.8556930382064155,0.2866613408509089
66723b1f7c3cf6961f0868a3,38,white_high,black,0.12765544318623,0.6899502076963131,0.7749831358261692,0.00013847966510244027,0.8648383804246674,0.2866613408509089
66723b1f7c3cf6961f0868a3,39,white_high,black,0.12765544318623,0.6899502076963131,0.7749831358261692,6.99714173720364e-05,0.8648383804246674,0.2866712354720197
66723b1f7c3cf6961f0868a3,40,black_high,white,0.12765544318623,0.6899502076963131,0.7749831358261692,3.5355366041865455e-05,0.8648383804246674,0.2866762351333113
66723b1f7c3cf6961f0868a3,41,white_high,black,0.06450212230357695,0.6899502076963131,0.7749831358261692,3.5355366041865455e-05,0.8699680569838714,0.2866762351333113
66723b1f7c3cf6961f0868a3,42,white_high,black,0.06450212230357695,0.6899502076963131,0.7749831358261692,1.7864464589991966e-05,0.8699680569838714,0.2866787613968839
66723b1f7c3cf6961f0868a3,43,black_high,white,0.06450212230357695,0.6899502076963131,0.7749831358261692,9.026609842171445e-06,0.8699680569838714,0.2866800378799251
66723b1f7c3cf6961f0868a3,44,white_high,black,0.0325918243501456,0.6899502076963131,0.7749831358261692,9.026609842171445e-06,0.8724964618824199,0.2866800378799251
66723b1f7c3cf6961f0868a3,45,black_high,black,0.0325918243501456,0.6899502076963131,0.7749831358261692,4.560992289040275e-06,0.8724964618824199,0.2866806828663684
66723b1f7c3cf6961f0868a3,46,white_high,black,0.0325918243501456,0.6949220110312704,0.7749831358261692,4.560992289040275e-06,0.8728866002275301,0.2866806828663684
66723b1f7c3cf6961f0868a3,47,white_high,white,0.0325918243501456,0.6949220110312704,0.7749831358261692,2.3045917597431636e-06,0.8728866002275301,0.28668100876736835
667a7ab2a6179deb78e9dd1a,0,white_high,black,0.5,0.5,0.5,0.5,0.573372905693136,0.426627094306864
667a7ab2a6179deb78e9dd1a,1,white_high,black,0.5,0.5,0.5,0.25872832372817833,0.573372905693136,0.43496838495888046
667a7ab2a6179deb78e9dd1a,2,black_high,white,0.5,0.5,0.5,0.13388069099838612,0.573372905693136,0.43929945206516685
667a7ab2a6179deb78e9dd1a,3,black_high,white,0.25872832372817833,0.5,0.5,0.13388069099838612,0.5816726647270398,0.43929945206516685
667a7ab2a6179deb78e9dd1a,4,white_high,black,0.13388069099838612,0.5,0.5,0.13388069099838612,0.5859496528895954,0.43929945206516685
667a7ab2a6179deb78e9dd1a,5,white_high,black,0.13388069099838612,0.5,0.5,0.06927745352316532,0.5859496528895954,0.4415442696699869
667a7ab2a6179deb78e9dd1a,6,black_high,white,0.13388069099838612,0.5,0.5,0.03584807884441069,0.5859496528895954,0.4427068101365498
667a7ab2a6179deb78e9dd1a,7,white_high,black,0.06927745352316532,0.5,0.5,0.03584807884441069,0.5881577736489132,0.4427068101365498
667a7ab2a6179deb78e9dd1a,8,white_high,black,0.06927745352316532,0.5,0.5,0.018549826696579903,0.5881577736489132,0.44330862178484853
667a7ab2a6179deb78e9dd1a,9,white_high,white,0.06927745352316532,0.5,0.5,0.009598731133308662,0.5881577736489132,0.44362009867881713
667a7ab2a6179deb78e9dd1a,10,black_high,white,0.06927745352316532,0.5,0.5,0.009598731133308662,0.5881577736489132,0.44362009867881713
667a7ab2a6179deb78e9dd1a,11,black_high,white,0.03584807884441069,0.5,0.5,0.009598731133308662,0.5892989944993139,0.44362009867881713
667a7ab2a6179deb78e9dd1a,12,black_high,white,0.018549826696579903,0.5,0.5,0.009598731133308662,0.5898891505310466,0.44362009867881713
667a7ab2a6179deb78e9dd1a,13,black_high,white,0.009598731133308662,0.5,0.5,0.009598731133308662,0.5901944292218894,0.44362009867881713
667a7ab2a6179deb78e9dd1a,14,black_high,white,0.0049669272320768555,0.5,0.5,0.009598731133308662,0.5903523704407064,0.44362009867881713
667a7ab2a6179deb78e9dd1a,15,white_high,black,0.0025701695136701713,0.5,0.5,0.009598731133308662,0.5904340908589609,0.44362009867881713
667a7ab2a6179deb78e9dd1a,16,white_high,black,0.0025701695136701713,0.5,0.5,0.0049669272320768555,0.5904340908589609,0.4437812918870522
667a7ab2a6179deb78e9dd1a,17,white_high,black,0.0025701695136701713,0.5,0.5,0.0025701695136701713,0.5904340908589609,0.44386470703336567
667a7ab2a6179deb78e9dd1a,18,white_high,black,0.0025701695136701713,0.5,0.5,0.0013299512999383016,0.5904340908589609,0.4439078719981281
667a7ab2a6179deb78e9dd1a,19,black_high,white,0.0025701695136701713,0.5,0.5,0.0006881921409462971,0.5904340908589609,0.44393020832856983
667a7ab2a6179deb78e9dd1a,20,white_high,white,0.0013299512999383016,0.5,0.5,0.0006881921409462971,0.5904763756719565,0.44393020832856983
667a7ab2a6179deb78e9dd1a,21,black_high,black,0.0013299512999383016,0.5,0.4034913294912713,0.0006881921409462971,0.5904763756719565,0.4405738341232826
667a7ab2a6179deb78e9dd1a,22,black_high,white,0.0013299512999383016,0.4034913294912713,0.4034913294912713,0.0006881921409462971,0.5871819928855707,0.4405738341232826
667a7ab2a6179deb78e9dd1a,23,black_high,white,0.0006881921409462971,0.4034913294912713,0.4034913294912713,0.0006881921409462971,0.5872039258817713,0.4405738341232826
667a7ab2a6179deb78e9dd1a,24,black_high,white,0.0003561095980598834,0.4034913294912713,0.4034913294912713,0.0006881921409462971,0.587215275120568,0.4405738341232826
667a7ab2a6179deb78e9dd1a,25,black_high,white,0.000184271278739098,0.4034913294912713,0.4034913294912713,0.0006881921409462971,0.5872211478232369,0.4405738341232826
667a7ab2a6179deb78e9dd1a,26,black_high,black,9.535239811882948e-05,0.4034913294912713,0.4034913294912713,0.0006881921409462971,0.5872241866825268,0.4405738341232826
667a7ab2a6179deb78e9dd1a,27,black_high,black,9.535239811882948e-05,0.3052979411449901,0.4034913294912713,0.0006881921409462971,0.5838643652637172,0.4405738341232826
667a7ab2a6179deb78e9dd1a,28,white_high,black,9.535239811882948e-05,0.495758795880765,0.4034913294912713,0.0006881921409462971,0.5903738641935757,0.4405738341232826
667a7ab2a6179deb78e9dd1a,29,black_high,white,9.535239811882948e-05,0.495758795880765,0.4034913294912713,0.0003561095980598834,0.5903738641935757,0.44058537414651383
667a7ab2a6179deb78e9dd1a,30,white_high,black,4.934073225749332e-05,0.495758795880765,0.4034913294912713,0.0003561095980598834,0.5903754330400168,0.44058537414651383
667a7ab2a6179deb78e9dd1a,31,white_high,black,4.934073225749332e-05,0.495758795880765,0.4034913294912713,0.000184271278739098,0.5903754330400168,0.4405913456334553
667a7ab2a6179deb78e9dd1a,32,white_high,black,4.934073225749332e-05,0.495758795880765,0.4034913294912713,9.535239811882948e-05,0.5903754330400168,0.4405944356258175
667a7ab2a6179deb78e9dd1a,33,black_high,white,4.934073225749332e-05,0.495758795880765,0.4034913294912713,4.934073225749332e-05,0.5903754330400168,0.44059603456471286
667a7ab2a6179deb78e9dd1a,34,white_high,black,2.553168989700421e-05,0.495758795880765,0.4034913294912713,4.934073225749332e-05,0.5903762448493144,0.44059603456471286
667a7ab2a6179deb78e9dd1a,35,black_high,black,2.553168989700421e-05,0.495758795880765,0.4034913294912713,2.553168989700421e-05,0.5903762448493144,0.44059686194675707
667a7ab2a6179deb78e9dd1a,36,white_high,black,2.553168989700421e-05,0.3047880197178252,0.4034913294912713,2.553168989700421e-05,0.5838492888110858,0.44059686194675707
667a7ab2a6179deb78e9dd1a,37,black_high,white,2.553168989700421e-05,0.3047880197178252,0.4034913294912713,1.3211542657999133e-05,0.5838492888110858,0.4405972900812254
667a7ab2a6179deb78e9dd1a,38,white_high,black,1.3211542657999133e-05,0.3047880197178252,0.4034913294912713,1.3211542657999133e-05,0.5838497108623293,0.4405972900812254
667a7ab2a6179deb78e9dd1a,39,white_high,black,1.3211542657999133e-05,0.3047880197178252,0.4034913294912713,6.836400571534875e-06,0.5838497108623293,0.44059751162228666
667a7ab2a6179deb78e9dd1a,40,white_high,black,1.3211542657999133e-05,0.3047880197178252,0.4034913294912713,3.5375409204151573e-06,0.5838497108623293,0.44059762626019083
667a7ab2a6179deb78e9dd1a,41,white_high,black,1.3211542657999133e-05,0.3047880197178252,0.4034913294912713,1.8305240649177017e-06,0.5838497108623293,0.4405976855803389
667a7ab2a6179deb78e9dd1a,42,white_high,black,1.3211542657999133e-05,0.3047880197178252,0.4034913294912713,9.472168457204962e-07,0.5838497108623293,0.44059771627594446
667a7ab2a6179deb78e9dd1a,43,white_high,black,1.3211542657999133e-05,0.3047880197178252,0.4034913294912713,4.901436534007131e-07,0.5838497108623293,0.4405977321595898
667a7ab2a6179deb78e9dd1a,44,black_high,white,1.3211542657999133e-05,0.3047880197178252,0.4034913294912713,2.536280916607435e-07,0.5838497108623293,0.4405977403786877
667a7ab2a6179deb78e9dd1a,45,black_high,black,6.836400571534875e-06,0.3047880197178252,0.4034913294912713,2.536280916607435e-07,0.5838499292555025,0.4405977403786877
667a7ab2a6179deb78e9dd1a,46,black_high,white,6.836400571534875e-06,0.5437492689029624,0.4034913294912713,2.536280916607435e-07,0.5920121905579454,0.4405977403786877
667bd577710d52a05ac09036,0,black_high,black,0.5,0.5,0.5,0.5,0.6448019113613933,0.3551980886386067
667bd577710d52a05ac09036,1,black_high,black,0.5,0.6565938615952369,0.5,0.5,0.6725623289278643,0.3551980886386067
667bd577710d52a05ac09036,2,black_high,black,0.5,0.6735866986695848,0.5,0.5,0.6755075185035688,0.3551980886386067
667bd577710d52a05ac09036,3,white_high,black,0.5,0.7230755662004148,0.5,0.5,0.6840055464558872,0.3551980886386067
667bd577710d52a05ac09036,4,white_high,black,0.5,0.7230755662004148,0.5,0.30425767300595397,0.6840055464558872,0.3912989070953039
667bd577710d52a05ac09036,5,white_high,black,0.5,0.7230755662004148,0.5,0.185145463165996,0.6840055464558872,0.4138933190250405
667bd577710d52a05ac09036,6,black_high,black,0.5,0.7230755662004148,0.5,0.112663855580991,0.6840055464558872,0.4278285315210678
667bd577710d52a05ac09036,7,white_high,black,0.5,0.7923387669484845,0.5,0.112663855580991,0.6956947870095833,0.4278285315210678
667bd577710d52a05ac09036,8,white_high,white,0.5,0.7923387669484845,0.5,0.06855768506190235,0.6956947870095833,0.4363662022547221
667bd577710d52a05ac09036,9,white_high,white,0.5,0.7923387669484845,0.6174453961964277,0.06855768506190235,0.6956947870095833,0.4592714957292581
667bd577710d52a05ac09036,10,white_high,white,0.5,0.7923387669484845,0.41487346430873795,0.06855768506190235,0.6956947870095833,0.419926464731473
667bd577710d52a05ac09036,11,black_high,black,0.5,0.7923387669484845,0.4481991966790366,0.06855768506190235,0.6956947870095833,0.4263433196826667
667bd577710d52a05ac09036,12,white_high,white,0.5,0.8344864875175884,0.4481991966790366,0.06855768506190235,0.7026874403096626,0.4263433196826667
667bd577710d52a05ac09036,13,white_high,white,0.5,0.8344864875175884,0.39018148544583076,0.06855768506190235,0.7026874403096626,0.4151893080441677
667bd577710d52a05ac09036,14,white_high,white,0.5,0.8344864875175884,0.39402528321874675,0.06855768506190235,0.7026874403096626,0.41592573464566973
667bd577710d52a05ac09036,15,black_high,black,0.5,0.8344864875175884,0.3963642931505325,0.06855768506190235,0.7026874403096626,0.4163740455364577
667bd577710d52a05ac09036,16,white_high,black,0.5,0.8209855568845006,0.3963642931505325,0.06855768506190235,0.7004576210724742,0.4163740455364577
667bd577710d52a05ac09036,17,white_high,black,0.5,0.8209855568845006,0.3963642931505325,0.041718403447218916,0.7004576210724742,0.42152797666312175
667bd577710d52a05ac09036,18,black_high,black,0.5,0.8209855568845006,0.3963642931505325,0.02538628870874879,0.7004576210724742,0.424672686471017
667bd577710d52a05ac09036,19,black_high,black,0.5,0.6170277064147784,0.3963642931505325,0.02538628870874879,0.6656521209069518,0.424672686471017
667bd577710d52a05ac09036,20,white_high,black,0.5,0.5320646898631597,0.3963642931505325,0.02538628870874879,0.6505736844135946,0.424672686471017
667bd577710d52a05ac09036,21,white_high,black,0.5,0.5320646898631597,0.3963642931505325,0.01544794625756246,0.6505736844135946,0.42658929630329046
667bd577710d52a05ac09036,22,black_high,black,0.5,0.5320646898631597,0.3963642931505325,0.009400312362093977,0.6505736844135946,0.4277566666298206
667bd577710d52a05ac09036,23,black_high,black,0.5,0.4412149250492267,0.3963642931505325,0.009400312362093977,0.6341111695573495,0.4277566666298206
667bd577710d52a05ac09036,24,black_high,white,0.5,0.3467829835795666,0.3963642931505325,0.009400312362093977,0.616661494177697,0.4277566666298206
667bd577710d52a05ac09036,25,black_high,white,0.30425767300595397,0.3467829835795666,0.3963642931505325,0.009400312362093977,0.6524472285033782,0.4277566666298206
667bd577710d52a05ac09036,26,black_high,black,0.185145463165996,0.3467829835795666,0.3963642931505325,0.009400312362093977,0.6734379260835712,0.4277566666298206
667bd577710d52a05ac09036,27,white_high,black,0.185145463165996,0.5242104904344355,0.3963642931505325,0.009400312362093977,0.7034414557772648,0.4277566666298206
667bd577710d52a05ac09036,28,black_high,white,0.185145463165996,0.5242104904344355,0.3963642931505325,0.005720234329639632,0.7034414557772648,0.42846742412711747
667bd577710d52a05ac09036,29,black_high,white,0.112663855580991,0.5242104904344355,0.3963642931505325,0.005720234329639632,0.715228983471403,0.42846742412711747
667bd577710d52a05ac09036,30,white_high,black,0.06855768506190235,0.5242104904344355,0.3963642931505325,0.005720234329639632,0.7222621800782536,0.42846742412711747
667bd577710d52a05ac09036,31,black_high,white,0.06855768506190235,0.5242104904344355,0.3963642931505325,0.0034808503723698543,0.7222621800782536,0.4289000756502098
667bd577710d52a05ac09036,32,black_high,white,0.041718403447218916,0.5242104904344355,0.3963642931505325,0.0034808503723698543,0.7264892734222044,0.4289000756502098
667bd577710d52a05ac09036,33,black_high,black,0.02538628870874879,0.5242104904344355,0.3963642931505325,0.0034808503723698543,0.7290418023922914,0.4289000756502098
667bd577710d52a05ac09036,34,white_high,black,0.02538628870874879,0.4755839895650193,0.3963642931505325,0.0034808503723698543,0.7213981199008241,0.4289000756502098
667bd577710d52a05ac09036,35,black_high,white,0.02538628870874879,0.4755839895650193,0.3963642931505325,0.0021181508687583206,0.7213981199008241,0.42916340397851743
669533c82c03a4d6320159d3,0,white_high,white,0.5,0.5,0.5,0.5,0.1982001049425147,0.8017998950574853
669533c82c03a4d6320159d3,1,black_high,black,0.5,0.5,0.669219942965521,0.5,0.1982001049425147,0.8862117000102712
669533c82c03a4d6320159d3,2,white_high,white,0.5,0.669219942965521,0.669219942965521,0.5,0.32244728788244215,0.8862117000102712
669533c82c03a4d6320159d3,3,white_high,white,0.5,0.669219942965521,0.686581941285021,0.5,0.32244728788244215,0.8928149727367879
669533c82c03a4d6320159d3,4,white_high,white,0.5,0.669219942965521,0.8069639136968908,0.5,0.32244728788244215,0.9299427273806902
669533c82c03a4d6320159d3,5,white_high,white,0.5,0.669219942965521,0.8594424510900489,0.5,0.32244728788244215,0.9420757367217485
669533c82c03a4d6320159d3,6,white_high,white,0.5,0.669219942965521,0.8823196048012597,0.5,0.32244728788244215,0.9467231395840974
669533c82c03a4d6320159d3,7,white_high,white,0.5,0.669219942965521,0.7230725800595345,0.5,0.32244728788244215,0.9056015334634245
669533c82c03a4d6320159d3,8,white_high,white,0.5,0.669219942965521,0.8228714064307423,0.5,0.32244728788244215,0.9338497135530972
669533c82c03a4d6320159d3,9,black_high,black,0.5,0.669219942965521,0.7535637651363971,0.5,0.32244728788244215,0.915219862660539
669533c82c03a4d6320159d3,10,white_high,white,0.5,0.7993952365953684,0.7535637651363971,0.5,0.44061868195241055,0.915219862660539
669533c82c03a4d6320159d3,11,white_high,white,0.5,0.7993952365953684,0.7233502408650648,0.5,0.44061868195241055,0.9056933751389086
669533c82c03a4d6320159d3,12,white_high,white,0.5,0.7993952365953684,0.8229924480840206,0.5,0.44061868195241055,0.9338786515017851
669533c82c03a4d6320159d3,13,white_high,white,0.5,0.7993952365953684,0.7536165312507948,0.5,0.44061868195241055,0.9152357097785446
669533c82c03a4d6320159d3,14,black_high,black,0.5,0.7993952365953684,0.7797798910384066,0.5,0.44061868195241055,0.9227693674378197
669533c82c03a4d6320159d3,15,black_high,black,0.5,0.7433297157029927,0.7797798910384066,0.5,0.38801213800658907,0.9227693674378197
669533c82c03a4d6320159d3,16,black_high,black,0.5,0.8317021709467645,0.7797798910384066,0.5,0.4716318750463522,0.9227693674378197
669533c82c03a4d6320159d3,17,black_high,black,0.5,0.8702266867369559,0.7797798910384066,0.5,0.508881623166906,0.9227693674378197
669533c82c03a4d6320159d3,18,white_high,white,0.5,0.8870208146445123,0.7797798910384066,0.5,0.5251135233609145,0.9227693674378197
669533c82c03a4d6320159d3,19,white_high,white,0.5,0.8870208146445123,0.8475920243110384,0.5,0.5251135233609145,0.9395211974901136
669533c82c03a4d6320159d3,20,black_high,black,0.5,0.8870208146445123,0.5951203682252518,0.5,0.5251135233609145,0.8539325588973269
669533c82c03a4d6320159d3,21,white_high,white,0.5,0.8943419379964942,0.5951203682252518,0.5,0.5321749941109233,0.8539325588973269
669533c82c03a4d6320159d3,22,black_high,white,0.5,0.8943419379964942,0.7670927478928249,0.5,0.5321749941109233,0.9191959652524024
669533c82c03a4d6320159d3,23,white_high,white,0.21796676172413176,0.8943419379964942,0.7670927478928249,0.5,0.7721694369960788,0.9191959652524024
669533c82c03a4d6320159d3,24,black_high,white,0.21796676172413176,0.8943419379964942,0.8420612732970925,0.5,0.7721694369960788,0.9382932055374872
669533c82c03a4d6320159d3,25,white_high,white,0.09501901843300886,0.8943419379964942,0.8420612732970925,0.5,0.8450797808408766,0.9382932055374872
669533c82c03a4d6320159d3,26,white_high,white,0.09501901843300886,0.8943419379964942,0.818335919069122,0.5,0.8450797808408766,0.932756878749963
669533c82c03a4d6320159d3,27,white_high,white,0.09501901843300886,0.8943419379964942,0.8643998894606382,0.5,0.8450797808408766,0.9431140637968952
669533c82c03a4d6320159d3,28,black_high,black,0.09501901843300886,0.8943419379964942,0.8280740707222547,0.5,0.8450797808408766,0.9350829727009615
669533c82c03a4d6320159d3,29,white_high,white,0.09501901843300886,0.7847201657845757,0.8280740707222547,0.5,0.7811166155320227,0.9350829727009615
669533c82c03a4d6320159d3,30,white_high,white,0.09501901843300886,0.7847201657845757,0.7558317809123145,0.5,0.7811166155320227,0.9158985895167956
669533c82c03a4d6320159d3,31,black_high,black,0.09501901843300886,0.7847201657845757,0.6679322973183232,0.5,0.7811166155320227,0.8857081068325764
669533c82c03a4d6320159d3,32,black_high,white,0.09501901843300886,0.6805257127224175,0.6679322973183232,0.5,0.7045081367636309,0.8857081068325764
669533c82c03a4d6320159d3,33,black_high,white,0.041421975500097054,0.6805257127224175,0.6679322973183232,0.5,0.7457983896462795,0.8857081068325764
669533c82c03a4d6320159d3,34,black_high,black,0.018057227727944956,0.6805257127224175,0.6679322973183232,0.5,0.7625607402114399,0.8857081068325764
669533c82c03a4d6320159d3,35,black_high,black,0.018057227727944956,0.804323800640787,0.6679322973183232,0.5,0.8383471171546144,0.8857081068325764
669533c82c03a4d6320159d3,36,black_high,white,0.018057227727944956,0.8018848896480262,0.6679322973183232,0.5,0.8370635991260457,0.8857081068325764
669533c82c03a4d6320159d3,37,black_high,black,0.007871750907150726,0.8018848896480262,0.6679322973183232,0.5,0.8423697717856061,0.8857081068325764
669533c82c03a4d6320159d3,38,black_high,black,0.007871750907150726,0.7444150389304015,0.6679322973183232,0.5,0.8105375489008809,0.8857081068325764
669533c82c03a4d6320159d3,39,white_high,white,0.007871750907150726,0.7193620044150217,0.6679322973183232,0.5,0.7951949748859424,0.8857081068325764
669533c82c03a4d6320159d3,40,black_high,black,0.007871750907150726,0.7193620044150217,0.6860206133810852,0.5,0.7951949748859424,0.8926068615884742
669533c82c03a4d6320159d3,41,black_high,black,0.007871750907150726,0.8212538421160086,0.6860206133810852,0.5,0.8520716367611352,0.8926068615884742
669533c82c03a4d6320159d3,42,black_high,black,0.007871750907150726,0.752858614625271,0.6860206133810852,0.5,0.8155058869803959,0.8926068615884742
669533c82c03a4d6320159d3,43,black_high,white,0.007871750907150726,0.7230428421181883,0.6860206133810852,0.5,0.7975056731480824,0.8926068615884742
669533c82c03a4d6320159d3,44,black_high,black,0.0034315601086612807,0.7230428421181883,0.6860206133810852,0.5,0.8002671094729357,0.8926068615884742
669533c82c03a4d6320159d3,45,white_high,white,0.0034315601086612807,0.8792650903203648,0.6860206133810852,0.5,0.8800270173716448,0.8926068615884742
669533c82c03a4d6320159d3,46,white_high,white,0.0034315601086612807,0.8792650903203648,0.8067192120459182,0.5,0.8800270173716448,0.9298809917834101
669533c82c03a4d6320159d3,47,black_high,black,0.0034315601086612807,0.8792650903203648,0.7465224821267995,0.5,0.8800270173716448,0.9130809173681285
66b0cd32e02e57ac86e82550,0,white_high,white,0.5,0.5,0.5,0.5,0.25302679782002946,0.7469732021799704
66b0cd32e02e57ac86e82550,1,white_high,white,0.5,0.5,0.5480315645855143,0.5,0.25302679782002946,0.7980192009796298
66b0cd32e02e57ac86e82550,2,black_high,white,0.5,0.5,0.5563519821255776,0.5,0.25302679782002946,0.8060340277997008
66b0cd32e02e57ac86e82550,3,black_high,white,0.41994739235747625,0.5,0.5563519821255776,0.5,0.355070712501894,0.8060340277997008
66b0cd32e02e57ac86e82550,4,black_high,white,0.3527116246956882,0.5,0.5563519821255776,0.5,0.45292031447078085,0.8060340277997008
66b0cd32e02e57ac86e82550,5,black_high,black,0.29624065409024614,0.5,0.5563519821255776,0.5,0.5383627036992941,0.8060340277997008
66b0cd32e02e57ac86e82550,6,white_high,white,0.29624065409024614,0.5320210430570095,0.5563519821255776,0.5,0.5861414924325192,0.8060340277997008
66b0cd32e02e57ac86e82550,7,black_high,black,0.29624065409024614,0.5320210430570095,0.5953613004811371,0.5,0.5861414924325192,0.840389347581922
66b0cd32e02e57ac86e82550,8,black_high,white,0.29624065409024614,0.5589153501217247,0.5953613004811371,0.5,0.6250913142842754,0.840389347581922
66b0cd32e02e57ac86e82550,9,white_high,black,0.248810980390944,0.5589153501217247,0.5953613004811371,0.5,0.6897582748940188,0.840389347581922
66b0cd32e02e57ac86e82550,10,black_high,white,0.248810980390944,0.5589153501217247,0.5953613004811371,0.41994739235747625,0.6897582748940188,0.8953729351261602
66b0cd32e02e57ac86e82550,11,white_high,white,0.20897504481016815,0.5589153501217247,0.5953613004811371,0.41994739235747625,0.7389830263754423,0.8953729351261602
66b0cd32e02e57ac86e82550,12,white_high,black,0.20897504481016815,0.5589153501217247,0.6281250235232568,0.41994739235747625,0.7389830263754423,0.9125861102419123
66b0cd32e02e57ac86e82550,13,white_high,white,0.20897504481016815,0.5589153501217247,0.6281250235232568,0.3527116246956882,0.7389830263754423,0.9401148625528616
66b0cd32e02e57ac86e82550,14,white_high,white,0.20897504481016815,0.5589153501217247,0.6396325821056735,0.3527116246956882,0.7389830263754423,0.9439270057005107
66b0cd32e02e57ac86e82550,15,black_high,white,0.20897504481016815,0.5589153501217247,0.6653082420723518,0.3527116246956882,0.7389830263754423,0.9516245767633176
66b0cd32e02e57ac86e82550,16,black_high,black,0.17551705027163372,0.5589153501217247,0.6653082420723518,0.3527116246956882,0.7762060291245525,0.9516245767633176
66b0cd32e02e57ac86e82550,17,white_high,white,0.17551705027163372,0.5654932168353968,0.6653082420723518,0.3527116246956882,0.7830623940510628,0.9516245767633176
66b0cd32e02e57ac86e82550,18,white_high,white,0.17551705027163372,0.5654932168353968,0.6708625734439747,0.3527116246956882,0.7830623940510628,0.9531525767422033
66b0cd32e02e57ac86e82550,19,white_high,white,0.17551705027163372,0.5654932168353968,0.6595171058670747,0.3527116246956882,0.7830623940510628,0.9499811228851259
66b0cd32e02e57ac86e82550,20,white_high,white,0.17551705027163372,0.5654932168353968,0.6820091498760933,0.3527116246956882,0.7830623940510628,0.9560815867616393
66b0cd32e02e57ac86e82550,21,black_high,white,0.17551705027163372,0.5654932168353968,0.6848895788083423,0.3527116246956882,0.7830623940510628,0.9568096038535004
66b0cd32e02e57ac86e82550,22,white_high,white,0.1474158551516973,0.5654932168353968,0.6848895788083423,0.3527116246956882,0.8106291535207083,0.9568096038535004
66b0cd32e02e57ac86e82550,23,black_high,black,0.1474158551516973,0.5654932168353968,0.7033193575747851,0.3527116246956882,0.8106291535207083,0.9612016637845597
66b0cd32e02e57ac86e82550,24,black_high,black,0.1474158551516973,0.6030389758397695,0.7033193575747851,0.3527116246956882,0.8431570301349066,0.9612016637845597
66b0cd32e02e57ac86e82550,25,black_high,black,0.1474158551516973,0.5865418984301924,0.7033193575747851,0.3527116246956882,0.8294612630799445,0.9612016637845597
66b0cd32e02e57ac86e82550,26,white_high,white,0.1474158551516973,0.6047071322078592,0.7033193575747851,0.3527116246956882,0.8444908664331311,0.9612016637845597
66b0cd32e02e57ac86e82550,27,white_high,white,0.1474158551516973,0.6047071322078592,0.7027879111156661,0.3527116246956882,0.8444908664331311,0.9610812337462024
66b0cd32e02e57ac86e82550,28,white_high,white,0.1474158551516973,0.6047071322078592,0.7183520735348016,0.3527116246956882,0.8444908664331311,0.9644636553140986
66b0cd32e02e57ac86e82550,29,black_high,black,0.1474158551516973,0.6047071322078592,0.6994032893220804,0.3527116246956882,0.8444908664331311,0.9603057951443752
66b0cd32e02e57ac86e82550,30,white_high,white,0.1474158551516973,0.5559219312068304,0.6994032893220804,0.3527116246956882,0.8015532709395191,0.9603057951443752
66b0cd32e02e57ac86e82550,31,white_high,white,0.1474158551516973,0.5559219312068304,0.7315198688706411,0.3527116246956882,0.8015532709395191,0.9671025788414525
66b0cd32e02e57ac86e82550,32,white_high,white,0.1474158551516973,0.5559219312068304,0.7584944165363602,0.3527116246956882,0.8015532709395191,0.971929807282256
66b0cd32e02e57ac86e82550,33,white_high,white,0.1474158551516973,0.5559219312068304,0.7971607199693472,0.3527116246956882,0.8015532709395191,0.9776686388154577
66b0cd32e02e57ac86e82550,34,white_high,white,0.1474158551516973,0.5559219312068304,0.7976153035099094,0.3527116246956882,0.8015532709395191,0.9777287769907532
66b0cd32e02e57ac86e82550,35,black_high,black,0.1474158551516973,0.5559219312068304,0.78198658432634,0.3527116246956882,0.8015532709395191,0.9755676495859187
66b0cd32e02e57ac86e82550,36,black_high,black,0.1474158551516973,0.4829264522577862,0.78198658432634,0.3527116246956882,0.7217459944918293,0.9755676495859187
66b0cd32e02e57ac86e82550,37,white_high,white,0.1474158551516973,0.5016705378232376,0.78198658432634,0.3527116246956882,0.7440005566905683,0.9755676495859187
66b0cd32e02e57ac86e82550,38,white_high,white,0.1474158551516973,0.5016705378232376,0.7848706261207904,0.3527116246956882,0.7440005566905683,0.9759812831627899
66b0cd32e02e57ac86e82550,39,white_high,white,0.1474158551516973,0.5016705378232376,0.7552718747258397,0.3527116246956882,0.7440005566905683,0.9713914226943738
66b0cd32e02e57ac86e82550,40,black_high,black,0.1474158551516973,0.5016705378232376,0.6823804732096319,0.3527116246956882,0.7440005566905683,0.9561760905804703
66b0cd32e02e57ac86e82550,41,black_high,black,0.1474158551516973,0.5494346405909205,0.6823804732096319,0.3527116246956882,0.7952179249706335,0.9561760905804703
66b0cd32e02e57ac86e82550,42,black_high,black,0.1474158551516973,0.621572504459096,0.6823804732096319,0.3527116246956882,0.8574607741161543,0.9561760905804703
66b0cd32e02e57ac86e82550,43,black_high,black,0.1474158551516973,0.6341291555169395,0.6823804732096319,0.3527116246956882,0.8665212414269744,0.9561760905804703
66b0cd32e02e57ac86e82550,44,black_high,black,0.1474158551516973,0.6126543781968983,0.6823804732096319,0.3527116246956882,0.850718623643014,0.9561760905804703
66b0cd32e02e57ac86e82550,45,black_high,black,0.1474158551516973,0.5786073031943759,0.6823804732096319,0.3527116246956882,0.8225428896451514,0.9561760905804703
66b0ce2b37f5b9ab41e82585,0,white_high,black,0.5,0.5,0.5,0.5,0.9085688757415521,0.09143112425844803
66b0ce2b37f5b9ab41e82585,1,black_high,black,0.5,0.5,0.5,0.3758834695834076,0.9085688757415521,0.18656026661218122
66b0ce2b37f5b9ab41e82585,2,black_high,black,0.5,0.5992932243332739,0.5,0.3758834695834076,0.9505133156931732,0.18656026661218122
66b0ce2b37f5b9ab41e82585,3,black_high,black,0.5,0.5994686694203477,0.5,0.3758834695834076,0.9505680594812009,0.18656026661218122
66b0ce2b37f5b9ab41e82585,4,black_high,black,0.5,0.6740704814864045,0.5,0.3758834695834076,0.9692787817985785,0.18656026661218122
66b0ce2b37f5b9ab41e82585,5,black_high,black,0.5,0.680507045232965,0.5,0.3758834695834076,0.9705256799222102,0.18656026661218122
66b0ce2b37f5b9ab41e82585,6,white_high,black,0.5,0.536406004559558,0.5,0.3758834695834076,0.9267572983771377,0.18656026661218122
66b0ce2b37f5b9ab41e82585,7,white_high,white,0.5,0.536406004559558,0.5,0.28257676541212107,0.9267572983771377,0.2987543622036893
66b0ce2b37f5b9ab41e82585,8,white_high,white,0.5,0.536406004559558,0.47517669391668155,0.28257676541212107,0.9267572983771377,0.2654191130042616
66b0ce2b37f5b9ab41e82585,9,white_high,black,0.5,0.536406004559558,0.4813386591657427,0.28257676541212107,0.9267572983771377,0.27346903090972907
66b0ce2b37f5b9ab41e82585,10,black_high,black,0.5,0.536406004559558,0.4813386591657427,0.21243187001352942,0.9267572983771377,0.3748331073740925
66b0ce2b37f5b9ab41e82585,11,black_high,black,0.5,0.5770154427816689,0.4813386591657427,0.21243187001352942,0.9430765384887376,0.3748331073740925
66b0ce2b37f5b9ab41e82585,12,white_high,white,0.5,0.5330743576052338,0.4813386591657427,0.21243187001352942,0.9252421188749459,0.3748331073740925
66b0ce2b37f5b9ab41e82585,13,white_high,black,0.5,0.5330743576052338,0.5852642452535556,0.21243187001352942,0.9252421188749459,0.5444377480462487
66b0ce2b37f5b9ab41e82585,14,black_high,black,0.5,0.5330743576052338,0.5852642452535556,0.15969925670155377,0.9252421188749459,0.6290655409688349
66b0ce2b37f5b9ab41e82585,15,white_high,black,0.5,0.5496875146651138,0.5852642452535556,0.15969925670155377,0.9325202375943613,0.6290655409688349
66b0ce2b37f5b9ab41e82585,16,black_high,black,0.5,0.5496875146651138,0.5852642452535556,0.12005662139774259,0.9325202375943613,0.688114710326211
66b0ce2b37f5b9ab41e82585,17,white_high,black,0.5,0.6366466551478728,0.5852642452535556,0.12005662139774259,0.9609550848442607,0.688114710326211
66b0ce2b37f5b9ab41e82585,18,black_high,black,0.5,0.6366466551478728,0.5852642452535556,0.09025459879489012,0.9609550848442607,0.7289135805322403
66b0ce2b37f5b9ab41e82585,19,black_high,black,0.5,0.6771963559378551,0.5852642452535556,0.09025459879489012,0.9698905829976749,0.7289135805322403
66b0ce2b37f5b9ab41e82585,20,white_high,black,0.5,0.7325035864681888,0.5852642452535556,0.09025459879489012,0.9789467430719171,0.7289135805322403
66b0ce2b37f5b9ab41e82585,21,white_high,white,0.5,0.7325035864681888,0.5852642452535556,0.06785042348176347,0.9789467430719171,0.7572782596594335
66b0ce2b37f5b9ab41e82585,22,black_high,black,0.5,0.7325035864681888,0.6385687589245895,0.06785042348176347,0.9789467430719171,0.8163182487820521
66b0ce2b37f5b9ab41e82585,23,black_high,black,0.5,0.7740817338777711,0.6385687589245895,0.06785042348176347,0.9839422891785014,0.8163182487820521
66b0ce2b37f5b9ab41e82585,24,black_high,black,0.5,0.780515504408781,0.6385687589245895,0.06785042348176347,0.9846032045824091,0.8163182487820521
66b0ce2b37f5b9ab41e82585,25,black_high,black,0.5,0.8101755064714985,0.6385687589245895,0.06785042348176347,0.9873195730599403,0.8163182487820521
66b0ce2b37f5b9ab41e82585,26,white_high,white,0.5,0.6338864667713212,0.6385687589245895,0.06785042348176347,0.9602618954746078,0.8163182487820521
66b0ce2b37f5b9ab41e82585,27,black_high,black,0.5,0.6338864667713212,0.6289947178442015,0.06785042348176347,0.9602618954746078,0.8065982813652955
66b0ce2b37f5b9ab41e82585,28,black_high,black,0.5,0.6999446436538096,0.6289947178442015,0.06785042348176347,0.9740003031822583,0.8065982813652955
66b0ce2b37f5b9ab41e82585,29,black_high,black,0.5,0.6751350788457425,0.6289947178442015,0.06785042348176347,0.9694884863960486,0.8065982813652955
66b0ce2b37f5b9ab41e82585,30,black_high,black,0.5,0.6813073743312397,0.6289947178442015,0.06785042348176347,0.9706772485108048,0.8065982813652955
66b0ce2b37f5b9ab41e82585,31,white_high,white,0.5,0.7107708080993235,0.6289947178442015,0.06785042348176347,0.9757592432594241,0.8065982813652955
66b0ce2b37f5b9ab41e82585,32,black_high,black,0.5,0.7107708080993235,0.6962671885356962,0.06785042348176347,0.9757592432594241,0.8669835074309049
66b0ce2b37f5b9ab41e82585,33,white_high,white,0.5,0.7329204435205,0.6962671885356962,0.06785042348176347,0.979003689307403,0.8669835074309049
66b0ce2b37f5b9ab41e82585,34,black_high,black,0.5,0.7329204435205,0.6723704896676751,0.06785042348176347,0.979003689307403,0.8476055716622818
66b0ce2b37f5b9ab41e82585,35,white_high,white,0.5,0.6999251949781018,0.6723704896676751,0.06785042348176347,0.9739970341525053,0.8476055716622818
66b0ce2b37f5b9ab41e82585,36,white_high,white,0.5,0.6999251949781018,0.7040523536701087,0.06785042348176347,0.9739970341525053,0.8728301447133505
66b0ce2b37f5b9ab41e82585,37,black_high,black,0.5,0.6999251949781018,0.6285765072650435,0.06785042348176347,0.9739970341525053,0.8061649132076426
66b0ce2b37f5b9ab41e82585,38,white_high,white,0.5,0.6254738458076978,0.6285765072650435,0.06785042348176347,0.9580756748168521,0.8061649132076426
66b0ce2b37f5b9ab41e82585,39,white_high,white,0.5,0.6254738458076978,0.7207760977319939,0.06785042348176347,0.9580756748168521,0.8846492355302495
66b0ce2b37f5b9ab41e82585,40,black_high,black,0.5,0.6254738458076978,0.7652653955664487,0.06785042348176347,0.9580756748168521,0.9115324333233779
66b0ce2b37f5b9ab41e82585,41,white_high,white,0.5,0.6936203133416159,0.7652653955664487,0.06785042348176347,0.9729159278171958,0.9115324333233779
66b0ce2b37f5b9ab41e82585,42,black_high,black,0.5,0.6936203133416159,0.6745944484085451,0.06785042348176347,0.9729159278171958,0.8495024263650421
66cc85c87017ef38adbaebc6,0,white_high,white,0.5,0.5,0.5,0.5,0.3765022214959736,0.6234977785040264
66cc85c87017ef38adbaebc6,1,white_high,white,0.5,0.5,0.7570583617076314,0.5,0.3765022214959736,0.7171859074275072
66cc85c87017ef38adbaebc6,2,white_high,white,0.5,0.5,0.8489192201057342,0.5,0.3765022214959736,0.7470277453700926
66cc85c87017ef38adbaebc6,3,black_high,white,0.5,0.5,0.6889523028109309,0.5,0.3765022214959736,0.6937364930433025
66cc85c87017ef38adbaebc6,4,white_high,black,0.17867704786546085,0.5,0.6889523028109309,0.5,0.507057990158312,0.6937364930433025
66cc85c87017ef38adbaebc6,5,white_high,white,0.17867704786546085,0.5,0.6889523028109309,0.17867704786546085,0.507057990158312,0.7941789024324706
66cc85c87017ef38adbaebc6,6,black_high,black,0.17867704786546085,0.5,0.8245812410149068,0.17867704786546085,0.507057990158312,0.8285140820020631
66cc85c87017ef38adbaebc6,7,black_high,black,0.17867704786546085,0.6285291808538156,0.8245812410149068,0.17867704786546085,0.560032971862726,0.8285140820020631
66cc85c87017ef38adbaebc6,8,white_high,white,0.17867704786546085,0.8029887909066827,0.8245812410149068,0.17867704786546085,0.629598905216641,0.8285140820020631
66cc85c87017ef38adbaebc6,9,black_high,black,0.17867704786546085,0.8029887909066827,0.8730487975817337,0.17867704786546085,0.629598905216641,0.8396299165137373
66cc85c87017ef38adbaebc6,10,black_high,black,0.17867704786546085,0.8653326470986943,0.8730487975817337,0.17867704786546085,0.6533604590576078,0.8396299165137373
66cc85c87017ef38adbaebc6,11,black_high,black,0.17867704786546085,0.8876114794525691,0.8730487975817337,0.17867704786546085,0.6616766757482634,0.8396299165137373
66cc85c87017ef38adbaebc6,12,black_high,black,0.17867704786546085,0.8955729114423289,0.8730487975817337,0.17867704786546085,0.6646247696402032,0.8396299165137373
66cc85c87017ef38adbaebc6,13,black_high,white,0.17867704786546085,0.8984179617717527,0.8730487975817337,0.17867704786546085,0.6656751919353756,0.8396299165137373
66cc85c87017ef38adbaebc6,14,black_high,black,0.06385097486783238,0.8984179617717527,0.8730487975817337,0.17867704786546085,0.7066222779658605,0.8396299165137373
66cc85c87017ef38adbaebc6,15,black_high,white,0.06385097486783238,0.899434652159533,0.8730487975817337,0.17867704786546085,0.7069715438742847,0.8396299165137373
66cc85c87017ef38adbaebc6,16,white_high,black,0.022817407385432045,0.899434652159533,0.8730487975817337,0.17867704786546085,0.7208620705172419,0.8396299165137373
66cc85c87017ef38adbaebc6,17,black_high,black,0.022817407385432045,0.899434652159533,0.8730487975817337,0.06385097486783238,0.7208620705172419,0.8636359915822367
66cc85c87017ef38adbaebc6,18,white_high,white,0.022817407385432045,0.6427396089260652,0.8730487975817337,0.06385097486783238,0.6279003974149316,0.8636359915822367
66cc85c87017ef38adbaebc6,19,white_high,white,0.022817407385432045,0.6427396089260652,0.9546334678578673,0.06385097486783238,0.6279003974149316,0.8787947460426463
66cc85c87017ef38adbaebc6,20,white_high,white,0.022817407385432045,0.6427396089260652,0.7909943126491769,0.06385097486783238,0.6279003974149316,0.8468106416917708
66cc85c87017ef38adbaebc6,21,black_high,black,0.022817407385432045,0.6427396089260652,0.7967817807403113,0.06385097486783238,0.6279003974149316,0.8480510421548498
66cc85c87017ef38adbaebc6,22,black_high,black,0.022817407385432045,0.7438023551534829,0.7967817807403113,0.06385097486783238,0.6661339872793647,0.8480510421548498
66cc85c87017ef38adbaebc6,23,white_high,white,0.022817407385432045,0.8441821318705732,0.7967817807403113,0.06385097486783238,0.7020648682949193,0.8480510421548498
66cc85c87017ef38adbaebc6,24,black_high,white,0.022817407385432045,0.8441821318705732,0.7988499561665902,0.06385097486783238,0.7020648682949193,0.8484923006540013
66cc85c87017ef38adbaebc6,25,white_high,white,0.008153893983145123,0.8441821318705732,0.7988499561665902,0.06385097486783238,0.7071241882382465,0.8484923006540013
66cc85c87017ef38adbaebc6,26,white_high,white,0.008153893983145123,0.8441821318705732,0.8638536175527688,0.06385097486783238,0.7071241882382465,0.8618308946738185
66cc85c87017ef38adbaebc6,27,black_high,white,0.008153893983145123,0.8441821318705732,0.8228183517597178,0.06385097486783238,0.7071241882382465,0.8535295958347257
66cc85c87017ef38adbaebc6,28,black_high,black,0.002913827411032629,0.8441821318705732,0.8228183517597178,0.06385097486783238,0.7089199013081673,0.8535295958347257
66cc85c87017ef38adbaebc6,29,white_high,white,0.002913827411032629,0.8800532562089809,0.8228183517597178,0.06385097486783238,0.7210362174753695,0.8535295958347257
66cc85c87017ef38adbaebc6,30,white_high,white,0.002913827411032629,0.8800532562089809,0.8081542314591641,0.06385097486783238,0.7210362174753695,0.8504644183993073
66cc85c87017ef38adbaebc6,31,black_high,black,0.002913827411032629,0.8800532562089809,0.8029139480094702,0.06385097486783238,0.7210362174753695,0.8493563125368156
66cc85c87017ef38adbaebc6,32,black_high,white,0.002913827411032629,0.8286073589828762,0.8029139480094702,0.06385097486783238,0.7035636569556534,0.8493563125368156
66cc85c87017ef38adbaebc6,33,white_high,black,0.0010412681595855379,0.8286073589828762,0.8029139480094702,0.06385097486783238,0.704210650666884,0.8493563125368156
66cc85c87017ef38adbaebc6,34,white_high,black,0.0010412681595855379,0.8286073589828762,0.8029139480094702,0.022817407385432045,0.704210650666884,0.8578544012714296
66cc85c87017ef38adbaebc6,35,black_high,black,0.0010412681595855379,0.8286073589828762,0.8029139480094702,0.008153893983145123,0.704210650666884,0.8607927731801492
66cc85c87017ef38adbaebc6,36,white_high,white,0.0010412681595855379,0.8744875473274835,0.8029139480094702,0.008153893983145123,0.7198031328842136,0.8607927731801492
66cc85c87017ef38adbaebc6,37,black_high,black,0.0010412681595855379,0.8744875473274835,0.8010413112559311,0.008153893983145123,0.7198031328842136,0.8604203775285253
66cc85c87017ef38adbaebc6,38,black_high,black,0.0010412681595855379,0.8266184301184272,0.8010413112559311,0.008153893983145123,0.7035234227138846,0.8604203775285253
66cc85c87017ef38adbaebc6,39,black_high,white,0.0010412681595855379,0.8737767954516551,0.8010413112559311,0.008153893983145123,0.719565442402329,0.8604203775285253
66cc85c87017ef38adbaebc6,40,white_high,white,0.000372101441582091,0.8737767954516551,0.8010413112559311,0.008153893983145123,0.7197892293158794,0.8604203775285253
66cc85c87017ef38adbaebc6,41,black_high,black,0.000372101441582091,0.8737767954516551,0.8003721168422377,0.008153893983145123,0.7197892293158794,0.8602870981443134
66cc85c87017ef38adbaebc6,42,white_high,white,0.000372101441582091,0.8263644400245514,0.8003721168422377,0.008153893983145123,0.7036669535883497,0.8602870981443134
66cc85c87017ef38adbaebc6,43,white_high,white,0.000372101441582091,0.8263644400245514,0.864397567904572,0.008153893983145123,0.7036669535883497,0.8725628240749456
66cc85c87017ef38adbaebc6,44,white_high,white,0.000372101441582091,0.8263644400245514,0.6944835537919933,0.008153893983145123,0.7036669535883497,0.837826695817794
66cc85c87017ef38adbaebc6,45,white_high,white,0.000372101441582091,0.8263644400245514,0.8265578562075052,0.008153893983145123,0.7036669535883497,0.8654233043960717
66cc85c87017ef38adbaebc6,46,black_high,white,0.000372101441582091,0.8263644400245514,0.8737551491164928,0.008153893983145123,0.7036669535883497,0.874277766231538
66cc85c87017ef38adbaebc6,47,white_high,white,0.0001329719741767405,0.8263644400245514,0.8737551491164928,0.008153893983145123,0.703749604872361,0.874277766231538
67911b9be5af0ac0763a28c7,0,white_high,white,0.5,0.5,0.5,0.5,0.8326189236136907,0.16738107638630925
67911b9be5af0ac0763a28c7,1,black_high,black,0.5,0.5,0.6788718424804527,0.5,0.8326189236136907,0.5002892860516632
67911b9be5af0ac0763a28c7,2,white_high,black,0.5,0.5894359212402263,0.6788718424804527,0.5,0.917362035526123,0.5002892860516632
67911b9be5af0ac0763a28c7,3,white_high,white,0.5,0.5894359212402263,0.6788718424804527,0.27641019689943414,0.917362035526123,0.8816326208552444
67911b9be5af0ac0763a28c7,4,black_high,black,0.5,0.5894359212402263,0.6436019630196862,0.27641019689943414,0.917362035526123,0.8444105862937579
67911b9be5af0ac0763a28c7,5,black_high,black,0.5,0.683595883060126,0.6436019630196862,0.27641019689943414,0.9627507798115272,0.8444105862937579
67911b9be5af0ac0763a28c7,6,white_high,white,0.5,0.646213508993263,0.6436019630196862,0.27641019689943414,0.9486628563583017,0.8444105862937579
67911b9be5af0ac0763a28c7,7,black_high,black,0.5,0.646213508993263,0.5793860937468335,0.27641019689943414,0.9486628563583017,0.7530694300117472
67911b9be5af0ac0763a28c7,8,black_high,black,0.5,0.7597016521008227,0.5793860937468335,0.27641019689943414,0.9808336953543112,0.7530694300117472
67911b9be5af0ac0763a28c7,9,white_high,black,0.5,0.6882863302047066,0.5793860937468335,0.27641019689943414,0.9642314579114534,0.7530694300117472
67911b9be5af0ac0763a28c7,10,white_high,white,0.5,0.6882863302047066,0.5793860937468335,0.1528051938999679,0.9642314579114534,0.9024249831539516
67911b9be5af0ac0763a28c7,11,white_high,white,0.5,0.6882863302047066,0.5438862516072783,0.1528051938999679,0.9642314579114534,0.8705506282932823
67911b9be5af0ac0763a28c7,12,white_high,white,0.5,0.6882863302047066,0.7031330573763445,0.1528051938999679,0.9642314579114534,0.9656152430001341
67911b9be5af0ac0763a28c7,13,black_high,black,0.5,0.6882863302047066,0.7911679392528115,0.1528051938999679,0.9642314579114534,0.9840984155612704
67911b9be5af0ac0763a28c7,14,black_high,black,0.5,0.7382424050710492,0.7911679392528115,0.1528051938999679,0.9768568701336338,0.9840984155612704
67911b9be5af0ac0763a28c7,15,black_high,black,0.5,0.8105771026714196,0.7911679392528115,0.1528051938999679,0.9877738972006986,0.9840984155612704
67911b9be5af0ac0763a28c7,16,white_high,white,0.5,0.8505651986841785,0.7911679392528115,0.1528051938999679,0.9914292540056471,0.9840984155612704
67911b9be5af0ac0763a28c7,17,white_high,white,0.5,0.8505651986841785,0.8398354173197969,0.1528051938999679,0.9914292540056471,0.989667972627217
67911b9be5af0ac0763a28c7,18,black_high,black,0.5,0.8505651986841785,0.8667397917099856,0.1528051938999679,0.9914292540056471,0.99186652732433
67911b9be5af0ac0763a28c7,19,black_high,black,0.5,0.693799591188766,0.8667397917099856,0.1528051938999679,0.9658994662442437,0.99186652732433
67911b9be5af0ac0763a28c7,20,black_high,black,0.5,0.786008208799486,0.8667397917099856,0.1528051938999679,0.9848032912487352,0.99186652732433
67911b9be5af0ac0763a28c7,21,black_high,black,0.5,0.8369830130986935,0.8667397917099856,0.1528051938999679,0.9903288154288962,0.99186652732433
67911b9be5af0ac0763a28c7,22,white_high,white,0.5,0.8651629244852016,0.8667397917099856,0.1528051938999679,0.9924738300316724,0.99186652732433
67911b9be5af0ac0763a28c7,23,black_high,black,0.5,0.8651629244852016,0.6580232754547161,0.1528051938999679,0.9924738300316724,0.9493226801598631
67911b9be5af0ac0763a28c7,24,black_high,black,0.5,0.7465874723347687,0.6580232754547161,0.1528051938999679,0.9784910630033499,0.9493226801598631
67911b9be5af0ac0763a28c7,25,white_high,white,0.5,0.8151904260424271,0.6580232754547161,0.1528051938999679,0.9882639829812728,0.9493226801598631
67911b9be5af0ac0763a28c7,26,black_high,black,0.5,0.8151904260424271,0.6767944106064895,0.1528051938999679,0.9882639829812728,0.9568411618810043
67911b9be5af0ac0763a28c7,27,white_high,white,0.5,0.8531155379268603,0.6767944106064895,0.1528051938999679,0.9916215892873307,0.9568411618810043
67911b9be5af0ac0763a28c7,28,black_high,black,0.5,0.8531155379268603,0.6871714769331446,0.1528051938999679,0.9916215892873307,0.9605279139011889
67911b9be5af0ac0763a28c7,29,black_high,black,0.5,0.7846453919734525,0.6871714769331446,0.1528051938999679,0.9846191412691262,0.9605279139011889
67911b9be5af0ac0763a28c7,30,white_high,white,0.5,0.83622962016425,0.6871714769331446,0.1528051938999679,0.9902638355556319,0.9605279139011889
67911b9be5af0ac0763a28c7,31,white_high,white,0.5,0.83622962016425,0.7823440520665494,0.1528051938999679,0.9902638355556319,0.9828103473657782
67911b9be5af0ac0763a28c7,32,black_high,black,0.5,0.83622962016425,0.7455214712904243,0.1528051938999679,0.9902638355556319,0.9762377584923895
67911b9be5af0ac0763a28c7,33,black_high,black,0.5,0.6411566304059314,0.7455214712904243,0.1528051938999679,0.9464068372843437,0.9762377584923895
67911b9be5af0ac0763a28c7,34,white_high,white,0.5,0.6227522246284415,0.7455214712904243,0.1528051938999679,0.9373834446375404,0.9762377584923895
67911b9be5af0ac0763a28c7,35,black_high,black,0.5,0.6227522246284415,0.8593190795454158,0.1528051938999679,0.9373834446375404,0.9913112212845511
67911b9be5af0ac0763a28c7,36,black_high,black,0.5,0.7020138150191217,0.8593190795454158,0.1528051938999679,0.9682461786586911,0.9913112212845511
67911b9be5af0ac0763a28c7,37,white_high,white,0.5,0.7458312386320222,0.8593190795454158,0.1528051938999679,0.978347745084317,0.9913112212845511
67911b9be5af0ac0763a28c7,38,black_high,black,0.5,0.7458312386320222,0.7880748362939699,0.1528051938999679,0.978347745084317,0.9836580849453369
67911b9be5af0ac0763a28c7,39,white_high,white,0.5,0.7700544040089576,0.7880748362939699,0.1528051938999679,0.9825046515399934,0.9836580849453369
67911b9be5af0ac0763a28c7,40,white_high,white,0.5,0.7700544040089576,0.8381254869240297,0.1528051938999679,0.9825046515399934,0.9895098556302118
67911b9be5af0ac0763a28c7,41,black_high,black,0.5,0.7700544040089576,0.7316406254548893,0.1528051938999679,0.9825046515399934,0.9731695561348642
67911b9be5af0ac0763a28c7,42,black_high,black,0.5,0.5598556607311242,0.7316406254548893,0.1528051938999679,0.8948752007025736,0.9731695561348642
67911b9be5af0ac0763a28c7,43,white_high,white,0.5,0.7119612724169242,0.7316406254548893,0.1528051938999679,0.9708794011264861,0.9731695561348642
67911b9be5af0ac0763a28c7,44,white_high,white,0.5,0.7119612724169242,0.8069275042642408,0.1528051938999679,0.9708794011264861,0.9861668376137944
67911b9be5af0ac0763a28c7,45,white_high,white,0.5,0.7119612724169242,0.8038296656354009,0.1528051938999679,0.9708794011264861,0.9857823604745858
67911b9be5af0ac0763a28c7,46,white_high,white,0.5,0.7119612724169242,0.7573991566445671,0.1528051938999679,0.9708794011264861,0.9785891947268037
67911b9be5af0ac0763a28c7,47,white_high,white,0.5,0.7119612724169242,0.7317314243799725,0.1528051938999679,0.9708794011264861,0.9731908270978766
67cc3f4c640c0ff4df30a225,0,black_high,black,0.5,0.5,0.5,0.5,0.31636741640362037,0.6836325835963797
67cc3f4c640c0ff4df30a225,1,white_high,white,0.5,0.5,0.5,0.5,0.31636741640362037,0.6836325835963797
67cc3f4c640c0ff4df30a225,2,black_high,black,0.5,0.5,0.5749899155483919,0.5,0.31636741640362037,0.7405518548184001
67cc3f4c640c0ff4df30a225,3,black_high,white,0.5,0.6124848733225878,0.5749899155483919,0.5,0.4126471894441556,0.7405518548184001
67cc3f4c640c0ff4df30a225,4,black_high,black,0.3125252111290203,0.6124848733225878,0.5749899155483919,0.5,0.5848640505808809,0.7405518548184001
67cc3f4c640c0ff4df30a225,5,white_high,white,0.3125252111290203,0.6452986331163176,0.5749899155483919,0.5,0.6140954915156546,0.7405518548184001
67cc3f4c640c0ff4df30a225,6,white_high,white,0.3125252111290203,0.6452986331163176,0.5843674361528131,0.5,0.6140954915156546,0.7471827942983387
67cc3f4c640c0ff4df30a225,7,white_high,white,0.3125252111290203,0.6452986331163176,0.5152389438179481,0.5,0.6140954915156546,0.6957361351050075
67cc3f4c640c0ff4df30a225,8,black_high,black,0.3125252111290203,0.6452986331163176,0.509525108268175,0.5,0.6140954915156546,0.6912284024183166
67cc3f4c640c0ff4df30a225,9,black_high,black,0.3125252111290203,0.44083914088608667,0.509525108268175,0.5,0.42695546447020305,0.6912284024183166
67cc3f4c640c0ff4df30a225,10,black_high,white,0.3125252111290203,0.6130013111264838,0.509525108268175,0.5,0.5853293557495274,0.6912284024183166
67cc3f4c640c0ff4df30a225,11,black_high,black,0.19534401518247743,0.6130013111264838,0.509525108268175,0.5,0.685594760958695,0.6912284024183166
67cc3f4c640c0ff4df30a225,12,white_high,white,0.19534401518247743,0.49564160168692906,0.509525108268175,0.5,0.5851685340923182,0.6912284024183166
67cc3f4c640c0ff4df30a225,13,white_high,white,0.19534401518247743,0.49564160168692906,0.6184385462676641,0.5,0.5851685340923182,0.7703160879985618
67cc3f4c640c0ff4df30a225,14,black_high,white,0.19534401518247743,0.49564160168692906,0.574030063356232,0.5,0.5851685340923182,0.739866796369614
67cc3f4c640c0ff4df30a225,15,white_high,white,0.12209985917538861,0.49564160168692906,0.574030063356232,0.5,0.6492788167874111,0.739866796369614
67cc3f4c640c0ff4df30a225,16,white_high,white,0.12209985917538861,0.49564160168692906,0.4712826068122104,0.5,0.6492788167874111,0.6601432768860254
67cc3f4c640c0ff4df30a225,17,white_high,white,0.12209985917538861,0.49564160168692906,0.40706026571343,0.5,0.6492788167874111,0.604816241486929
67cc3f4c640c0ff4df30a225,18,white_high,white,0.12209985917538861,0.49564160168692906,0.4419079798396293,0.5,0.6492788167874111,0.6352739678363833
67cc3f4c640c0ff4df30a225,19,black_high,white,0.12209985917538861,0.49564160168692906,0.5386794738173296,0.5,0.6492788167874111,0.7138330793821909
67cc3f4c640c0ff4df30a225,20,white_high,white,0.07631856853522395,0.49564160168692906,0.5386794738173296,0.5,0.6869258579230355,0.7138330793821909
67cc3f4c640c0ff4df30a225,21,black_high,black,0.07631856853522395,0.49564160168692906,0.4491867058938488,0.5,0.6869258579230355,0.6415101392247357
67cc3f4c640c0ff4df30a225,22,white_high,white,0.07631856853522395,0.38479090797145843,0.4491867058938488,0.5,0.5925139878341085,0.6415101392247357
67cc3f4c640c0ff4df30a225,23,white_high,white,0.07631856853522395,0.38479090797145843,0.5057340868368241,0.5,0.5925139878341085,0.6882173145693112
67cc3f4c640c0ff4df30a225,24,black_high,black,0.07631856853522395,0.38479090797145843,0.3536042623018374,0.5,0.5925139878341085,0.5565504381999333
67cc3f4c640c0ff4df30a225,25,black_high,black,0.07631856853522395,0.3904935506053987,0.3536042623018374,0.5,0.5976139516008099,0.5565504381999333
67cc3f4c640c0ff4df30a225,26,white_high,white,0.07631856853522395,0.3190680742433379,0.3536042623018374,0.5,0.5325638135809833,0.5565504381999333
67cc3f4c640c0ff4df30a225,27,black_high,black,0.07631856853522395,0.3190680742433379,0.5584751134317699,0.5,0.5325638135809833,0.7286026807284633
67cc3f4c640c0ff4df30a225,28,black_high,black,0.07631856853522395,0.5368882545026217,0.5584751134317699,0.5,0.7188717156835781,0.7286026807284633
67cc3f4c640c0ff4df30a225,29,black_high,black,0.07631856853522395,0.7105318079242054,0.5584751134317699,0.5,0.8296775563666652,0.7286026807284633
67cc3f4c640c0ff4df30a225,30,white_high,white,0.07631856853522395,0.7065829109901651,0.5584751134317699,0.5,0.8275964317955381,0.7286026807284633
67cc3f4c640c0ff4df30a225,31,white_high,white,0.07631856853522395,0.7065829109901651,0.49905493656791866,0.5,0.8275964317955381,0.6828734815068229
67cc3f4c640c0ff4df30a225,32,white_high,black,0.07631856853522395,0.7065829109901651,0.5743992032511088,0.5,0.8275964317955381,0.740130394845737
67cc3f4c640c0ff4df30a225,33,black_high,black,0.07631856853522395,0.7065829109901651,0.5743992032511088,0.3125252111290203,0.8275964317955381,0.8509983081906894
67cc3f4c640c0ff4df30a225,34,black_high,black,0.07631856853522395,0.5166398624231101,0.5743992032511088,0.3125252111290203,0.7034374146432083,0.8509983081906894
67cc3f4c640c0ff4df30a225,35,white_high,white,0.07631856853522395,0.47290579525968474,0.5743992032511088,0.3125252111290203,0.6684988019257604,0.8509983081906894
67cc3f4c640c0ff4df30a225,36,black_high,white,0.07631856853522395,0.47290579525968474,0.6214931689561592,0.3125252111290203,0.6684988019257604,0.8718303503121594
67cc3f4c640c0ff4df30a225,37,black_high,white,0.04770295348907094,0.47290579525968474,0.6214931689561592,0.3125252111290203,0.6915997691305502,0.8718303503121594
67cc3f4c640c0ff4df30a225,38,black_high,black,0.029816751221299464,0.47290579525968474,0.6214931689561592,0.3125252111290203,0.7055758868365201,0.8718303503121594
67cc3f4c640c0ff4df30a225,39,white_high,white,0.029816751221299464,0.3330849247895364,0.6214931689561592,0.3125252111290203,0.5878423301875938,0.8718303503121594
67cc3f4c640c0ff4df30a225,40,white_high,black,0.029816751221299464,0.3330849247895364,0.5009494410091229,0.3125252111290203,0.5878423301875938,0.8130340187544296
67cc3f4c640c0ff4df30a225,41,black_high,black,0.029816751221299464,0.3330849247895364,0.5009494410091229,0.19534401518247743,0.5878423301875938,0.8704293336811157
67cc3f4c640c0ff4df30a225,42,white_high,black,0.029816751221299464,0.470659577306859,0.5009494410091229,0.19534401518247743,0.7038410574144772,0.8704293336811157
67d1d172e049a486152a5ce9,0,white_high,white,0.5,0.5,0.5,0.5,0.20577694131141328,0.7942230586885867
67d1d172e049a486152a5ce9,1,black_high,white,0.5,0.5,0.6368802471953424,0.5,0.20577694131141328,0.8084344703302361
67d1d172e049a486152a5ce9,2,black_high,black,0.32889969100582206,0.5,0.6368802471953424,0.5,0.22461898934176108,0.8084344703302361
67d1d172e049a486152a5ce9,3,white_high,black,0.32889969100582206,0.6368802471953424,0.6368802471953424,0.5,0.240552863411856,0.8084344703302361
67d1d172e049a486152a5ce9,4,black_high,white,0.32889969100582206,0.6368802471953424,0.6368802471953424,0.32889969100582206,0.240552863411856,0.8251291637437779
67d1d172e049a486152a5ce9,5,white_high,black,0.21635001348745042,0.6368802471953424,0.6368802471953424,0.32889969100582206,0.25422096099501734,0.8251291637437779
67d1d172e049a486152a5ce9,6,black_high,white,0.21635001348745042,0.6368802471953424,0.6368802471953424,0.21635001348745042,0.25422096099501734,0.8354722122752589
67d1d172e049a486152a5ce9,7,white_high,white,0.14231490517025575,0.6368802471953424,0.6368802471953424,0.21635001348745042,0.2634863058441523,0.8354722122752589
67d1d172e049a486152a5ce9,8,black_high,white,0.14231490517025575,0.6368802471953424,0.5900397420146973,0.21635001348745042,0.2634863058441523,0.8312286046659392
67d1d172e049a486152a5ce9,9,white_high,white,0.09361465667203996,0.6368802471953424,0.5900397420146973,0.21635001348745042,0.269698005493928,0.8312286046659392
67d1d172e049a486152a5ce9,10,white_high,white,0.09361465667203996,0.6368802471953424,0.6276682102514269,0.21635001348745042,0.269698005493928,0.8346444539549054
67d1d172e049a486152a5ce9,11,black_high,white,0.09361465667203996,0.6368802471953424,0.7208603170012636,0.21635001348745042,0.269698005493928,0.8428654155172207
67d1d172e049a486152a5ce9,12,white_high,black,0.06157966330610012,0.6368802471953424,0.7208603170012636,0.21635001348745042,0.27383405547382894,0.8428654155172207
67d1d172e049a486152a5ce9,13,black_high,black,0.06157966330610012,0.6368802471953424,0.7208603170012636,0.14231490517025575,0.27383405547382894,0.8491568994338208
67d1d172e049a486152a5ce9,14,black_high,white,0.06157966330610012,0.48737955661819055,0.7208603170012636,0.14231490517025575,0.2548732983244735,0.8491568994338208
67d1d172e049a486152a5ce9,15,black_high,white,0.04050706446723777,0.48737955661819055,0.7208603170012636,0.14231490517025575,0.25749288719940333,0.8491568994338208
67d1d172e049a486152a5ce9,16,white_high,white,0.026645521973654832,0.48737955661819055,0.7208603170012636,0.14231490517025575,0.2592256110698228,0.8491568994338208
67d1d172e049a486152a5ce9,17,white_high,black,0.026645521973654832,0.48737955661819055,0.7479419654308338,0.14231490517025575,0.2592256110698228,0.8514059949225399
67d1d172e049a486152a5ce9,18,white_high,black,0.026645521973654832,0.48737955661819055,0.7479419654308338,0.09361465667203996,0.2592256110698228,0.8553807709239853
67d1d172e049a486152a5ce9,19,white_high,white,0.026645521973654832,0.48737955661819055,0.7479419654308338,0.06157966330610012,0.2592256110698228,0.8579469224432181
67d1d172e049a486152a5ce9,20,white_high,white,0.026645521973654832,0.48737955661819055,0.7999763188304972,0.06157966330610012,0.2592256110698228,0.86203403124141
67d1d172e049a486152a5ce9,21,white_high,white,0.026645521973654832,0.48737955661819055,0.8342044843401714,0.06157966330610012,0.2592256110698228,0.8646683406254249
67d1d172e049a486152a5ce9,22,black_high,white,0.026645521973654832,0.48737955661819055,0.8567197504598273,0.06157966330610012,0.2592256110698228,0.8663779609564634
67d1d172e049a486152a5ce9,23,white_high,white,0.017527407887647832,0.48737955661819055,0.8567197504598273,0.06157966330610012,0.2603695201932153,0.8663779609564634
67d1d172e049a486152a5ce9,24,white_high,white,0.017527407887647832,0.48737955661819055,0.8715302785991647,0.06157966330610012,0.2603695201932153,0.8674925620022813
67d1d172e049a486152a5ce9,25,white_high,white,0.017527407887647832,0.48737955661819055,0.8128325112588156,0.06157966330610012,0.2603695201932153,0.8630284995847232
67d1d172e049a486152a5ce9,26,black_high,white,0.017527407887647832,0.48737955661819055,0.7400010943780352,0.06157966330610012,0.2603695201932153,0.8573143856811903
67d1d172e049a486152a5ce9,27,white_high,white,0.01152951807676076,0.48737955661819055,0.7400010943780352,0.06157966330610012,0.26112376397225734,0.8573143856811903
67d1d172e049a486152a5ce9,28,black_high,white,0.01152951807676076,0.48737955661819055,0.6578725715639898,0.06157966330610012,0.26112376397225734,0.8506339487058144
67d1d172e049a486152a5ce9,29,black_high,white,0.007584109865785307,0.48737955661819055,0.6578725715639898,0.06157966330610012,0.26162067469002187,0.8506339487058144
67d1d172e049a486152a5ce9,30,black_high,white,0.004988822782821987,0.48737955661819055,0.6578725715639898,0.06157966330610012,0.26194787496986216,0.8506339487058144
67d1d172e049a486152a5ce9,31,white_high,white,0.0032816445435059137,0.48737955661819055,0.6578725715639898,0.06157966330610012,0.26216325099199544,0.8506339487058144
67d1d172e049a486152a5ce9,32,white_high,white,0.0032816445435059137,0.48737955661819055,0.7065086654078884,0.06157966330610012,0.26216325099199544,0.8546206502162527
67d1d172e049a486152a5ce9,33,black_high,white,0.0032816445435059137,0.48737955661819055,0.6016212106865227,0.06157966330610012,0.26216325099199544,0.8459110981091612
67d1d172e049a486152a5ce9,34,white_high,white,0.002158663752700074,0.48737955661819055,0.6016212106865227,0.06157966330610012,0.2623049874385358,0.8459110981091612
67d1d172e049a486152a5ce9,35,white_high,white,0.002158663752700074,0.48737955661819055,0.6010664313877053,0.06157966330610012,0.2623049874385358,0.8458639165641954
67d1d172e049a486152a5ce9,36,white_high,white,0.002158663752700074,0.48737955661819055,0.6691416215054615,0.06157966330610012,0.2623049874385358,0.8515656213720059
67d1d172e049a486152a5ce9,37,white_high,white,0.002158663752700074,0.48737955661819055,0.7481415012940824,0.06157966330610012,0.2623049874385358,0.8579627864633846
67eb5332af03cf75862d5e87,0,white_high,black,0.5,0.5,0.5,0.5,0.39873780861290914,0.6012621913870909
67eb5332af03cf75862d5e87,1,black_high,black,0.5,0.5,0.5,0.3759437758025669,0.39873780861290914,0.6187134361308769
67eb5332af03cf75862d5e87,2,white_high,black,0.5,0.5248112448394866,0.5,0.3759437758025669,0.402260723064498,0.6187134361308769
67eb5332af03cf75862d5e87,3,white_high,black,0.5,0.5248112448394866,0.5,0.28266744512938136,0.402260723064498,0.6316385009229919
67eb5332af03cf75862d5e87,4,white_high,white,0.5,0.5248112448394866,0.5,0.21253413323680903,0.402260723064498,0.6412348239236348
67eb5332af03cf75862d5e87,5,black_high,white,0.5,0.5248112448394866,0.5992449793579465,0.21253413323680903,0.402260723064498,0.6546220764840781
67eb5332af03cf75862d5e87,6,white_high,white,0.3759437758025669,0.5248112448394866,0.5992449793579465,0.21253413323680903,0.4200202531585212,0.6546220764840781
67eb5332af03cf75862d5e87,7,black_high,white,0.3759437758025669,0.5248112448394866,0.5498098196990618,0.21253413323680903,0.4200202531585212,0.6479827812291223
67eb5332af03cf75862d5e87,8,black_high,black,0.28266744512938136,0.5248112448394866,0.5498098196990618,0.21253413323680903,0.43351387270449426,0.6479827812291223
67eb5332af03cf75862d5e87,9,white_high,black,0.28266744512938136,0.593089000653097,0.5498098196990618,0.21253413323680903,0.4434551937236415,0.6479827812291223
67eb5332af03cf75862d5e87,10,black_high,white,0.28266744512938136,0.593089000653097,0.5498098196990618,0.15980176907194363,0.4434551937236415,0.6550627980766649
67eb5332af03cf75862d5e87,11,black_high,white,0.21253413323680903,0.593089000653097,0.5498098196990618,0.15980176907194363,0.4537139761101024,0.6550627980766649
67eb5332af03cf75862d5e87,12,white_high,black,0.15980176907194363,0.593089000653097,0.5498098196990618,0.15980176907194363,0.46145388492456657,0.6550627980766649
67eb5332af03cf75862d5e87,13,white_high,white,0.15980176907194363,0.593089000653097,0.5498098196990618,0.12015296088967269,0.46145388492456657,0.6603414303846368
67eb5332af03cf75862d5e87,14,white_high,white,0.15980176907194363,0.593089000653097,0.6366963627373673,0.12015296088967269,0.46145388492456657,0.6717694181924858
67eb5332af03cf75862d5e87,15,black_high,white,0.15980176907194363,0.593089000653097,0.7020252728498728,0.12015296088967269,0.46145388492456657,0.6802308291187319
67eb5332af03cf75862d5e87,16,black_high,white,0.12015296088967269,0.593089000653097,0.7020252728498728,0.12015296088967269,0.4672858968101141,0.6802308291187319
67eb5332af03cf75862d5e87,17,white_high,black,0.09034151558144339,0.593089000653097,0.7020252728498728,0.12015296088967269,0.4716768971661712,0.6802308291187319
67eb5332af03cf75862d5e87,18,black_high,white,0.09034151558144339,0.593089000653097,0.7020252728498728,0.09034151558144339,0.4716768971661712,0.6840533621375593
67eb5332af03cf75862d5e87,19,black_high,white,0.06792666095882852,0.593089000653097,0.7020252728498728,0.09034151558144339,0.47498136198787166,0.6840533621375593
67eb5332af03cf75862d5e87,20,black_high,white,0.051073210797045604,0.593089000653097,0.7020252728498728,0.09034151558144339,0.4774674076417262,0.6840533621375593
67eb5332af03cf75862d5e87,21,black_high,black,0.0384013114188035,0.593089000653097,0.7020252728498728,0.09034151558144339,0.4793373766841862,0.6840533621375593
67eb5332af03cf75862d5e87,22,black_high,black,0.0384013114188035,0.619614950461399,0.7020252728498728,0.09034151558144339,0.4832535761292416,0.6840533621375593
67eb5332af03cf75862d5e87,23,black_high,black,0.0384013114188035,0.6395594819167639,0.7020252728498728,0.09034151558144339,0.48619949937503315,0.6840533621375593
67eb5332af03cf75862d5e87,24,white_high,black,0.0384013114188035,0.6545555268406498,0.7020252728498728,0.09034151558144339,0.4884151452585935,0.6840533621375593
67eb5332af03cf75862d5e87,25,white_high,white,0.0384013114188035,0.6545555268406498,0.7020252728498728,0.06792666095882852,0.4884151452585935,0.6869112113140505
67eb5332af03cf75862d5e87,26,black_high,white,0.0384013114188035,0.6545555268406498,0.7511452671233965,0.06792666095882852,0.4884151452585935,0.6931243167208309
67eb5332af03cf75862d5e87,27,black_high,black,0.02887346802111043,0.6545555268406498,0.7511452671233965,0.06792666095882852,0.48982311360371084,0.6931243167208309
67eb5332af03cf75862d5e87,28,black_high,black,0.02887346802111043,0.6906421111817176,0.7511452671233965,0.06792666095882852,0.4951570515034506,0.6931243167208309
67eb5332af03cf75862d5e87,29,black_high,black,0.02887346802111043,0.668152675048742,0.7511452671233965,0.06792666095882852,0.4918326939012176,0.6931243167208309
67eb5332af03cf75862d5e87,30,black_high,black,0.02887346802111043,0.7008656376567122,0.7511452671233965,0.06792666095882852,0.49666843842793684,0.6931243167208309
67eb5332af03cf75862d5e87,31,white_high,black,0.02887346802111043,0.6510283724993092,0.7511452671233965,0.06792666095882852,0.4893018715832278,0.6931243167208309
67eb5332af03cf75862d5e87,32,white_high,black,0.02887346802111043,0.6510283724993092,0.7511452671233965,0.051073210797045604,0.4893018715832278,0.6952401818839838
67eb5332af03cf75862d5e87,33,white_high,black,0.02887346802111043,0.6510283724993092,0.7511452671233965,0.0384013114188035,0.4893018715832278,0.6968256648533522
67eb5332af03cf75862d5e87,34,white_high,white,0.02887346802111043,0.6510283724993092,0.7511452671233965,0.02887346802111043,0.4893018715832278,0.6980146951948464
67eb5332af03cf75862d5e87,35,white_high,white,0.02887346802111043,0.6510283724993092,0.7136442448341145,0.02887346802111043,0.4893018715832278,0.6933195259492837
67eb5332af03cf75862d5e87,36,white_high,white,0.02887346802111043,0.6510283724993092,0.7102589378418234,0.02887346802111043,0.4893018715832278,0.6928936826049317
67eb5332af03cf75862d5e87,37,white_high,white,0.02887346802111043,0.6510283724993092,0.6829023228164712,0.02887346802111043,0.4893018715832278,0.6894404177684759
67eb5332af03cf75862d5e87,38,black_high,white,0.02887346802111043,0.6510283724993092,0.6871444693643416,0.02887346802111043,0.4893018715832278,0.6899773074314565
67eb5332af03cf75862d5e87,39,white_high,white,0.021709601176741845,0.6510283724993092,0.6871444693643416,0.02887346802111043,0.4903605692625029,0.6899773074314565
67eb5332af03cf75862d5e87,40,white_high,white,0.021709601176741845,0.6510283724993092,0.69033408654577,0.02887346802111043,0.4903605692625029,0.6903806512472993
67eb5332af03cf75862d5e87,41,black_high,white,0.021709601176741845,0.6510283724993092,0.7671660545173318,0.02887346802111043,0.4903605692625029,0.7000080346899397
67eb5332af03cf75862d5e87,42,black_high,white,0.016323178875104358,0.6510283724993092,0.7671660545173318,0.02887346802111043,0.4911566483377615,0.7000080346899397
67eb5332af03cf75862d5e87,43,white_high,white,0.012273194998814857,0.6510283724993092,0.7671660545173318,0.02887346802111043,0.49175524004422827,0.7000080346899397
67eb5332af03cf75862d5e87,44,white_high,white,0.012273194998814857,0.6510283724993092,0.7505013202820136,0.02887346802111043,0.49175524004422827,0.6979344170336378
67eb5332af03cf75862d5e87,45,black_high,white,0.012273194998814857,0.6510283724993092,0.7379713140596699,0.02887346802111043,0.49175524004422827,0.6963699483434269
67eb5332af03cf75862d5e87,46,white_high,white,0.009228062538031274,0.6510283724993092,0.7379713140596699,0.02887346802111043,0.49220532936044536,0.6963699483434269
67eb5332af03cf75862d5e87,47,black_high,white,0.009228062538031274,0.6510283724993092,0.7533614031990414,0.02887346802111043,0.49220532936044536,0.6982908790740918
67f864f1b7ea815cc3583637,0,white_high,black,0.5,0.5,0.5,0.5,0.6243962528514868,0.37560374714851325
67f864f1b7ea815cc3583637,1,white_high,black,0.5,0.5,0.5,0.2802112395236577,0.6243962528514868,0.4230498553671866
67f864f1b7ea815cc3583637,2,black_high,black,0.5,0.5,0.5,0.1570366775107693,0.6243962528514868,0.45033660124225716
67f864f1b7ea815cc3583637,3,white_high,black,0.5,0.6318732562858054,0.5,0.1570366775107693,0.6518182716022164,0.45033660124225716
67f864f1b7ea815cc3583637,4,black_high,black,0.5,0.6318732562858054,0.5,0.08800688411193913,0.6518182716022164,0.4657713498574784
67f864f1b7ea815cc3583637,5,black_high,white,0.5,0.6618202413982699,0.5,0.08800688411193913,0.6579151901951533,0.4657713498574784
67f864f1b7ea815cc3583637,6,white_high,black,0.2802112395236577,0.6618202413982699,0.5,0.08800688411193913,0.700986935479858,0.4657713498574784
67f864f1b7ea815cc3583637,7,white_high,black,0.2802112395236577,0.6618202413982699,0.5,0.04932103616724272,0.700986935479858,0.4744520033187282
67f864f1b7ea815cc3583637,8,black_high,black,0.2802112395236577,0.6618202413982699,0.5,0.027640617358028464,0.700986935479858,0.4793239360703254
67f864f1b7ea815cc3583637,9,white_high,white,0.2802112395236577,0.7225609571302588,0.5,0.027640617358028464,0.7123278740462397,0.4793239360703254
67f864f1b7ea815cc3583637,10,black_high,black,0.2802112395236577,0.7225609571302588,0.6758310083810739,0.027640617358028464,0.7123278740462397,0.5189000568933307
67f864f1b7ea815cc3583637,11,black_high,white,0.2802112395236577,0.8005591717151568,0.6758310083810739,0.027640617358028464,0.7265080414453792,0.5189000568933307
67f864f1b7ea815cc3583637,12,black_high,black,0.1570366775107693,0.8005591717151568,0.6758310083810739,0.027640617358028464,0.7479921743057342,0.5189000568933307
67f864f1b7ea815cc3583637,13,white_high,white,0.1570366775107693,0.8003133723988213,0.6758310083810739,0.027640617358028464,0.7479504353466909,0.5189000568933307
67f864f1b7ea815cc3583637,14,black_high,black,0.1570366775107693,0.8003133723988213,0.7743706579913846,0.027640617358028464,0.7479504353466909,0.5410077551127036
67f864f1b7ea815cc3583637,15,black_high,black,0.1570366775107693,0.8441333730318809,0.7743706579913846,0.027640617358028464,0.7553188052573838,0.5410077551127036
67f864f1b7ea815cc3583637,16,black_high,black,0.1570366775107693,0.8686910864185151,0.7743706579913846,0.027640617358028464,0.7593839986965463,0.5410077551127036
67f864f1b7ea815cc3583637,17,white_high,white,0.1570366775107693,0.7945382768438491,0.7743706579913846,0.027640617358028464,0.7469684533378007,0.5410077551127036
67f864f1b7ea815cc3583637,18,black_high,black,0.1570366775107693,0.7945382768438491,0.8295944927104487,0.027640617358028464,0.7469684533378007,0.55333275762955
67f864f1b7ea815cc3583637,19,black_high,black,0.1570366775107693,0.7529813754736914,0.8295944927104487,0.027640617358028464,0.7398279523776309,0.55333275762955
67f864f1b7ea815cc3583637,20,white_high,black,0.1570366775107693,0.8176074579768396,0.8295944927104487,0.027640617358028464,0.75087593016546,0.55333275762955
67f864f1b7ea815cc3583637,21,black_high,black,0.1570366775107693,0.8176074579768396,0.8295944927104487,0.015490423302184567,0.75087593016546,0.556036230095156
67f864f1b7ea815cc3583637,22,black_high,white,0.1570366775107693,0.8098676152491019,0.8295944927104487,0.015490423302184567,0.7495694568108443,0.556036230095156
67f864f1b7ea815cc3583637,23,white_high,white,0.08800688411193913,0.8098676152491019,0.8295944927104487,0.015490423302184567,0.7610598818921139,0.556036230095156
67f864f1b7ea815cc3583637,24,white_high,white,0.08800688411193913,0.8098676152491019,0.8605431710662058,0.015490423302184567,0.7610598818921139,0.5629071159735279
67f864f1b7ea815cc3583637,25,white_high,white,0.08800688411193913,0.8098676152491019,0.7899720019230403,0.015490423302184567,0.7610598818921139,0.5472086495477549
67f864f1b7ea815cc3583637,26,black_high,white,0.08800688411193913,0.8098676152491019,0.7504223323625601,0.015490423302184567,0.7610598818921139,0.538367576463673
67f864f1b7ea815cc3583637,27,white_high,black,0.04932103616724272,0.8098676152491019,0.7504223323625601,0.015490423302184567,0.7673391552975717,0.538367576463673
67f864f1b7ea815cc3583637,28,white_high,black,0.04932103616724272,0.8098676152491019,0.7504223323625601,0.008681181428502577,0.7673391552975717,0.5398916166668882
67f864f1b7ea815cc3583637,29,black_high,white,0.04932103616724272,0.8098676152491019,0.7504223323625601,0.004865129217220928,0.7673391552975717,0.5407453988299564
67f864f1b7ea815cc3583637,30,black_high,black,0.027640617358028464,0.8098676152491019,0.7504223323625601,0.004865129217220928,0.7708075542459999,0.5407453988299564
67f864f1b7ea815cc3583637,31,white_high,white,0.027640617358028464,0.8494877854954552,0.7504223323625601,0.004865129217220928,0.7770515938191366,0.5407453988299564
67f864f1b7ea815cc3583637,32,white_high,black,0.027640617358028464,0.8494877854954552,0.8161733126925106,0.004865129217220928,0.7770515938191366,0.5554144208832029
67f864f1b7ea815cc3583637,33,white_high,white,0.027640617358028464,0.8494877854954552,0.8161733126925106,0.002726527776800477,0.7770515938191366,0.5558900647490734
67f864f1b7ea815cc3583637,34,white_high,black,0.027640617358028464,0.8494877854954552,0.7651061358982757,0.002726527776800477,0.7770515938191366,0.5445062320686205
67f864f1b7ea815cc3583637,35,black_high,white,0.027640617358028464,0.8494877854954552,0.7651061358982757,0.0015280074558658887,0.7770515938191366,0.5447739859668935
67f864f1b7ea815cc3583637,36,black_high,white,0.015490423302184567,0.8494877854954552,0.7651061358982757,0.0015280074558658887,0.7789419525348595,0.5447739859668935
67f864f1b7ea815cc3583637,37,black_high,black,0.008681181428502577,0.8494877854954552,0.7651061358982757,0.0015280074558658887,0.779996321026274,0.5447739859668935
67f864f1b7ea815cc3583637,38,white_high,white,0.008681181428502577,0.8716918195251933,0.7651061358982757,0.0015280074558658887,0.7834093550064514,0.5447739859668935
67f864f1b7ea815cc3583637,39,black_high,black,0.008681181428502577,0.8716918195251933,0.82440244627184,0.0015280074558658887,0.7834093550064514,0.5579856259756869
67f864f1b7ea815cc3583637,40,white_high,black,0.008681181428502577,0.88413545932099,0.82440244627184,0.0015280074558658887,0.7853052744892236,0.5579856259756869
67f864f1b7ea815cc3583637,41,black_high,black,0.008681181428502577,0.88413545932099,0.82440244627184,0.0008563297264191427,0.7853052744892236,0.5581348473787148
67f864f1b7ea815cc3583637,42,white_high,white,0.008681181428502577,0.9350669068789907,0.82440244627184,0.0008563297264191427,0.7929392180109687,0.5581348473787148
67f864f1b7ea815cc3583637,43,black_high,black,0.008681181428502577,0.9350669068789907,0.7257601752439465,0.0008563297264191427,0.7929392180109687,0.536121803313596
67f864f1b7ea815cc3583637,44,white_high,white,0.008681181428502577,0.8317367786951084,0.7257601752439465,0.0008563297264191427,0.7772401194616955,0.536121803313596
67f864f1b7ea815cc3583637,45,black_high,black,0.008681181428502577,0.8317367786951084,0.8023520854614428,0.0008563297264191427,0.7772401194616955,0.5532307612062898
67f864f1b7ea815cc3583637,46,white_high,black,0.008681181428502577,0.8617437562885572,0.8023520854614428,0.0008563297264191427,0.7818849707357829,0.5532307612062898
680aac52abce2170943ff846,0,black_high,white,0.5,0.5,0.5,0.5,0.4428126018608422,0.5571873981391577
680aac52abce2170943ff846,1,white_high,black,0.28652322150662857,0.5,0.5,0.5,0.4556658337589054,0.5571873981391577
680aac52abce2170943ff846,2,black_high,black,0.28652322150662857,0.5,0.5,0.28652322150662857,0.4556658337589054,0.5699645003948103
680aac52abce2170943ff846,3,white_high,black,0.28652322150662857,0.5426953556986742,0.5,0.28652322150662857,0.4582441435323982,0.5699645003948103
680aac52abce2170943ff846,4,white_high,black,0.28652322150662857,0.5426953556986742,0.5,0.1641911129250731,0.4582441435323982,0.5772457032788791
680aac52abce2170943ff846,5,black_high,white,0.28652322150662857,0.5426953556986742,0.5,0.09408913323610119,0.4582441435323982,0.5814033039178821
680aac52abce2170943ff846,6,white_high,black,0.1641911129250731,0.5426953556986742,0.5,0.09408913323610119,0.4656435229365713,0.5814033039178821
680aac52abce2170943ff846,7,black_high,white,0.1641911129250731,0.5426953556986742,0.5,0.05391744312714822,0.4656435229365713,0.5837806404690732
680aac52abce2170943ff846,8,white_high,white,0.09408913323610119,0.5426953556986742,0.5,0.05391744312714822,0.4698907474239982,0.5837806404690732
680aac52abce2170943ff846,9,white_high,black,0.09408913323610119,0.5426953556986742,0.5853907113973486,0.05391744312714822,0.4698907474239982,0.588820956289703
680aac52abce2170943ff846,10,black_high,white,0.09408913323610119,0.5426953556986742,0.5853907113973486,0.030897199000381875,0.4698907474239982,0.5901766237727917
680aac52abce2170943ff846,11,black_high,white,0.05391744312714822,0.5426953556986742,0.5853907113973486,0.030897199000381875,0.47232661111517854,0.5901766237727917
680aac52abce2170943ff846,12,black_high,white,0.030897199000381875,0.5426953556986742,0.5853907113973486,0.030897199000381875,0.4737230757335657,0.5901766237727917
680aac52abce2170943ff846,13,white_high,black,0.0177055299862416,0.5426953556986742,0.5853907113973486,0.030897199000381875,0.47452350154421197,0.5901766237727917
680aac52abce2170943ff846,14,black_high,black,0.0177055299862416,0.5426953556986742,0.5853907113973486,0.0177055299862416,0.47452350154421197,0.5909528683907154
680aac52abce2170943ff846,15,white_high,black,0.0177055299862416,0.4817710660176368,0.5853907113973486,0.0177055299862416,0.4708279800008547,0.5909528683907154
680aac52abce2170943ff846,16,white_high,white,0.0177055299862416,0.4817710660176368,0.5853907113973486,0.010146090980280313,0.4708279800008547,0.5913974885874298
680aac52abce2170943ff846,17,black_high,white,0.0177055299862416,0.4817710660176368,0.6343235548299707,0.010146090980280313,0.4708279800008547,0.594271904570493
680aac52abce2170943ff846,18,black_high,white,0.010146090980280313,0.4817710660176368,0.6343235548299707,0.010146090980280313,0.4712863520160518,0.594271904570493
680aac52abce2170943ff846,19,white_high,white,0.005814181346738526,0.4817710660176368,0.6343235548299707,0.010146090980280313,0.4715490423453232,0.594271904570493
680aac52abce2170943ff846,20,white_high,white,0.005814181346738526,0.4817710660176368,0.7050597024042338,0.010146090980280313,0.4715490423453232,0.5984156491123798
680aac52abce2170943ff846,21,white_high,white,0.005814181346738526,0.4817710660176368,0.745594800164126,0.010146090980280313,0.4715490423453232,0.6007839245745142
680aac52abce2170943ff846,22,black_high,white,0.005814181346738526,0.4817710660176368,0.6834325823552784,0.010146090980280313,0.4715490423453232,0.5971501885098608
680aac52abce2170943ff846,23,black_high,white,0.0033317959397825415,0.4817710660176368,0.6834325823552784,0.010146090980280313,0.4716995832158939,0.5971501885098608
680aac52abce2170943ff846,24,white_high,black,0.001909273812138398,0.4817710660176368,0.6834325823552784,0.010146090980280313,0.47178585244811955,0.5971501885098608
680aac52abce2170943ff846,25,white_high,white,0.001909273812138398,0.4817710660176368,0.6834325823552784,0.005814181346738526,0.47178585244811955,0.5974037643167069
680aac52abce2170943ff846,26,black_high,white,0.001909273812138398,0.4817710660176368,0.7758968116461258,0.005814181346738526,0.47178585244811955,0.6028036990011909
680aac52abce2170943ff846,27,black_high,white,0.0010941025667842708,0.4817710660176368,0.7758968116461258,0.005814181346738526,0.47183528948467923,0.6028036990011909
680aac52abce2170943ff846,28,white_high,black,0.000626971584187401,0.4817710660176368,0.7758968116461258,0.005814181346738526,0.47186361945168737,0.6028036990011909
680aac52abce2170943ff846,29,white_high,black,0.000626971584187401,0.4817710660176368,0.7758968116461258,0.0033317959397825415,0.47186361945168737,0.6029483327141649
680aac52abce2170943ff846,30,black_high,white,0.000626971584187401,0.4817710660176368,0.7758968116461258,0.001909273812138398,0.47186361945168737,0.6030312064424976
680aac52abce2170943ff846,31,white_high,black,0.00035928383618897706,0.4817710660176368,0.7758968116461258,0.001909273812138398,0.4718798539202068,0.6030312064424976
680aac52abce2170943ff846,32,black_high,white,0.00035928383618897706,0.4817710660176368,0.7758968116461258,0.0010941025667842708,0.4718798539202068,0.6030786942735709
680aac52abce2170943ff846,33,black_high,black,0.00020588632436025107,0.4817710660176368,0.7758968116461258,0.0010941025667842708,0.4718891570514561,0.6030786942735709
680aac52abce2170943ff846,34,white_high,white,0.00020588632436025107,0.40416326282413473,0.7758968116461258,0.0010941025667842708,0.46718509259362845,0.6030786942735709
680aac52abce2170943ff846,35,black_high,black,0.00020588632436025107,0.40416326282413473,0.7007970422511852,0.0010941025667842708,0.46718509259362845,0.5986957088457967
680aac52abce2170943ff846,36,black_high,black,0.00020588632436025107,0.4877764543500483,0.7007970422511852,0.0010941025667842708,0.4722533823849552,0.5986957088457967
680aac52abce2170943ff846,37,white_high,black,0.00020588632436025107,0.45029998494561074,0.7007970422511852,0.0010941025667842708,0.4699809419122406,0.5986957088457967
680aac52abce2170943ff846,38,white_high,white,0.00020588632436025107,0.45029998494561074,0.7007970422511852,0.000626971584187401,0.4699809419122406,0.5987230212514936
680aac52abce2170943ff846,39,black_high,black,0.00020588632436025107,0.45029998494561074,0.700456742226973,0.000626971584187401,0.4699809419122406,0.5987031245108588
680aac52abce2170943ff846,40,black_high,white,0.00020588632436025107,0.4715195831553769,0.700456742226973,0.000626971584187401,0.4712674764771011,0.5987031245108588
680aac52abce2170943ff846,41,black_high,white,0.0001179824258397156,0.4715195831553769,0.700456742226973,0.000626971584187401,0.471272806856279,0.5987031245108588
680aac52abce2170943ff846,42,black_high,black,6.760940946552443e-05,0.4715195831553769,0.700456742226973,0.000626971584187401,0.47127586141405975,0.5987031245108588
680aac52abce2170943ff846,43,white_high,black,6.760940946552443e-05,0.6117654655276767,0.700456742226973,0.000626971584187401,0.47978772068837605,0.5987031245108588
680aac52abce2170943ff846,44,white_high,white,6.760940946552443e-05,0.6117654655276767,0.700456742226973,0.00035928383618897706,0.47978772068837605,0.5987187757674113
680aac52abce2170943ff846,45,black_high,white,6.760940946552443e-05,0.6117654655276767,0.5294803117138437,0.00035928383618897706,0.47978772068837605,0.5886823559770702
680aac52abce2170943ff846,46,white_high,black,3.8743331608445616e-05,0.6117654655276767,0.5294803117138437,0.00035928383618897706,0.4797894740188222,0.5886823559770702
680aac52abce2170943ff846,47,white_high,white,3.8743331608445616e-05,0.6117654655276767,0.5294803117138437,0.00020588632436025107,0.4797894740188222,0.5886913949990454
68598a1d4cebd213b2abb1d9,0,black_high,black,0.5,0.5,0.5,0.5,0.45720813578093267,0.5427918642190673
68598a1d4cebd213b2abb1d9,1,white_high,white,0.5,0.5509686532528102,0.5,0.5,0.6402269277832318,0.5427918642190673
68598a1d4cebd213b2abb1d9,2,black_high,black,0.5,0.5509686532528102,0.6019373065056203,0.5,0.6402269277832318,0.8412368872291719
68598a1d4cebd213b2abb1d9,3,black_high,black,0.5,0.6269279236143785,0.6019373065056203,0.5,0.8443567985274042,0.8412368872291719
68598a1d4cebd213b2abb1d9,4,white_high,white,0.5,0.7661090833576149,0.6019373065056203,0.5,0.9766473337739592,0.8412368872291719
68598a1d4cebd213b2abb1d9,5,black_high,black,0.5,0.7661090833576149,0.7538558472287571,0.5,0.9766473337739592,0.9800969694799264
68598a1d4cebd213b2abb1d9,6,black_high,black,0.5,0.7833828271452711,0.7538558472287571,0.5,0.9817808873394684,0.9800969694799264
68598a1d4cebd213b2abb1d9,7,white_high,white,0.5,0.8428210296108282,0.7538558472287571,0.5,0.9923023997640359,0.9800969694799264
68598a1d4cebd213b2abb1d9,8,black_high,black,0.5,0.8428210296108282,0.5735002874399382,0.5,0.9923023997640359,0.7773280310942368
68598a1d4cebd213b2abb1d9,9,white_high,white,0.5,0.820995727509202,0.5735002874399382,0.5,0.9894272384450753,0.7773280310942368
68598a1d4cebd213b2abb1d9,10,white_high,white,0.5,0.820995727509202,0.739912793806098,0.5,0.9894272384450753,0.9756880048608934
68598a1d4cebd213b2abb1d9,11,white_high,white,0.5,0.820995727509202,0.7195697803275588,0.5,0.9894272384450753,0.9675055133520262
68598a1d4cebd213b2abb1d9,12,white_high,white,0.5,0.820995727509202,0.7095953268500687,0.5,0.9894272384450753,0.9625752925238035
68598a1d4cebd213b2abb1d9,13,white_high,white,0.5,0.820995727509202,0.7047047179793834,0.5,0.9894272384450753,0.9599023653660891
68598a1d4cebd213b2abb1d9,14,white_high,white,0.5,0.820995727509202,0.753275439838759,0.5,0.9894272384450753,0.9799301450789835
68598a1d4cebd213b2abb1d9,15,white_high,white,0.5,0.820995727509202,0.8280589721440528,0.5,0.9894272384450753,0.9932111976189022
68598a1d4cebd213b2abb1d9,16,white_high,white,0.5,0.820995727509202,0.8647263451784581,0.5,0.9894272384450753,0.9960249775220821
68598a1d4cebd213b2abb1d9,17,black_high,black,0.5,0.820995727509202,0.882704851994043,0.5,0.9894272384450753,0.9969439351536122
68598a1d4cebd213b2abb1d9,18,black_high,black,0.5,0.7593258347043218,0.882704851994043,0.5,0.9742660699678963,0.9969439351536122
68598a1d4cebd213b2abb1d9,19,black_high,black,0.5,0.7290882557245407,0.882704851994043,0.5,0.960462090109736,0.9969439351536122
68598a1d4cebd213b2abb1d9,20,white_high,white,0.5,0.7142623635270089,0.882704851994043,0.5,0.9513204942044038,0.9969439351536122
68598a1d4cebd213b2abb1d9,21,black_high,black,0.5,0.7142623635270089,0.8915199560107595,0.5,0.9513204942044038,0.9973137604755434
68598a1d4cebd213b2abb1d9,22,white_high,white,0.5,0.859898988673703,0.8915199560107595,0.5,0.9939985148878423,0.9973137604755434
68598a1d4cebd213b2abb1d9,23,black_high,black,0.5,0.859898988673703,0.6409988539632705,0.5,0.9939985148878423,0.903842389635449
68598a1d4cebd213b2abb1d9,24,black_high,black,0.5,0.8803379340874734,0.6409988539632705,0.5,0.9955467540256292,0.903842389635449
68598a1d4cebd213b2abb1d9,25,white_high,white,0.5,0.8393907710319579,0.6409988539632705,0.5,0.9919082224330665,0.903842389635449
68598a1d4cebd213b2abb1d9,26,black_high,black,0.5,0.8393907710319579,0.6201022902491051,0.5,0.9919082224330665,0.8736938179110724
68598a1d4cebd213b2abb1d9,27,black_high,black,0.5,0.8702824787838811,0.6201022902491051,0.5,0.9948423367652239,0.8736938179110724
68598a1d4cebd213b2abb1d9,28,black_high,black,0.5,0.8344604458750449,0.6201022902491051,0.5,0.9913063642290371,0.8736938179110724
68598a1d4cebd213b2abb1d9,29,white_high,white,0.5,0.8678650739604311,0.6201022902491051,0.5,0.994657084666348,0.8736938179110724
68598a1d4cebd213b2abb1d9,30,black_high,black,0.5,0.8678650739604311,0.6608250768889754,0.5,0.994657084666348,0.9263279667680762
68598a1d4cebd213b2abb1d9,31,black_high,black,0.5,0.8842438129865859,0.6608250768889754,0.5,0.9957937783379819,0.9263279667680762
68598a1d4cebd213b2abb1d9,32,white_high,white,0.5,0.8413058760585072,0.6608250768889754,0.5,0.9921306961578688,0.9263279667680762
68598a1d4cebd213b2abb1d9,33,white_high,white,0.5,0.8413058760585072,0.7827293141171089,0.5,0.9921306961578688,0.9868809164868204
68598a1d4cebd213b2abb1d9,34,black_high,black,0.5,0.8413058760585072,0.7915319501191417,0.5,0.9921306961578688,0.988452312555121
68598a1d4cebd213b2abb1d9,35,white_high,white,0.5,0.8202528273172112,0.7915319501191417,0.5,0.9893125859844568,0.988452312555121
68598a1d4cebd213b2abb1d9,36,black_high,black,0.5,0.8202528273172112,0.7448793478473812,0.5,0.9893125859844568,0.9773581767159392
68598a1d4cebd213b2abb1d9,37,white_high,white,0.5,0.8608988872408215,0.7448793478473812,0.5,0.9940854144544763,0.9773581767159392
68598a1d4cebd213b2abb1d9,38,white_high,white,0.5,0.8608988872408215,0.7729736019137371,0.5,0.9940854144544763,0.984892212157483
68598a1d4cebd213b2abb1d9,39,black_high,black,0.5,0.8608988872408215,0.8377172462938587,0.5,0.9940854144544763,0.994103008595251
68598a1d4cebd213b2abb1d9,40,white_high,white,0.5,0.8298595445682274,0.8377172462938587,0.5,0.9907047841266218,0.994103008595251
68598a1d4cebd213b2abb1d9,41,white_high,white,0.5,0.8298595445682274,0.9204305803194538,0.5,0.9907047841266218,0.9982408614559333
68598a1d4cebd213b2abb1d9,42,black_high,black,0.5,0.8298595445682274,0.8080800821732742,0.5,0.9907047841266218,0.9909193715512081
68598a1d4cebd213b2abb1d9,43,black_high,black,0.5,0.8146405368343793,0.8080800821732742,0.5,0.9884057767218092,0.9909193715512081
68598a1d4cebd213b2abb1d9,44,black_high,black,0.5,0.8581471056337248,0.8080800821732742,0.5,0.993843191236271,0.9909193715512081
68598a1d4cebd213b2abb1d9,45,white_high,white,0.5,0.726573002481106,0.8080800821732742,0.5,0.9590363788707728,0.9909193715512081
68598a1d4cebd213b2abb1d9,46,white_high,white,0.5,0.726573002481106,0.8549304263606461,0.5,0.9590363788707728,0.9954132776132198
68598a1d4cebd213b2abb1d9,47,black_high,black,0.5,0.726573002481106,0.8779017810714084,0.5,0.9590363788707728,0.9967214956802872
68e541cbbf146b5c074849ac,0,white_high,black,0.5,0.5,0.5,0.5,0.9660151128397884,0.033984887160211655
68e541cbbf146b5c074849ac,1,white_high,black,0.5,0.5,0.5,0.39964437896377714,0.9660151128397884,0.10009843380484042
68e541cbbf146b5c074849ac,2,white_high,black,0.5,0.5,0.5,0.31943125927468624,0.9660151128397884,0.21822432031199998
68e541cbbf146b5c074849ac,3,white_high,black,0.5,0.5,0.5,0.25531781446889856,0.9660151128397884,0.36804124943894767
68e541cbbf146b5c074849ac,4,black_high,black,0.5,0.5,0.5,0.20407265880362369,0.9660151128397884,0.5117928162306904
68e541cbbf146b5c074849ac,5,black_high,black,0.5,0.5802844968289783,0.5,0.20407265880362369,0.9861860940356884,0.5117928162306904
68e541cbbf146b5c074849ac,6,black_high,black,0.5,0.6243838683730064,0.5,0.20407265880362369,0.991624323606251,0.5117928162306904
68e541cbbf146b5c074849ac,7,white_high,black,0.5,0.6797031244870629,0.5,0.20407265880362369,0.9955418518663119,0.5117928162306904
68e541cbbf146b5c074849ac,8,black_high,black,0.5,0.6797031244870629,0.5,0.16311298198212196,0.9955418518663119,0.6264481593945721
68e541cbbf146b5c074849ac,9,white_high,black,0.5,0.7239191839959435,0.5,0.16311298198212196,0.9973105764493916,0.6264481593945721
68e541cbbf146b5c074849ac,10,black_high,black,0.5,0.7239191839959435,0.5,0.1303743727703498,0.9973105764493916,0.7094137405914692
68e541cbbf146b5c074849ac,11,black_high,black,0.5,0.7592605832812475,0.5,0.1303743727703498,0.9982052979587009,0.7094137405914692
68e541cbbf146b5c074849ac,12,white_high,black,0.5,0.7674374422121752,0.5,0.1303743727703498,0.9983657127186149,0.7094137405914692
68e541cbbf146b5c074849ac,13,black_high,black,0.5,0.7674374422121752,0.5,0.10420677047719686,0.9983657127186149,0.7672226667470011
68e541cbbf146b5c074849ac,14,white_high,white,0.5,0.7739731136308253,0.5,0.10420677047719686,0.9984835725237798,0.7672226667470011
68e541cbbf146b5c074849ac,15,black_high,black,0.5,0.7739731136308253,0.5,0.10420677047719686,0.9984835725237798,0.7672226667470011
68e541cbbf146b5c074849ac,16,white_high,white,0.5,0.6989125054922825,0.5,0.10420677047719686,0.9964203190142481,0.7672226667470011
68e541cbbf146b5c074849ac,17,white_high,white,0.5,0.6989125054922825,0.5200711242072446,0.10420677047719686,0.9964203190142481,0.805795954168723
68e541cbbf146b5c074849ac,18,white_high,white,0.5,0.6989125054922825,0.5361137481450627,0.10420677047719686,0.9964203190142481,0.832985912964165
68e541cbbf146b5c074849ac,19,white_high,white,0.5,0.6989125054922825,0.5489364371062203,0.10420677047719686,0.9964203190142481,0.8524593271430573
68e541cbbf146b5c074849ac,20,black_high,black,0.5,0.6989125054922825,0.5391143440320307,0.10420677047719686,0.9964203190142481,0.8377194993611975
68e541cbbf146b5c074849ac,21,black_high,black,0.5,0.6991307778656733,0.5391143440320307,0.10420677047719686,0.9964292382881392,0.8377194993611975
68e541cbbf146b5c074849ac,22,white_high,white,0.5,0.6190207436909126,0.5391143440320307,0.10420677047719686,0.9910976220082854,0.8377194993611975
68e541cbbf146b5c074849ac,23,black_high,black,0.5,0.6190207436909126,0.5111925312512683,0.10420677047719686,0.9910976220082854,0.7893611667419032
68e541cbbf146b5c074849ac,24,white_high,white,0.5,0.5349185697705897,0.5111925312512683,0.10420677047719686,0.9769731459767453,0.7893611667419032
68e541cbbf146b5c074849ac,25,black_high,black,0.5,0.5349185697705897,0.5290171886091362,0.10420677047719686,0.9769731459767453,0.8213524244829394
68e541cbbf146b5c074849ac,26,black_high,black,0.5,0.44762552343156303,0.5290171886091362,0.10420677047719686,0.939715407969322,0.8213524244829394
68e541cbbf146b5c074849ac,27,black_high,black,0.5,0.49827991809099736,0.5290171886091362,0.10420677047719686,0.9653613807622665,0.8213524244829394
68e541cbbf146b5c074849ac,28,white_high,white,0.5,0.4986251578674196,0.5290171886091362,0.10420677047719686,0.9654935573821245,0.8213524244829394
68e541cbbf146b5c074849ac,29,black_high,black,0.5,0.4986251578674196,0.6034776094709243,0.10420677047719686,0.9654935573821245,0.9152613460173141
68e541cbbf146b5c074849ac,30,white_high,white,0.5,0.559114476761237,0.6034776094709243,0.10420677047719686,0.982455903530913,0.9152613460173141
68e541cbbf146b5c074849ac,31,black_high,black,0.5,0.559114476761237,0.5024239931183494,0.10420677047719686,0.982455903530913,0.772151389056676
68e541cbbf146b5c074849ac,32,black_high,black,0.5,0.4669650398770482,0.5024239931183494,0.10420677047719686,0.95112293400975,0.772151389056676
68e541cbbf146b5c074849ac,33,white_high,white,0.5,0.5338089003768732,0.5024239931183494,0.10420677047719686,0.976685052684469,0.772151389056676
68e541cbbf146b5c074849ac,34,white_high,white,0.5,0.5338089003768732,0.5420797188632795,0.10420677047719686,0.976685052684469,0.8422906572039209
68e541cbbf146b5c074849ac,35,black_high,black,0.5,0.5338089003768732,0.5938472188459051,0.10420677047719686,0.976685052684469,0.9062915000938602
68e541cbbf146b5c074849ac,36,white_high,white,0.5,0.4868808255746383,0.5938472188459051,0.10420677047719686,0.9607129100764008,0.9062915000938602
68e541cbbf146b5c074849ac,37,white_high,white,0.5,0.4868808255746383,0.5950821511935434,0.10420677047719686,0.9607129100764008,0.9074876181037428
68e541cbbf146b5c074849ac,38,black_high,black,0.5,0.4868808255746383,0.6161403429430563,0.10420677047719686,0.9607129100764008,0.9258681145429913
68e541cbbf146b5c074849ac,39,black_high,black,0.5,0.429300618746784,0.6161403429430563,0.10420677047719686,0.926648009741592,0.9258681145429913
68e541cbbf146b5c074849ac,40,black_high,black,0.5,0.4234196551646258,0.6161403429430563,0.10420677047719686,0.9219287718317514,0.9258681145429913
68e541cbbf146b5c074849ac,41,black_high,black,0.5,0.37857681867313625,0.6161403429430563,0.10420677047719686,0.8759338035452413,0.9258681145429913
68e541cbbf146b5c074849ac,42,white_high,white,0.5,0.3828766920063943,0.6161403429430563,0.10420677047719686,0.8811951713096392,0.9258681145429913
68e541cbbf146b5c074849ac,43,white_high,white,0.5,0.3828766920063943,0.6530430430779693,0.10420677047719686,0.8811951713096392,0.9501773807245193
68e541cbbf146b5c074849ac,44,white_high,white,0.5,0.3828766920063943,0.6624678322257325,0.10420677047719686,0.8811951713096392,0.9550531765339543
68e541cbbf146b5c074849ac,45,white_high,white,0.5,0.3828766920063943,0.7302143328591109,0.10420677047719686,0.8811951713096392,0.9788217579823558
6902584f39b4b2ce82a5eda6,0,white_high,black,0.5,0.5,0.5,0.5,0.6646137378020732,0.3353862621979268
6902584f39b4b2ce82a5eda6,1,white_high,white,0.5,0.5,0.5,0.4114875064076558,0.6646137378020732,0.4569294810221612
6902584f39b4b2ce82a5eda6,2,black_high,black,0.5,0.5,0.4645950025630623,0.4114875064076558,0.6646137378020732,0.40680352922058033
6902584f39b4b2ce82a5eda6,3,white_high,white,0.5,0.5708099948738754,0.4645950025630623,0.4114875064076558,0.7489262059575696,0.40680352922058033
6902584f39b4b2ce82a5eda6,4,black_high,white,0.5,0.5708099948738754,0.47086257178061014,0.4114875064076558,0.7489262059575696,0.4155674770981201
6902584f39b4b2ce82a5eda6,5,white_high,black,0.4114875064076558,0.5708099948738754,0.47086257178061014,0.4114875064076558,0.832591554912462,0.4155674770981201
6902584f39b4b2ce82a5eda6,6,black_high,black,0.4114875064076558,0.5708099948738754,0.47086257178061014,0.3386439358591811,0.832591554912462,0.5199192565455276
6902584f39b4b2ce82a5eda6,7,white_high,black,0.4114875064076558,0.5582748564387797,0.47086257178061014,0.3386439358591811,0.8222561656504999,0.5199192565455276
6902584f39b4b2ce82a5eda6,8,white_high,black,0.4114875064076558,0.5582748564387797,0.47086257178061014,0.2786954974535371,0.8222561656504999,0.6049079690176555
6902584f39b4b2ce82a5eda6,9,white_high,black,0.4114875064076558,0.5582748564387797,0.47086257178061014,0.22935943058839434,0.8222561656504999,0.6706006898765209
6902584f39b4b2ce82a5eda6,10,black_high,white,0.4114875064076558,0.5582748564387797,0.47086257178061014,0.1887570803277964,0.8222561656504999,0.7201903894002565
6902584f39b4b2ce82a5eda6,11,black_high,black,0.3386439358591811,0.5582748564387797,0.47086257178061014,0.1887570803277964,0.8757107302341387,0.7201903894002565
6902584f39b4b2ce82a5eda6,12,white_high,black,0.3386439358591811,0.5833637481614529,0.47086257178061014,0.1887570803277964,0.8906431670906035,0.7201903894002565
6902584f39b4b2ce82a5eda6,13,black_high,black,0.3386439358591811,0.5833637481614529,0.47086257178061014,0.15534236060174902,0.8906431670906035,0.7573850859968597
6902584f39b4b2ce82a5eda6,14,white_high,black,0.3386439358591811,0.6217137778669106,0.47086257178061014,0.15534236060174902,0.9104239331041402,0.7573850859968597
6902584f39b4b2ce82a5eda6,15,white_high,white,0.3386439358591811,0.6217137778669106,0.47086257178061014,0.12784288120698517,0.9104239331041402,0.7853671515609163
6902584f39b4b2ce82a5eda6,16,white_high,white,0.3386439358591811,0.6217137778669106,0.529128120793149,0.12784288120698517,0.9104239331041402,0.8366814893995478
6902584f39b4b2ce82a5eda6,17,black_high,white,0.3386439358591811,0.6217137778669106,0.5593767130199654,0.12784288120698517,0.9104239331041402,0.8591738302771386
6902584f39b4b2ce82a5eda6,18,white_high,white,0.2786954974535371,0.6217137778669106,0.5593767130199654,0.12784288120698517,0.9349331946836397,0.8591738302771386
6902584f39b4b2ce82a5eda6,19,black_high,black,0.2786954974535371,0.6217137778669106,0.5311630524400682,0.12784288120698517,0.9349331946836397,0.8382811308194136
6902584f39b4b2ce82a5eda6,20,black_high,black,0.2786954974535371,0.6709773927736962,0.5311630524400682,0.12784288120698517,0.9502439957786305,0.8382811308194136
6902584f39b4b2ce82a5eda6,21,black_high,black,0.2786954974535371,0.6938176181644677,0.5311630524400682,0.12784288120698517,0.9561233112500117,0.8382811308194136
6902584f39b4b2ce82a5eda6,22,black_high,black,0.2786954974535371,0.6949120542296737,0.5311630524400682,0.12784288120698517,0.9563877247957974,0.8382811308194136
6902584f39b4b2ce82a5eda6,23,black_high,black,0.2786954974535371,0.6427052516090556,0.5311630524400682,0.12784288120698517,0.9419309406945865,0.8382811308194136
6902584f39b4b2ce82a5eda6,24,white_high,white,0.2786954974535371,0.6528478537087125,0.5311630524400682,0.12784288120698517,0.9450533478023581,0.8382811308194136
6902584f39b4b2ce82a5eda6,25,black_high,black,0.2786954974535371,0.6528478537087125,0.5964564083551047,0.12784288120698517,0.9450533478023581,0.8831498529062749
6902584f39b4b2ce82a5eda6,26,black_high,black,0.2786954974535371,0.572682468209314,0.5964564083551047,0.12784288120698517,0.9154347125706748,0.8831498529062749
6902584f39b4b2ce82a5eda6,27,white_high,white,0.2786954974535371,0.5421133564875399,0.5964564083551047,0.12784288120698517,0.9007262436045232,0.8831498529062749
6902584f39b4b2ce82a5eda6,28,black_high,black,0.2786954974535371,0.5421133564875399,0.5793812139021612,0.12784288120698517,0.9007262436045232,0.8725819353133901
6902584f39b4b2ce82a5eda6,29,white_high,white,0.2786954974535371,0.5169557413765601,0.5793812139021612,0.12784288120698517,0.8869561478535248,0.8725819353133901
6902584f39b4b2ce82a5eda6,30,black_high,black,0.2786954974535371,0.5169557413765601,0.5653287555284261,0.12784288120698517,0.8869561478535248,0.8632820725109925
6902584f39b4b2ce82a5eda6,31,white_high,white,0.2786954974535371,0.5316566501951365,0.5653287555284261,0.12784288120698517,0.8951937099140809,0.8632820725109925
6902584f39b4b2ce82a5eda6,32,white_high,white,0.2786954974535371,0.5316566501951365,0.5006564372628083,0.12784288120698517,0.8951937099140809,0.8129509617287567
6902584f39b4b2ce82a5eda6,33,black_high,black,0.2786954974535371,0.5316566501951365,0.48283773274630326,0.12784288120698517,0.8951937099140809,0.7967956634174934
6902584f39b4b2ce82a5eda6,34,black_high,black,0.2786954974535371,0.5791601282554388,0.48283773274630326,0.12784288120698517,0.9182863023799009,0.7967956634174934
6902584f39b4b2ce82a5eda6,35,black_high,black,0.2786954974535371,0.5474443088470127,0.48283773274630326,0.12784288120698517,0.9034456237272706,0.7967956634174934
6902584f39b4b2ce82a5eda6,36,black_high,black,0.2786954974535371,0.6098554755552592,0.48283773274630326,0.12784288120698517,0.9306406148331264,0.7967956634174934
6902584f39b4b2ce82a5eda6,37,white_high,white,0.2786954974535371,0.6081108101213905,0.48283773274630326,0.12784288120698517,0.9299873614090882,0.7967956634174934
6902584f39b4b2ce82a5eda6,38,black_high,black,0.2786954974535371,0.6081108101213905,0.4681733841684803,0.12784288120698517,0.9299873614090882,0.782737442134679
6902584f39b4b2ce82a5eda6,39,white_high,white,0.2786954974535371,0.588972495345125,0.4681733841684803,0.12784288120698517,0.9224392421490475,0.782737442134679
6902584f39b4b2ce82a5eda6,40,white_high,white,0.2786954974535371,0.588972495345125,0.4738074904281871,0.12784288120698517,0.9224392421490475,0.7882203126795397
6902584f39b4b2ce82a5eda6,41,white_high,white,0.2786954974535371,0.588972495345125,0.5138492165364098,0.12784288120698517,0.9224392421490475,0.8242622949151346
6902584f39b4b2ce82a5eda6,42,black_high,black,0.2786954974535371,0.588972495345125,0.5468025565934715,0.12784288120698517,0.9224392421490475,0.8501555578069112
6902584f39b4b2ce82a5eda6,43,black_high,black,0.2786954974535371,0.6086271379338022,0.5468025565934715,0.12784288120698517,0.9301812800243605,0.8501555578069112
6902584f39b4b2ce82a5eda6,44,white_high,white,0.2786954974535371,0.6602074151070368,0.5468025565934715,0.12784288120698517,0.9472192741597671,0.8501555578069112
6902584f39b4b2ce82a5eda6,45,black_high,black,0.2786954974535371,0.6602074151070368,0.5562198333307704,0.12784288120698517,0.9472192741597671,0.8569532774231634
69124176667ec0990dfb9da1,0,black_high,white,0.5,0.5,0.5,0.5,0.9061434510823747,0.09385654891762535
69124176667ec0990dfb9da1,1,white_high,black,0.18285355024595695,0.5,0.5,0.5,0.9738922509131757,0.09385654891762535
69124176667ec0990dfb9da1,2,black_high,black,0.18285355024595695,0.5,0.5,0.18285355024595695,0.9738922509131757,0.28581614566825814
69124176667ec0990dfb9da1,3,white_high,black,0.18285355024595695,0.5634292899508087,0.5,0.18285355024595695,0.9799524320593266,0.28581614566825814
69124176667ec0990dfb9da1,4,white_high,black,0.18285355024595695,0.5634292899508087,0.5,0.0668708416751014,0.9799524320593266,0.39616076224839064
69124176667ec0990dfb9da1,5,white_high,black,0.18285355024595695,0.5634292899508087,0.5,0.02445514161645517,0.9799524320593266,0.44010953956196863
69124176667ec0990dfb9da1,6,white_high,black,0.18285355024595695,0.5634292899508087,0.5,0.008943418932672958,0.9799524320593266,0.45645844609782177
69124176667ec0990dfb9da1,7,black_high,black,0.18285355024595695,0.5634292899508087,0.5,0.003270671806352315,0.9799524320593266,0.4624627730960724
69124176667ec0990dfb9da1,8,white_high,black,0.18285355024595695,0.6500551216157884,0.5,0.003270671806352315,0.986054910736781,0.4624627730960724
69124176667ec0990dfb9da1,9,black_high,black,0.18285355024595695,0.6500551216157884,0.5,0.0011961079029617558,0.986054910736781,0.464661413199661
69124176667ec0990dfb9da1,10,white_high,white,0.18285355024595695,0.5548762234400715,0.5,0.0011961079029617558,0.979223636663554,0.464661413199661
69124176667ec0990dfb9da1,11,black_high,black,0.18285355024595695,0.5548762234400715,0.24628284019676555,0.0011961079029617558,0.979223636663554,0.22742630423907229
69124176667ec0990dfb9da1,12,black_high,black,0.18285355024595695,0.2663514647569805,0.24628284019676555,0.0011961079029617558,0.9323453832585276,0.22742630423907229
69124176667ec0990dfb9da1,13,white_high,black,0.18285355024595695,0.4779823615929012,0.24628284019676555,0.0011961079029617558,0.9713972348604907,0.22742630423907229
69124176667ec0990dfb9da1,14,white_high,black,0.18285355024595695,0.4779823615929012,0.24628284019676555,0.0004374251530676073,0.9713972348604907,0.2279949267460211
69124176667ec0990dfb9da1,15,white_high,black,0.18285355024595695,0.4779823615929012,0.24628284019676555,0.00015996948441058628,0.9713972348604907,0.22820312604889878
69124176667ec0990dfb9da1,16,black_high,black,0.18285355024595695,0.4779823615929012,0.24628284019676555,5.850197631098193e-05,0.9713972348604907,0.22827929944408665
69124176667ec0990dfb9da1,17,black_high,black,0.18285355024595695,0.555377283249269,0.24628284019676555,5.850197631098193e-05,0.9792670374184392,0.22827929944408665
69124176667ec0990dfb9da1,18,white_high,black,0.18285355024595695,0.5836811556410182,0.24628284019676555,5.850197631098193e-05,0.981579649424129,0.22827929944408665
69124176667ec0990dfb9da1,19,black_high,black,0.18285355024595695,0.5836811556410182,0.24628284019676555,2.1394588129735836e-05,0.981579649424129,0.22830716106652596
69124176667ec0990dfb9da1,20,black_high,black,0.18285355024595695,0.6574613726969065,0.24628284019676555,2.1394588129735836e-05,0.9864823492029394,0.22830716106652596
69124176667ec0990dfb9da1,21,black_high,black,0.18285355024595695,0.7478726119008882,0.24628284019676555,2.1394588129735836e-05,0.9907649427716089,0.22830716106652596
69124176667ec0990dfb9da1,22,white_high,black,0.18285355024595695,0.7809366440420571,0.24628284019676555,2.1394588129735836e-05,0.9919690196023668,0.22830716106652596
69124176667ec0990dfb9da1,23,black_high,black,0.18285355024595695,0.7809366440420571,0.24628284019676555,7.824152791144411e-06,0.9919690196023668,0.2283173508576221
69124176667ec0990dfb9da1,24,white_high,black,0.18285355024595695,0.8564576853177841,0.24628284019676555,7.824152791144411e-06,0.994166261876722,0.2283173508576221
69124176667ec0990dfb9da1,25,black_high,black,0.18285355024595695,0.8564576853177841,0.24628284019676555,2.861348231055138e-06,0.994166261876722,0.22832107741654717
69124176667ec0990dfb9da1,26,white_high,white,0.18285355024595695,0.8840762663488604,0.24628284019676555,2.861348231055138e-06,0.9948106987180432,0.22832107741654717
69124176667ec0990dfb9da1,27,white_high,white,0.18285355024595695,0.8840762663488604,0.6609309929465501,2.861348231055138e-06,0.9948106987180432,0.6339877348304451
69124176667ec0990dfb9da1,28,white_high,white,0.18285355024595695,0.8840762663488604,0.812570766613002,2.861348231055138e-06,0.9948106987180432,0.7677469135071735
69124176667ec0990dfb9da1,29,black_high,black,0.18285355024595695,0.8840762663488604,0.8680265085598101,2.861348231055138e-06,0.9948106987180432,0.807209307337103
69124176667ec0990dfb9da1,30,white_high,white,0.18285355024595695,0.8941765775374362,0.8680265085598101,2.861348231055138e-06,0.9950282521197054,0.807209307337103
69124176667ec0990dfb9da1,31,white_high,white,0.18285355024595695,0.8941765775374362,0.8883070671528052,2.861348231055138e-06,0.9950282521197054,0.8203043865689288
69124176667ec0990dfb9da1,32,black_high,black,0.18285355024595695,0.8941765775374362,0.9591531013830144,2.861348231055138e-06,0.9950282521197054,0.8606078801227414
69124176667ec0990dfb9da1,33,black_high,black,0.18285355024595695,0.8978703330562763,0.9591531013830144,2.861348231055138e-06,0.9951055260740792,0.8606078801227414
69124176667ec0990dfb9da1,34,white_high,white,0.18285355024595695,0.7089332958245715,0.9591531013830144,2.861348231055138e-06,0.9891159808967993,0.8606078801227414
69124176667ec0990dfb9da1,35,black_high,black,0.18285355024595695,0.7089332958245715,0.9216327091918864,2.861348231055138e-06,0.9891159808967993,0.8402971664193546
69124176667ec0990dfb9da1,36,white_high,black,0.18285355024595695,0.8301255496154578,0.9216327091918864,2.861348231055138e-06,0.9934779441052365,0.8402971664193546
69124176667ec0990dfb9da1,37,black_high,black,0.18285355024595695,0.8301255496154578,0.9216327091918864,1.0464153650768413e-06,0.9934779441052365,0.840298204439101
69124176667ec0990dfb9da1,38,black_high,black,0.18285355024595695,0.874446417351403,0.9216327091918864,1.0464153650768413e-06,0.9945944679258295,0.840298204439101
69124176667ec0990dfb9da1,39,black_high,black,0.18285355024595695,0.7637962934807839,0.9216327091918864,1.0464153650768413e-06,0.9913656520142134,0.840298204439101
69124176667ec0990dfb9da1,40,white_high,white,0.18285355024595695,0.8501893374126059,0.9216327091918864,1.0464153650768413e-06,0.9940092599040938,0.840298204439101
69124176667ec0990dfb9da1,41,white_high,white,0.18285355024595695,0.8501893374126059,0.9079112353543496,1.0464153650768413e-06,0.9940092599040938,0.8322934467941328
69124176667ec0990dfb9da1,42,black_high,black,0.18285355024595695,0.8501893374126059,0.8394639049919397,1.0464153650768413e-06,0.9940092599040938,0.7875558890281504
69124176667ec0990dfb9da1,43,black_high,black,0.18285355024595695,0.8817838870115831,0.8394639049919397,1.0464153650768413e-06,0.99476001860385,0.7875558890281504
69124176667ec0990dfb9da1,44,white_high,white,0.18285355024595695,0.8299089481859644,0.8394639049919397,1.0464153650768413e-06,0.9934719599535791,0.7875558890281504
69124176667ec0990dfb9da1,45,white_high,white,0.18285355024595695,0.8299089481859644,0.8144322302686906,1.0464153650768413e-06,0.9934719599535791,0.7691598848297787
69124176667ec0990dfb9da1,46,black_high,black,0.18285355024595695,0.8299089481859644,0.8052779690851946,1.0464153650768413e-06,0.9934719599535791,0.7621601612196308
6917b43630e666e39c18fa7b,0,black_high,black,0.5,0.5,0.5,0.5,0.6231211658595617,0.37687883414043843
6917b43630e666e39c18fa7b,1,white_high,black,0.5,0.7609210783774238,0.5,0.5,0.6454827816264483,0.37687883414043843
6917b43630e666e39c18fa7b,2,black_high,black,0.5,0.7609210783774238,0.5,0.23907892162257616,0.6454827816264483,0.39977735696355177
6917b43630e666e39c18fa7b,3,black_high,black,0.5,0.7813141071206027,0.5,0.23907892162257616,0.6472054569414143,0.39977735696355177
6917b43630e666e39c18fa7b,4,white_high,white,0.5,0.6345125467352231,0.5,0.23907892162257616,0.6347216447440964,0.39977735696355177
6917b43630e666e39c18fa7b,5,white_high,white,0.5,0.6345125467352231,0.6043684313509695,0.23907892162257616,0.6347216447440964,0.40906713601829636
6917b43630e666e39c18fa7b,6,white_high,black,0.5,0.6345125467352231,0.6542730153886288,0.23907892162257616,0.6347216447440964,0.4135326086927193
6917b43630e666e39c18fa7b,7,black_high,white,0.5,0.6345125467352231,0.6542730153886288,0.11431746152842782,0.6347216447440964,0.424757169474811
6917b43630e666e39c18fa7b,8,white_high,black,0.23907892162257616,0.6345125467352231,0.6542730153886288,0.11431746152842782,0.6567740883493676,0.424757169474811
6917b43630e666e39c18fa7b,9,white_high,white,0.23907892162257616,0.6345125467352231,0.6542730153886288,0.05466179084969372,0.6567740883493676,0.4301525827065743
6917b43630e666e39c18fa7b,10,black_high,black,0.23907892162257616,0.6345125467352231,0.7825037150110921,0.05466179084969372,0.6567740883493676,0.4418048149293934
6917b43630e666e39c18fa7b,11,white_high,white,0.23907892162257616,0.7730550919382662,0.7825037150110921,0.05466179084969372,0.6682210645294598,0.4418048149293934
6917b43630e666e39c18fa7b,12,black_high,black,0.23907892162257616,0.7730550919382662,0.7916340141049013,0.05466179084969372,0.6682210645294598,0.4426370845994261
6917b43630e666e39c18fa7b,13,white_high,white,0.23907892162257616,0.7349318651992777,0.7916340141049013,0.05466179084969372,0.6650902338555045,0.4426370845994261
6917b43630e666e39c18fa7b,14,white_high,black,0.23907892162257616,0.7349318651992777,0.7959997382277803,0.05466179084969372,0.6650902338555045,0.4430351550260785
6917b43630e666e39c18fa7b,15,black_high,white,0.23907892162257616,0.7349318651992777,0.7959997382277803,0.02613696402060715,0.6650902338555045,0.44563785131952505
6917b43630e666e39c18fa7b,16,black_high,white,0.11431746152842782,0.7349318651992777,0.7959997382277803,0.02613696402060715,0.6752807683129419,0.44563785131952505
6917b43630e666e39c18fa7b,17,white_high,black,0.05466179084969372,0.7349318651992777,0.7959997382277803,0.02613696402060715,0.6800961340706492,0.44563785131952505
6917b43630e666e39c18fa7b,18,white_high,black,0.05466179084969372,0.7349318651992777,0.7959997382277803,0.01249759434506966,0.6800961340706492,0.44688341431977535
6917b43630e666e39c18fa7b,19,black_high,black,0.05466179084969372,0.7349318651992777,0.7959997382277803,0.005975822757791321,0.6800961340706492,0.44747922674062063
6917b43630e666e39c18fa7b,20,white_high,black,0.05466179084969372,0.8210713766751866,0.7959997382277803,0.005975822757791321,0.686981875026595,0.44747922674062063
6917b43630e666e39c18fa7b,21,black_high,white,0.05466179084969372,0.8210713766751866,0.7959997382277803,0.002857386521480796,0.686981875026595,0.4477641725383432
6917b43630e666e39c18fa7b,22,white_high,white,0.02613696402060715,0.8210713766751866,0.7959997382277803,0.002857386521480796,0.6892442065557677,0.4477641725383432
6917b43630e666e39c18fa7b,23,black_high,black,0.02613696402060715,0.8210713766751866,0.7980872434585794,0.002857386521480796,0.6892442065557677,0.44795493663100244
6917b43630e666e39c18fa7b,24,black_high,black,0.02613696402060715,0.8100754440252135,0.7980872434585794,0.002857386521480796,0.688373171575877,0.44795493663100244
6917b43630e666e39c18fa7b,25,black_high,white,0.02613696402060715,0.8570018682603181,0.7980872434585794,0.002857386521480796,0.6920810598141219,0.44795493663100244
6917b43630e666e39c18fa7b,26,white_high,black,0.01249759434506966,0.8570018682603181,0.7980872434585794,0.002857386521480796,0.6931541695531556,0.44795493663100244
6917b43630e666e39c18fa7b,27,white_high,black,0.01249759434506966,0.8570018682603181,0.7980872434585794,0.0013662817764290255,0.6931541695531556,0.4480912087827485
6917b43630e666e39c18fa7b,28,white_high,black,0.01249759434506966,0.8570018682603181,0.7980872434585794,0.0006532983474824582,0.6931541695531556,0.4481563711372588
6917b43630e666e39c18fa7b,29,white_high,white,0.01249759434506966,0.8570018682603181,0.7980872434585794,0.0003123797288278343,0.6931541695531556,0.44818752965742675
6917b43630e666e39c18fa7b,30,black_high,black,0.01249759434506966,0.8570018682603181,0.6947169691065317,0.0003123797288278343,0.6931541695531556,0.4387596688768088
6917b43630e666e39c18fa7b,31,white_high,white,0.01249759434506966,0.8794401060637828,0.6947169691065317,0.0003123797288278343,0.6949150057270181,0.4387596688768088
6917b43630e666e39c18fa7b,32,black_high,black,0.01249759434506966,0.8794401060637828,0.6452896616666969,0.0003123797288278343,0.6949150057270181,0.43426681199560574
6917b43630e666e39c18fa7b,33,black_high,white,0.01249759434506966,0.8901691254581093,0.6452896616666969,0.0003123797288278343,0.6957549571162156,0.43426681199560574
6917b43630e666e39c18fa7b,34,black_high,white,0.005975822757791321,0.8901691254581093,0.6452896616666969,0.0003123797288278343,0.6962648958518947,0.43426681199560574
6917b43630e666e39c18fa7b,35,white_high,black,0.002857386521480796,0.8901691254581093,0.6452896616666969,0.0003123797288278343,0.6965085566986838,0.43426681199560574
6917b43630e666e39c18fa7b,36,black_high,white,0.002857386521480796,0.8901691254581093,0.6452896616666969,0.00014936681740982278,0.6965085566986838,0.4342816122670369
6917b43630e666e39c18fa7b,37,black_high,black,0.0013662817764290255,0.8901691254581093,0.6452896616666969,0.00014936681740982278,0.6966250260570078,0.4342816122670369
6917b43630e666e39c18fa7b,38,white_high,black,0.0013662817764290255,0.8952992902318359,0.6452896616666969,0.00014936681740982278,0.6970255475289406,0.4342816122670369
6917b43630e666e39c18fa7b,39,black_high,black,0.0013662817764290255,0.8952992902318359,0.6452896616666969,7.142091526507333e-05,0.6970255475289406,0.43428868917431973
6917b43630e666e39c18fa7b,40,black_high,white,0.0013662817764290255,0.7933838874045637,0.6452896616666969,7.142091526507333e-05,0.689013284043519,0.43428868917431973
6917b43630e666e39c18fa7b,41,white_high,black,0.0006532983474824582,0.7933838874045637,0.6452896616666969,7.142091526507333e-05,0.6890697393667031,0.43428868917431973
6917b43630e666e39c18fa7b,42,white_high,black,0.0006532983474824582,0.7933838874045637,0.6452896616666969,3.415047080574224e-05,0.6890697393667031,0.4342920730625108
6917b43630e666e39c18fa7b,43,white_high,white,0.0006532983474824582,0.7933838874045637,0.6452896616666969,1.632931546628025e-05,0.6890697393667031,0.43429369109735455
6917b43630e666e39c18fa7b,44,black_high,black,0.0006532983474824582,0.7933838874045637,0.5694713912683657,1.632931546628025e-05,0.6890697393667031,0.4274230240030474
6917b43630e666e39c18fa7b,45,black_high,black,0.0006532983474824582,0.7446522381952143,0.5694713912683657,1.632931546628025e-05,0.6851981932693371,0.4274230240030474
6917b43630e666e39c18fa7b,46,white_high,black,0.0006532983474824582,0.7735350335869773,0.5694713912683657,1.632931546628025e-05,0.6874959738002809,0.4274230240030474
6917b43630e666e39c18fa7b,47,black_high,black,0.0006532983474824582,0.7735350335869773,0.5694713912683657,7.807990265026273e-06,0.6874959738002809,0.42742379468766595
692d65c6d41395358622de47,0,black_high,white,0.5,0.5,0.5,0.5,0.5930042367196184,0.4069957632803815
692d65c6d41395358622de47,1,white_high,black,0.30592453097759964,0.5,0.5,0.5,0.6120819386239037,0.4069957632803815
692d65c6d41395358622de47,2,black_high,black,0.30592453097759964,0.5,0.5,0.30592453097759964,0.6120819386239037,0.4263581537850574
692d65c6d41395358622de47,3,black_high,black,0.30592453097759964,0.5776301876089601,0.5,0.30592453097759964,0.6196213419959578,0.4263581537850574
692d65c6d41395358622de47,4,black_high,black,0.30592453097759964,0.6639432388813886,0.5,0.30592453097759964,0.6279366575011881,0.4263581537850574
692d65c6d41395358622de47,5,white_high,black,0.30592453097759964,0.716753798336915,0.5,0.30592453097759964,0.6329876360310006,0.4263581537850574
692d65c6d41395358622de47,6,black_high,white,0.30592453097759964,0.716753798336915,0.5,0.18717963730772863,0.6329876360310006,0.43832136699372454
692d65c6d41395358622de47,7,white_high,white,0.18717963730772863,0.716753798336915,0.5,0.18717963730772863,0.6442373365660079,0.43832136699372454
692d65c6d41395358622de47,8,black_high,white,0.18717963730772863,0.716753798336915,0.46118490619551994,0.18717963730772863,0.6442373365660079,0.434402258328899
692d65c6d41395358622de47,9,white_high,black,0.11452568550384817,0.716753798336915,0.46118490619551994,0.18717963730772863,0.6510436353039312,0.434402258328899
692d65c6d41395358622de47,10,black_high,white,0.11452568550384817,0.716753798336915,0.46118490619551994,0.11452568550384817,0.6510436353039312,0.4417443398428765
692d65c6d41395358622de47,11,white_high,black,0.07007243324530565,0.716753798336915,0.46118490619551994,0.11452568550384817,0.6551780992716615,0.4417443398428765
692d65c6d41395358622de47,12,black_high,white,0.07007243324530565,0.716753798336915,0.46118490619551994,0.07007243324530565,0.6551780992716615,0.4462493884870856
692d65c6d41395358622de47,13,black_high,black,0.04287375255005858,0.716753798336915,0.46118490619551994,0.07007243324530565,0.6576962842542019,0.4462493884870856
692d65c6d41395358622de47,14,black_high,black,0.04287375255005858,0.710250795796628,0.46118490619551994,0.07007243324530565,0.6570950060389309,0.4462493884870856
692d65c6d41395358622de47,15,black_high,black,0.04287375255005858,0.7839021274014213,0.46118490619551994,0.07007243324530565,0.6638750671060403,0.4462493884870856
692d65c6d41395358622de47,16,white_high,black,0.04287375255005858,0.7901505317510853,0.46118490619551994,0.07007243324530565,0.6644472243221101,0.4462493884870856
692d65c6d41395358622de47,17,white_high,black,0.04287375255005858,0.7901505317510853,0.46118490619551994,0.04287375255005858,0.6644472243221101,0.44901020683284903
692d65c6d41395358622de47,18,white_high,white,0.04287375255005858,0.7901505317510853,0.46118490619551994,0.026232265280252676,0.6644472243221101,0.45070097263660047
692d65c6d41395358622de47,19,white_high,white,0.04287375255005858,0.7901505317510853,0.592696302679466,0.026232265280252676,0.6644472243221101,0.46409941615404365
692d65c6d41395358622de47,20,black_high,white,0.04287375255005858,0.7901505317510853,0.7119765210590668,0.026232265280252676,0.6644472243221101,0.47629725336615353
692d65c6d41395358622de47,21,white_high,white,0.026232265280252676,0.7901505317510853,0.7119765210590668,0.026232265280252676,0.6659687036728652,0.47629725336615353
692d65c6d41395358622de47,22,black_high,white,0.026232265280252676,0.7901505317510853,0.7461429169799568,0.026232265280252676,0.6659687036728652,0.4797970379415262
692d65c6d41395358622de47,23,white_high,black,0.01605018690468254,0.7901505317510853,0.7461429169799568,0.026232265280252676,0.6668979214768674,0.4797970379415262
692d65c6d41395358622de47,24,white_high,black,0.01605018690468254,0.7901505317510853,0.7461429169799568,0.01605018690468254,0.6668979214768674,0.48084042342762057
692d65c6d41395358622de47,25,white_high,white,0.01605018690468254,0.7901505317510853,0.7461429169799568,0.009820291801835634,0.6668979214768674,0.4814789008537056
692d65c6d41395358622de47,26,black_high,white,0.01605018690468254,0.7901505317510853,0.8446777818835034,0.009820291801835634,0.6668979214768674,0.4915840280360995
692d65c6d41395358622de47,27,white_high,black,0.009820291801835634,0.7901505317510853,0.8446777818835034,0.009820291801835634,0.6674658239935524,0.4915840280360995
692d65c6d41395358622de47,28,black_high,black,0.009820291801835634,0.7901505317510853,0.8446777818835034,0.006008536327079466,0.6674658239935524,0.4919751295891616
692d65c6d41395358622de47,29,white_high,white,0.009820291801835634,0.7551585182866639,0.8446777818835034,0.006008536327079466,0.6642697654618477,0.4919751295891616
692d65c6d41395358622de47,30,white_high,white,0.009820291801835634,0.7551585182866639,0.5556304023042999,0.006008536327079466,0.6642697654618477,0.4623802187565631
692d65c6d41395358622de47,31,black_high,white,0.009820291801835634,0.7551585182866639,0.6504826908795165,0.006008536327079466,0.6642697654618477,0.47207294478443046
692d65c6d41395358622de47,32,white_high,white,0.006008536327079466,0.7551585182866639,0.6504826908795165,0.006008536327079466,0.6646186568008107,0.47207294478443046
692d65c6d41395358622de47,33,black_high,black,0.006008536327079466,0.7551585182866639,0.6697028808640865,0.006008536327079466,0.6646186568008107,0.47403981675029544
692d65c6d41395358622de47,34,black_high,black,0.006008536327079466,0.8113788752814942,0.6697028808640865,0.006008536327079466,0.6697435028017998,0.47403981675029544
692d65c6d41395358622de47,35,black_high,black,0.006008536327079466,0.7681470603626074,0.6697028808640865,0.006008536327079466,0.6658061515258561,0.47403981675029544
692d65c6d41395358622de47,36,black_high,black,0.006008536327079466,0.7805108087623458,0.6697028808640865,0.006008536327079466,0.6669345748958406,0.47403981675029544
692d65c6d41395358622de47,37,white_high,black,0.006008536327079466,0.8268906504274559,0.6697028808640865,0.006008536327079466,0.6711504981267856,0.47403981675029544
692d65c6d41395358622de47,38,white_high,black,0.006008536327079466,0.8268906504274559,0.6697028808640865,0.0036763173154473095,0.6711504981267856,0.47427853724724184
692d65c6d41395358622de47,39,black_high,black,0.006008536327079466,0.8268906504274559,0.6697028808640865,0.0022493513009060927,0.6711504981267856,0.47442460396426356
692d65c6d41395358622de47,40,white_high,black,0.006008536327079466,0.8940832068483642,0.6697028808640865,0.0022493513009060927,0.6772095863545001,0.47442460396426356
692d65c6d41395358622de47,41,white_high,white,0.006008536327079466,0.8940832068483642,0.6697028808640865,0.0013762634834670999,0.6772095863545001,0.47451397690790575
692d65c6d41395358622de47,42,white_high,black,0.006008536327079466,0.8940832068483642,0.7202778298812265,0.0013762634834670999,0.6772095863545001,0.47969364365271844
692d65c6d41395358622de47,43,black_high,white,0.006008536327079466,0.8940832068483642,0.7202778298812265,0.0008420655213625399,0.6772095863545001,0.47974837916435314
692d65c6d41395358622de47,44,white_high,black,0.0036763173154473095,0.8940832068483642,0.7202778298812265,0.0008420655213625399,0.6774188439698379,0.47974837916435314
692d65c6d41395358622de47,45,black_high,black,0.0036763173154473095,0.8940832068483642,0.7202778298812265,0.0005152169993504858,0.6774188439698379,0.47978186927562777
692d65c6d41395358622de47,46,white_high,black,0.0036763173154473095,0.7799345342469485,0.7202778298812265,0.0005152169993504858,0.6670946829644196,0.47978186927562777
692e41b6e14a945652e39997,0,white_high,black,0.5,0.5,0.5,0.5,0.39574508361104316,0.6042549163889569
692e41b6e14a945652e39997,1,white_high,white,0.5,0.5,0.5,0.1803256946987733,0.39574508361104316,0.8651893833350255
692e41b6e14a945652e39997,2,black_high,black,0.5,0.5,0.4360651389397547,0.1803256946987733,0.39574508361104316,0.828055317841279
692e41b6e14a945652e39997,3,white_high,white,0.5,0.5639348610602454,0.4360651389397547,0.1803256946987733,0.46603848205061404,0.828055317841279
692e41b6e14a945652e39997,4,white_high,white,0.5,0.5639348610602454,0.6687463867084195,0.1803256946987733,0.46603848205061404,0.9319489607075102
692e41b6e14a945652e39997,5,black_high,white,0.5,0.5639348610602454,0.3051191745812258,0.1803256946987733,0.46603848205061404,0.7278515141883601
692e41b6e14a945652e39997,6,white_high,white,0.1803256946987733,0.5639348610602454,0.3051191745812258,0.1803256946987733,0.7858006526626972,0.7278515141883601
692e41b6e14a945652e39997,7,black_high,black,0.1803256946987733,0.5639348610602454,0.557585681666269,0.1803256946987733,0.7858006526626972,0.8926145125114586
692e41b6e14a945652e39997,8,white_high,white,0.1803256946987733,0.5230581964723166,0.557585681666269,0.1803256946987733,0.7532820756905149,0.8926145125114586
692e41b6e14a945652e39997,9,white_high,white,0.1803256946987733,0.5230581964723166,0.6486380782228354,0.1803256946987733,0.7532820756905149,0.9259926177584255
692e41b6e14a945652e39997,10,black_high,black,0.1803256946987733,0.5230581964723166,0.4896716683682015,0.1803256946987733,0.7532820756905149,0.859686267399044
692e41b6e14a945652e39997,11,black_high,black,0.1803256946987733,0.6361856927152332,0.4896716683682015,0.1803256946987733,0.8353898323095496,0.859686267399044
692e41b6e14a945652e39997,12,black_high,black,0.1803256946987733,0.8048550035347976,0.4896716683682015,0.1803256946987733,0.9154377802296292,0.859686267399044
692e41b6e14a945652e39997,13,white_high,white,0.1803256946987733,0.8017509637703548,0.4896716683682015,0.1803256946987733,0.9143522297723152,0.859686267399044
692e41b6e14a945652e39997,14,white_high,white,0.1803256946987733,0.8017509637703548,0.49627507284683325,0.1803256946987733,0.9143522297723152,0.8632259943567137
692e41b6e14a945652e39997,15,black_high,black,0.1803256946987733,0.8017509637703548,0.6265263219672964,0.1803256946987733,0.9143522297723152,0.9188917825068346
692e41b6e14a945652e39997,16,black_high,black,0.1803256946987733,0.8645663485768086,0.6265263219672964,0.1803256946987733,0.9340180625658809,0.9188917825068346
692e41b6e14a945652e39997,17,white_high,white,0.1803256946987733,0.8872208043827977,0.6265263219672964,0.1803256946987733,0.9400188553558994,0.9188917825068346
692e41b6e14a945652e39997,18,black_high,black,0.1803256946987733,0.8872208043827977,0.6095667548731121,0.1803256946987733,0.9400188553558994,0.9130302261511386
692e41b6e14a945652e39997,19,white_high,white,0.1803256946987733,0.8314563042850276,0.6095667548731121,0.1803256946987733,0.9242397259825331,0.9130302261511386
692e41b6e14a945652e39997,20,black_high,black,0.1803256946987733,0.8314563042850276,0.5395154023767683,0.1803256946987733,0.9242397259825331,0.8845830476178935
692e41b6e14a945652e39997,21,white_high,black,0.1803256946987733,0.8113447598457072,0.5395154023767683,0.1803256946987733,0.9176671259170235,0.8845830476178935
692e41b6e14a945652e39997,22,white_high,white,0.1803256946987733,0.8113447598457072,0.5395154023767683,0.0650347123371904,0.9176671259170235,0.9278690253533686
692e41b6e14a945652e39997,23,white_high,white,0.1803256946987733,0.8113447598457072,0.5781861458300299,0.0650347123371904,0.9176671259170235,0.9386645870983223
692e41b6e14a945652e39997,24,white_high,white,0.1803256946987733,0.8113447598457072,0.7839373863662209,0.0650347123371904,0.9176671259170235,0.9747229080958125
692e41b6e14a945652e39997,25,black_high,black,0.1803256946987733,0.8113447598457072,0.6663372739551309,0.0650347123371904,0.9176671259170235,0.9578735969486478
692e41b6e14a945652e39997,26,black_high,black,0.1803256946987733,0.8680263644609811,0.6663372739551309,0.0650347123371904,0.9349693944486436,0.9578735969486478
692e41b6e14a945652e39997,27,black_high,black,0.1803256946987733,0.8884686639187621,0.6663372739551309,0.0650347123371904,0.9403341001627739,0.9578735969486478
692e41b6e14a945652e39997,28,black_high,black,0.1803256946987733,0.7679714855002008,0.6663372739551309,0.0650347123371904,0.9016991728464001,0.9578735969486478
692e41b6e14a945652e39997,29,black_high,black,0.1803256946987733,0.8523837328055532,0.6663372739551309,0.0650347123371904,0.9305646349800263,0.9578735969486478
692e41b6e14a945652e39997,30,white_high,white,0.1803256946987733,0.8828271270783979,0.6663372739551309,0.0650347123371904,0.9388964369035374,0.9578735969486478
692e41b6e14a945652e39997,31,black_high,black,0.1803256946987733,0.8828271270783979,0.5599897689605183,0.0650347123371904,0.9388964369035374,0.9337868954330086
692e41b6e14a945652e39997,32,white_high,white,0.1803256946987733,0.8938065795208767,0.5599897689605183,0.0650347123371904,0.9416651684771467,0.9337868954330086
692e41b6e14a945652e39997,33,black_high,black,0.1803256946987733,0.8938065795208767,0.5216353935252488,0.0650347123371904,0.9416651684771467,0.9223058581000985
692e41b6e14a945652e39997,34,black_high,black,0.1803256946987733,0.7698966121785903,0.5216353935252488,0.0650347123371904,0.9024629583169896,0.9223058581000985
692e41b6e14a945652e39997,35,white_high,white,0.1803256946987733,0.72520831029639,0.5216353935252488,0.0650347123371904,0.883311827790569,0.9223058581000985
692e41b6e14a945652e39997,36,black_high,black,0.1803256946987733,0.72520831029639,0.5078028347350436,0.0650347123371904,0.883311827790569,0.9177352777324973
692e41b6e14a945652e39997,37,white_high,white,0.1803256946987733,0.8369611342532483,0.5078028347350436,0.0650347123371904,0.9259529658686527,0.9177352777324973
692e41b6e14a945652e39997,38,white_high,white,0.1803256946987733,0.8369611342532483,0.694618686369169,0.0650347123371904,0.9259529658686527,0.9627115476275092
692e41b6e14a945652e39997,39,black_high,black,0.1803256946987733,0.8369611342532483,0.7619940828225022,0.0650347123371904,0.9259529658686527,0.9721775172860244
692e41b6e14a945652e39997,40,black_high,black,0.1803256946987733,0.6854603623016525,0.7619940828225022,0.0650347123371904,0.8636144831175941,0.9721775172860244
692e41b6e14a945652e39997,41,black_high,white,0.1803256946987733,0.8226259815832447,0.7619940828225022,0.0650347123371904,0.9214153895298401,0.9721775172860244
692e41b6e14a945652e39997,42,white_high,white,0.0650347123371904,0.8226259815832447,0.7619940828225022,0.0650347123371904,0.9516429063590983,0.9721775172860244
692e41b6e14a945652e39997,43,white_high,white,0.0650347123371904,0.8226259815832447,0.8502279742248527,0.0650347123371904,0.9516429063590983,0.9811091497328027
692e41b6e14a945652e39997,44,white_high,white,0.0650347123371904,0.8226259815832447,0.8820496497510627,0.0650347123371904,0.9516429063590983,0.9835838374889452
692e41b6e14a945652e39997,45,black_high,white,0.0650347123371904,0.8226259815832447,0.8935261812425482,0.0650347123371904,0.9516429063590983,0.9843957484557658
692e41b6e14a945652e39997,46,black_high,black,0.02345485936347748,0.8226259815832447,0.8935261812425482,0.0650347123371904,0.9595476536242852,0.9843957484557658
692e41b6e14a945652e39997,47,white_high,white,0.02345485936347748,0.8720949527547259,0.8935261812425482,0.0650347123371904,0.9673442204850338,0.9843957484557658
6932b19c5260dda743fca4af,0,black_high,black,0.5,0.5,0.5,0.5,0.7811001991086428,0.21889980089135713
6932b19c5260dda743fca4af,1,white_high,white,0.5,0.644693500246358,0.5,0.5,0.9139629787219795,0.21889980089135713
6932b19c5260dda743fca4af,2,white_high,white,0.5,0.644693500246358,0.644693500246358,0.5,0.9139629787219795,0.45483189616184094
6932b19c5260dda743fca4af,3,white_high,black,0.5,0.644693500246358,0.48383285252773245,0.5,0.9139629787219795,0.19877277179561145
6932b19c5260dda743fca4af,4,black_high,black,0.5,0.644693500246358,0.48383285252773245,0.3191331246920525,0.9139629787219795,0.4924184646913438
6932b19c5260dda743fca4af,5,white_high,white,0.5,0.737046477958859,0.48383285252773245,0.3191331246920525,0.9551828427164659,0.4924184646913438
6932b19c5260dda743fca4af,6,black_high,black,0.5,0.737046477958859,0.5258544304812256,0.3191331246920525,0.9551828427164659,0.5711378543852034
6932b19c5260dda743fca4af,7,black_high,black,0.5,0.7959922666628708,0.5258544304812256,0.3191331246920525,0.9707938863774691,0.5711378543852034
6932b19c5260dda743fca4af,8,white_high,white,0.5,0.6889218738896105,0.5258544304812256,0.3191331246920525,0.9368182713326723,0.5711378543852034
6932b19c5260dda743fca4af,9,black_high,black,0.5,0.6889218738896105,0.6611955106195719,0.3191331246920525,0.9368182713326723,0.7869948118915167
6932b19c5260dda743fca4af,10,black_high,black,0.5,0.6929292059973176,0.6611955106195719,0.3191331246920525,0.9385831727211866,0.7869948118915167
6932b19c5260dda743fca4af,11,white_high,black,0.5,0.7316603258933297,0.6611955106195719,0.3191331246920525,0.9534119322984048,0.7869948118915167
6932b19c5260dda743fca4af,12,black_high,black,0.5,0.7316603258933297,0.6611955106195719,0.20369190255142627,0.9534119322984048,0.8981905517315271
6932b19c5260dda743fca4af,13,white_high,white,0.5,0.792554467585393,0.6611955106195719,0.20369190255142627,0.9700499531738853,0.8981905517315271
6932b19c5260dda743fca4af,14,black_high,black,0.5,0.792554467585393,0.7475791542270679,0.20369190255142627,0.9700499531738853,0.9442004472815775
6932b19c5260dda743fca4af,15,black_high,black,0.5,0.7590743928894715,0.7475791542270679,0.20369190255142627,0.9617787274476494,0.9442004472815775
6932b19c5260dda743fca4af,16,black_high,black,0.5,0.7738785662457955,0.7475791542270679,0.20369190255142627,0.9656768399211433,0.9442004472815775
6932b19c5260dda743fca4af,17,white_high,white,0.5,0.602460695141221,0.7475791542270679,0.20369190255142627,0.8854004632750473,0.9442004472815775
6932b19c5260dda743fca4af,18,black_high,black,0.5,0.602460695141221,0.5133279179478415,0.20369190255142627,0.8854004632750473,0.7431537083688182
6932b19c5260dda743fca4af,19,white_high,black,0.5,0.5653972035970753,0.5133279179478415,0.20369190255142627,0.8538540439697998,0.7431537083688182
6932b19c5260dda743fca4af,20,white_high,white,0.5,0.5653972035970753,0.5133279179478415,0.13000966667141145,0.8538540439697998,0.8345129826269007
6932b19c5260dda743fca4af,21,black_high,black,0.5,0.5653972035970753,0.5085067602006679,0.13000966667141145,0.8538540439697998,0.8294318778510738
6932b19c5260dda743fca4af,22,black_high,black,0.5,0.6502609530448825,0.5085067602006679,0.13000966667141145,0.9172069067974294,0.8294318778510738
6932b19c5260dda743fca4af,23,black_high,black,0.5,0.7405999951751963,0.5085067602006679,0.13000966667141145,0.9563158804954363,0.8294318778510738
6932b19c5260dda743fca4af,24,black_high,black,0.5,0.6535668565223063,0.5085067602006679,0.13000966667141145,0.9190800956972507,0.8294318778510738
6932b19c5260dda743fca4af,25,black_high,black,0.5,0.7065366667269679,0.5085067602006679,0.13000966667141145,0.9442377920200312,0.8294318778510738
6932b19c5260dda743fca4af,26,white_high,white,0.5,0.7403455088168852,0.5085067602006679,0.13000966667141145,0.9562356545530739,0.8294318778510738
6932b19c5260dda743fca4af,27,black_high,black,0.5,0.7403455088168852,0.5416029529892797,0.13000966667141145,0.9562356545530739,0.861897052300625
6932b19c5260dda743fca4af,28,white_high,white,0.5,0.7257511765920467,0.5416029529892797,0.13000966667141145,0.9513925672680201,0.861897052300625
6932b19c5260dda743fca4af,29,white_high,white,0.5,0.7257511765920467,0.6712472610141288,0.13000966667141145,0.9513925672680201,0.9431385408986492
6932b19c5260dda743fca4af,30,white_high,white,0.5,0.7257511765920467,0.46460784675843086,0.13000966667141145,0.9513925672680201,0.7774086253501687
6932b19c5260dda743fca4af,31,white_high,white,0.5,0.7257511765920467,0.5859305082776447,0.13000966667141145,0.9513925672680201,0.8970941192514681
6932b19c5260dda743fca4af,32,black_high,black,0.5,0.7257511765920467,0.5910199182876316,0.13000966667141145,0.9513925672680201,0.9005828762133565
6932b19c5260dda743fca4af,33,black_high,black,0.5,0.7887828570238125,0.5910199182876316,0.13000966667141145,0.9692126591370731,0.9005828762133565
6932b19c5260dda743fca4af,34,black_high,black,0.5,0.756667101162194,0.5910199182876316,0.13000966667141145,0.9611059098178152,0.9005828762133565
6932b19c5260dda743fca4af,35,white_high,black,0.5,0.7723420731838527,0.5910199182876316,0.13000966667141145,0.9652907938950273,0.9005828762133565
6932b19c5260dda743fca4af,36,black_high,black,0.5,0.7723420731838527,0.5910199182876316,0.08298078233003947,0.9652907938950273,0.9281287524667793
6932b19c5260dda743fca4af,37,white_high,white,0.5,0.7461735037237281,0.5910199182876316,0.08298078233003947,0.9580380947585919,0.9281287524667793
6932b19c5260dda743fca4af,38,black_high,black,0.5,0.7461735037237281,0.6666150670494628,0.08298078233003947,0.9580380947585919,0.9580429904602819
6932b19c5260dda743fca4af,39,white_high,white,0.5,0.801817739165846,0.6666150670494628,0.08298078233003947,0.9720137743031624,0.9580429904602819
6932b19c5260dda743fca4af,40,white_high,white,0.5,0.801817739165846,0.5339980238133628,0.08298078233003947,0.9720137743031624,0.8936306506604769
6932b19c5260dda743fca4af,41,white_high,white,0.5,0.801817739165846,0.557873166207416,0.08298078233003947,0.9720137743031624,0.9095689211468306
6932b19c5260dda743fca4af,42,black_high,black,0.5,0.801817739165846,0.46459173861201136,0.08298078233003947,0.9720137743031624,0.8327276516527373
6932b19c5260dda743fca4af,43,white_high,white,0.5,0.7288134514365641,0.46459173861201136,0.08298078233003947,0.9524492141753882,0.8327276516527373
69727a44c5c16e6541319a6a,0,black_high,white,0.5,0.5,0.5,0.5,0.6408945833813067,0.35910541661869333
69727a44c5c16e6541319a6a,1,black_high,black,0.2636444456252577,0.5,0.5,0.5,0.6523920226488705,0.35910541661869333
69727a44c5c16e6541319a6a,2,black_high,white,0.2636444456252577,0.5,0.5,0.5,0.6523920226488705,0.35910541661869333
69727a44c5c16e6541319a6a,3,black_high,black,0.13901678741809892,0.5,0.5,0.5,0.658384700167514,0.35910541661869333
69727a44c5c16e6541319a6a,4,black_high,black,0.13901678741809892,0.5945422217498969,0.5,0.5,0.6628973527994096,0.35910541661869333
69727a44c5c16e6541319a6a,5,white_high,black,0.13901678741809892,0.4553088415329666,0.5,0.5,0.656241432638695,0.35910541661869333
69727a44c5c16e6541319a6a,6,white_high,black,0.13901678741809892,0.4553088415329666,0.5,0.2636444456252577,0.656241432638695,0.37076701881159013
69727a44c5c16e6541319a6a,7,black_high,black,0.13901678741809892,0.4553088415329666,0.5,0.13901678741809892,0.656241432638695,0.3769782721153881
69727a44c5c16e6541319a6a,8,black_high,white,0.13901678741809892,0.5709770703531137,0.5,0.13901678741809892,0.66177528557079,0.3769782721153881
69727a44c5c16e6541319a6a,9,white_high,black,0.07330200770289798,0.5709770703531137,0.5,0.13901678741809892,0.6648997531540134,0.3769782721153881
69727a44c5c16e6541319a6a,10,white_high,black,0.07330200770289798,0.5709770703531137,0.5,0.07330200770289798,0.6648997531540134,0.3802698917687549
69727a44c5c16e6541319a6a,11,white_high,white,0.07330200770289798,0.5709770703531137,0.5,0.03865133436809782,0.6648997531540134,0.3820099911105726
69727a44c5c16e6541319a6a,12,black_high,black,0.07330200770289798,0.5709770703531137,0.45272888912505155,0.03865133436809782,0.6648997531540134,0.3796368752884747
69727a44c5c16e6541319a6a,13,black_high,white,0.07330200770289798,0.44288319898080625,0.45272888912505155,0.03865133436809782,0.6587962983159696,0.3796368752884747
69727a44c5c16e6541319a6a,14,white_high,black,0.03865133436809782,0.44288319898080625,0.45272888912505155,0.03865133436809782,0.660452648443239,0.3796368752884747
69727a44c5c16e6541319a6a,15,white_high,black,0.03865133436809782,0.44288319898080625,0.45272888912505155,0.02038041924430724,0.660452648443239,0.3805534408362714
69727a44c5c16e6541319a6a,16,white_high,black,0.03865133436809782,0.44288319898080625,0.45272888912505155,0.010746368666551433,0.660452648443239,0.3810370791595216
69727a44c5c16e6541319a6a,17,white_high,black,0.03865133436809782,0.44288319898080625,0.45272888912505155,0.005666440819155185,0.660452648443239,0.3812921913894884
69727a44c5c16e6541319a6a,18,black_high,white,0.03865133436809782,0.44288319898080625,0.45272888912505155,0.0029878512968689996,0.660452648443239,0.3814267356225365
69727a44c5c16e6541319a6a,19,white_high,black,0.02038041924430724,0.44288319898080625,0.45272888912505155,0.0029878512968689996,0.661324448366873,0.3814267356225365
69727a44c5c16e6541319a6a,20,black_high,black,0.02038041924430724,0.44288319898080625,0.45272888912505155,0.0015754607975474694,0.661324448366873,0.381497686630446
69727a44c5c16e6541319a6a,21,white_high,black,0.02038041924430724,0.6116962779436584,0.45272888912505155,0.0015754607975474694,0.6693270871228769,0.381497686630446
69727a44c5c16e6541319a6a,22,white_high,black,0.02038041924430724,0.6116962779436584,0.45272888912505155,0.0008307229771474579,0.6693270871228769,0.38153510034506705
69727a44c5c16e6541319a6a,23,black_high,white,0.02038041924430724,0.6116962779436584,0.45272888912505155,0.0004380309975564103,0.6693270871228769,0.38155482874715485
69727a44c5c16e6541319a6a,24,black_high,black,0.010746368666551433,0.6116962779436584,0.45272888912505155,0.0004380309975564103,0.6697809043784131,0.38155482874715485
69727a44c5c16e6541319a6a,25,black_high,white,0.010746368666551433,0.6061673174286695,0.45272888912505155,0.0004380309975564103,0.6695204982431685,0.38155482874715485
69727a44c5c16e6541319a6a,26,white_high,black,0.005666440819155185,0.6061673174286695,0.45272888912505155,0.0004380309975564103,0.6697597594628625,0.38155482874715485
69727a44c5c16e6541319a6a,27,white_high,black,0.005666440819155185,0.6061673174286695,0.45272888912505155,0.00023096887903487683,0.6697597594628625,0.38156523147175503
69727a44c5c16e6541319a6a,28,black_high,white,0.005666440819155185,0.6061673174286695,0.45272888912505155,0.00012178732413967462,0.6697597594628625,0.3815707167566167
69727a44c5c16e6541319a6a,29,white_high,white,0.0029878512968689996,0.6061673174286695,0.45272888912505155,0.00012178732413967462,0.6698858838814626,0.3815707167566167
69727a44c5c16e6541319a6a,30,white_high,black,0.0029878512968689996,0.6061673174286695,0.47507446835856826,0.00012178732413967462,0.6698858838814626,0.38269399323748304
69727a44c5c16e6541319a6a,31,black_high,white,0.0029878512968689996,0.6061673174286695,0.47507446835856826,6.421710311397616e-05,0.6698858838814626,0.38269688882498315
69727a44c5c16e6541319a6a,32,white_high,black,0.0015754607975474694,0.6061673174286695,0.47507446835856826,6.421710311397616e-05,0.6699523780475803,0.38269688882498315
69727a44c5c16e6541319a6a,33,white_high,black,0.0015754607975474694,0.6061673174286695,0.47507446835856826,3.386096510028851e-05,0.6699523780475803,0.3826984156394584
69727a44c5c16e6541319a6a,34,white_high,black,0.0015754607975474694,0.6061673174286695,0.47507446835856826,1.7854510744403526e-05,0.6699523780475803,0.38269922071270235
69727a44c5c16e6541319a6a,35,black_high,white,0.0015754607975474694,0.6061673174286695,0.47507446835856826,9.414485174236949e-06,0.6699523780475803,0.38269964521913974
69727a44c5c16e6541319a6a,36,black_high,black,0.0008307229771474579,0.6061673174286695,0.47507446835856826,9.414485174236949e-06,0.669987436946308,0.38269964521913974
69727a44c5c16e6541319a6a,37,black_high,white,0.0008307229771474579,0.7450652905937984,0.47507446835856826,9.414485174236949e-06,0.676492775391849,0.38269964521913974
69727a44c5c16e6541319a6a,38,black_high,black,0.0004380309975564103,0.7450652905937984,0.47507446835856826,9.414485174236949e-06,0.676511072345704,0.38269964521913974
69727a44c5c16e6541319a6a,39,white_high,white,0.0004380309975564103,0.5819490944862409,0.47507446835856826,9.414485174236949e-06,0.6688649030755204,0.38269964521913974
69727a44c5c16e6541319a6a,40,white_high,black,0.0004380309975564103,0.5819490944862409,0.297772600557166,9.414485174236949e-06,0.6688649030755204,0.3738222856695343
69727a44c5c16e6541319a6a,41,black_high,white,0.0004380309975564103,0.5819490944862409,0.297772600557166,4.964153449217816e-06,0.6688649030755204,0.37382250745917384
69727a44c5c16e6541319a6a,42,white_high,black,0.00023096887903487683,0.5819490944862409,0.297772600557166,4.964153449217816e-06,0.6688746670596635,0.37382250745917384
69727a44c5c16e6541319a6a,43,black_high,black,0.00023096887903487683,0.5819490944862409,0.297772600557166,2.617542968235484e-06,0.6688746670596635,0.37382262440640834
69727a44c5c16e6541319a6a,44,black_high,black,0.00023096887903487683,0.5432108471706337,0.297772600557166,2.617542968235484e-06,0.6670454468503945,0.37382262440640834
69727a44c5c16e6541319a6a,45,white_high,black,0.00023096887903487683,0.5700557105695474,0.297772600557166,2.617542968235484e-06,0.6683136008203721,0.37382262440640834
69727a44c5c16e6541319a6a,46,black_high,white,0.00023096887903487683,0.5700557105695474,0.297772600557166,1.3802013295214714e-06,0.6683136008203721,0.3738226860713919
69727a44c5c16e6541319a6a,47,white_high,white,0.00012178732413967462,0.5700557105695474,0.297772600557166,1.3802013295214714e-06,0.668318753599919,0.3738226860713919
697a7ca703a2f04efb2de9e9,0,black_high,black,0.5,0.5,0.5,0.5,0.2088605535047481,0.7911394464952519
697a7ca703a2f04efb2de9e9,1,black_high,black,0.5,0.7458831758504448,0.5,0.5,0.493286925292179,0.7911394464952519
697a7ca703a2f04efb2de9e9,2,black_high,black,0.5,0.656207629397304,0.5,0.5,0.37688738903491203,0.7911394464952519
697a7ca703a2f04efb2de9e9,3,black_high,white,0.5,0.7445979412644417,0.5,0.5,0.4915820650797928,0.7911394464952519
697a7ca703a2f04efb2de9e9,4,white_high,white,0.19264603018694393,0.7445979412644417,0.5,0.5,0.8316710607072542,0.7911394464952519
697a7ca703a2f04efb2de9e9,5,white_high,white,0.19264603018694393,0.7445979412644417,0.6229415879252224,0.5,0.8316710607072542,0.8791371174867639
697a7ca703a2f04efb2de9e9,6,white_high,white,0.19264603018694393,0.7445979412644417,0.7932515935677913,0.5,0.8316710607072542,0.9472577827935952
697a7ca703a2f04efb2de9e9,7,white_high,white,0.19264603018694393,0.7445979412644417,0.8588706865441051,0.5,0.8316710607072542,0.9621816678742451
697a7ca703a2f04efb2de9e9,8,white_high,white,0.19264603018694393,0.7445979412644417,0.6997408201889812,0.5,0.8316710607072542,0.9162055365167283
697a7ca703a2f04efb2de9e9,9,black_high,black,0.19264603018694393,0.7445979412644417,0.638429346113994,0.5,0.8316710607072542,0.8876023644560151
697a7ca703a2f04efb2de9e9,10,white_high,white,0.19264603018694393,0.7786540266408216,0.638429346113994,0.5,0.8554818464316912,0.8876023644560151
697a7ca703a2f04efb2de9e9,11,white_high,white,0.19264603018694393,0.7786540266408216,0.7377481098683045,0.5,0.8554818464316912,0.930447671066985
697a7ca703a2f04efb2de9e9,12,white_high,white,0.19264603018694393,0.7786540266408216,0.7760148409889902,0.5,0.8554818464316912,0.9424959363270647
697a7ca703a2f04efb2de9e9,13,black_high,black,0.19264603018694393,0.7786540266408216,0.7907587086662528,0.5,0.8554818464316912,0.9465928677690364
697a7ca703a2f04efb2de9e9,14,white_high,white,0.19264603018694393,0.7303047719811449,0.7907587086662528,0.5,0.8207828120739926,0.9465928677690364
697a7ca703a2f04efb2de9e9,15,black_high,black,0.19264603018694393,0.7303047719811449,0.7349686098588939,0.5,0.8207828120739926,0.9294869550249883
697a7ca703a2f04efb2de9e9,16,white_high,white,0.19264603018694393,0.7731469819983874,0.7349686098588939,0.5,0.851830756147537,0.9294869550249883
697a7ca703a2f04efb2de9e9,17,black_high,black,0.19264603018694393,0.7731469819983874,0.8364147156661663,0.5,0.851830756147537,0.9575979285227822
697a7ca703a2f04efb2de9e9,18,white_high,white,0.19264603018694393,0.912595333292124,0.8364147156661663,0.5,0.9233751604508638,0.9575979285227822
697a7ca703a2f04efb2de9e9,19,white_high,white,0.19264603018694393,0.912595333292124,0.7525595068643353,0.5,0.9233751604508638,0.9353657769717045
697a7ca703a2f04efb2de9e9,20,black_high,black,0.19264603018694393,0.912595333292124,0.7817215546546065,0.5,0.9233751604508638,0.9441155667395609
697a7ca703a2f04efb2de9e9,21,black_high,black,0.19264603018694393,0.9048528819152183,0.7817215546546065,0.5,0.9204167928753081,0.9441155667395609
697a7ca703a2f04efb2de9e9,22,white_high,white,0.19264603018694393,0.8403989829092544,0.7817215546546065,0.5,0.8914804491292864,0.9441155667395609
697a7ca703a2f04efb2de9e9,23,white_high,white,0.19264603018694393,0.8403989829092544,0.7929574601324418,0.5,0.8914804491292864,0.9471797386317972
697a7ca703a2f04efb2de9e9,24,black_high,black,0.19264603018694393,0.8403989829092544,0.6128741834163296,0.5,0.8914804491292864,0.8733439537087045
697a7ca703a2f04efb2de9e9,25,black_high,black,0.19264603018694393,0.8155654073621161,0.6128741834163296,0.5,0.8780568267474979,0.8733439537087045
697a7ca703a2f04efb2de9e9,26,black_high,black,0.19264603018694393,0.928938815798331,0.6128741834163296,0.5,0.9292912317743356,0.8733439537087045
697a7ca703a2f04efb2de9e9,27,black_high,black,0.19264603018694393,0.9111498959637194,0.6128741834163296,0.5,0.9228306278029675,0.8733439537087045
697a7ca703a2f04efb2de9e9,28,black_high,black,0.19264603018694393,0.9042959663888159,0.6128741834163296,0.5,0.9202000218653688,0.8733439537087045
697a7ca703a2f04efb2de9e9,29,black_high,black,0.19264603018694393,0.9016552017412439,0.6128741834163296,0.5,0.9191647868174356,0.8733439537087045
697a7ca703a2f04efb2de9e9,30,white_high,white,0.19264603018694393,0.8391669421266071,0.6128741834163296,0.5,0.8908462543101021,0.8733439537087045
697a7ca703a2f04efb2de9e9,31,black_high,black,0.19264603018694393,0.8391669421266071,0.7279019085793315,0.5,0.8908462543101021,0.9269889320922194
697a7ca703a2f04efb2de9e9,32,white_high,white,0.19264603018694393,0.8765615057931165,0.7279019085793315,0.5,0.9087009143515208,0.9269889320922194
697a7ca703a2f04efb2de9e9,33,black_high,black,0.19264603018694393,0.8765615057931165,0.8336919717701169,0.5,0.9087009143515208,0.9570072965739811
697a7ca703a2f04efb2de9e9,34,white_high,white,0.19264603018694393,0.8909693342749685,0.8336919717701169,0.5,0.9148496021727494,0.9570072965739811
697a7ca703a2f04efb2de9e9,35,black_high,black,0.19264603018694393,0.8909693342749685,0.8744520431839784,0.5,0.9148496021727494,0.9650783678191932
697a7ca703a2f04efb2de9e9,36,black_high,white,0.19264603018694393,0.8965205561962548,0.8744520431839784,0.5,0.9171167735863605,0.9650783678191932
697a7ca703a2f04efb2de9e9,37,white_high,white,0.07422498589357782,0.8965205561962548,0.8744520431839784,0.5,0.9540116326408767,0.9650783678191932
697a7ca703a2f04efb2de9e9,38,white_high,white,0.07422498589357782,0.8965205561962548,0.8286857811174008,0.5,0.9540116326408767,0.9559007662676854
697a7ca703a2f04efb2de9e9,39,white_high,white,0.07422498589357782,0.8965205561962548,0.8110524037101577,0.5,0.9540116326408767,0.9517831037858043
697a7ca703a2f04efb2de9e9,40,black_high,white,0.07422498589357782,0.8965205561962548,0.8042584033975707,0.5,0.9540116326408767,0.9501011497360919
697a7ca703a2f04efb2de9e9,41,white_high,white,0.028598297746159358,0.8965205561962548,0.8042584033975707,0.5,0.963541389059759,0.9501011497360919
697a7ca703a2f04efb2de9e9,42,white_high,white,0.028598297746159358,0.8965205561962548,0.8631115229815645,0.5,0.963541389059759,0.9629921897057871
697a7ca703a2f04efb2de9e9,43,black_high,black,0.028598297746159358,0.8965205561962548,0.8243163687229009,0.5,0.963541389059759,0.9549128292109588
697a7ca703a2f04efb2de9e9,44,black_high,black,0.028598297746159358,0.8986593979278998,0.8243163687229009,0.5,0.9639380610674763,0.9549128292109588
697a7ca703a2f04efb2de9e9,45,white_high,white,0.028598297746159358,0.899483476665499,0.8243163687229009,0.5,0.9640897843148525,0.9549128292109588
697a7ca703a2f04efb2de9e9,46,white_high,white,0.028598297746159358,0.899483476665499,0.8708396977686689,0.5,0.9640897843148525,0.9644264560375851
697a7ca703a2f04efb2de9e9,47,black_high,black,0.028598297746159358,0.899483476665499,0.827293973109554,0.5,0.9640897843148525,0.9555883364962026
697a8232cf359493f5c6f3fb,0,black_high,white,0.5,0.5,0.5,0.5,0.405966895438228,0.594033104561772
697a8232cf359493f5c6f3fb,1,white_high,black,0.2876861359268845,0.5,0.5,0.5,0.41684500362609694,0.594033104561772
697a8232cf359493f5c6f3fb,2,white_high,white,0.2876861359268845,0.5,0.5,0.2876861359268845,0.41684500362609694,0.6048197071745451
697a8232cf359493f5c6f3fb,3,black_high,white,0.2876861359268845,0.5,0.3726116815561307,0.2876861359268845,0.41684500362609694,0.5983592714857053
697a8232cf359493f5c6f3fb,4,white_high,black,0.16552662560908377,0.5,0.3726116815561307,0.2876861359268845,0.42314158337115687,0.5983592714857053
697a8232cf359493f5c6f3fb,5,white_high,white,0.16552662560908377,0.5,0.3726116815561307,0.16552662560908377,0.42314158337115687,0.6045552332827481
697a8232cf359493f5c6f3fb,6,black_high,white,0.16552662560908377,0.5,0.5540926122531888,0.16552662560908377,0.42314158337115687,0.6136977976844463
697a8232cf359493f5c6f3fb,7,black_high,white,0.09523943062898681,0.5,0.5540926122531888,0.16552662560908377,0.4267759473409049,0.6136977976844463
697a8232cf359493f5c6f3fb,8,white_high,black,0.054798127571059584,0.5,0.5540926122531888,0.16552662560908377,0.4288706751818955,0.6136977976844463
697a8232cf359493f5c6f3fb,9,black_high,white,0.054798127571059584,0.5,0.5540926122531888,0.09523943062898681,0.4288706751818955,0.617217652678133
697a8232cf359493f5c6f3fb,10,white_high,white,0.031529323153893216,0.5,0.5540926122531888,0.09523943062898681,0.4300770845148449,0.617217652678133
697a8232cf359493f5c6f3fb,11,black_high,black,0.031529323153893216,0.5,0.5735861620172453,0.09523943062898681,0.4300770845148449,0.6181916980571711
697a8232cf359493f5c6f3fb,12,black_high,white,0.031529323153893216,0.7123138640731155,0.5735861620172453,0.09523943062898681,0.4411214930616252,0.6181916980571711
697a8232cf359493f5c6f3fb,13,white_high,black,0.018141098293067183,0.7123138640731155,0.5735861620172453,0.09523943062898681,0.44182001386178,0.6181916980571711
697a8232cf359493f5c6f3fb,14,black_high,white,0.018141098293067183,0.7123138640731155,0.5735861620172453,0.054798127571059584,0.44182001386178,0.6202094165353045
697a8232cf359493f5c6f3fb,15,white_high,white,0.010437884938804598,0.7123138640731155,0.5735861620172453,0.054798127571059584,0.4422220279070107,0.6202094165353045
697a8232cf359493f5c6f3fb,16,black_high,black,0.010437884938804598,0.7123138640731155,0.7546533012899774,0.054798127571059584,0.4422220279070107,0.6291916073771465
697a8232cf359493f5c6f3fb,17,black_high,black,0.010437884938804598,0.4947711918739315,0.7546533012899774,0.054798127571059584,0.4308999857486646,0.6291916073771465
697a8232cf359493f5c6f3fb,18,white_high,black,0.010437884938804598,0.4969914887894165,0.7546533012899774,0.054798127571059584,0.4310151980326918,0.6291916073771465
697a8232cf359493f5c6f3fb,19,white_high,white,0.010437884938804598,0.4969914887894165,0.7546533012899774,0.031529323153893216,0.4310151980326918,0.6303395972863004
697a8232cf359493f5c6f3fb,20,white_high,black,0.010437884938804598,0.4969914887894165,0.5615949028690305,0.031529323153893216,0.4310151980326918,0.6207713448596561
697a8232cf359493f5c6f3fb,21,black_high,white,0.010437884938804598,0.4969914887894165,0.5615949028690305,0.018141098293067183,0.4310151980326918,0.6214380219283842
697a8232cf359493f5c6f3fb,22,black_high,white,0.0060056695705882415,0.4969914887894165,0.5615949028690305,0.018141098293067183,0.4312452101605378,0.6214380219283842
697a8232cf359493f5c6f3fb,23,white_high,black,0.0034554957448324065,0.4969914887894165,0.5615949028690305,0.018141098293067183,0.43137756621166745,0.6214380219283842
697a8232cf359493f5c6f3fb,24,white_high,white,0.0034554957448324065,0.4969914887894165,0.5615949028690305,0.010437884938804598,0.43137756621166745,0.6218214017506342
697a8232cf359493f5c6f3fb,25,black_high,black,0.0034554957448324065,0.4969914887894165,0.4505144535691201,0.010437884938804598,0.43137756621166745,0.6162785398112746
697a8232cf359493f5c6f3fb,26,black_high,white,0.0034554957448324065,0.5831945316991152,0.4505144535691201,0.010437884938804598,0.43585722146703565,0.6162785398112746
697a8232cf359493f5c6f3fb,27,white_high,black,0.0019881964370852536,0.5831945316991152,0.4505144535691201,0.010437884938804598,0.4359335644632903,0.6162785398112746
697a8232cf359493f5c6f3fb,28,white_high,white,0.0019881964370852536,0.5831945316991152,0.4505144535691201,0.0060056695705882415,0.4359335644632903,0.6165002957007101
697a8232cf359493f5c6f3fb,29,white_high,white,0.0019881964370852536,0.5831945316991152,0.6413784799846318,0.0060056695705882415,0.4359335644632903,0.626002703324709
697a8232cf359493f5c6f3fb,30,white_high,black,0.0019881964370852536,0.5831945316991152,0.7511963484784826,0.0060056695705882415,0.4359335644632903,0.6314269200436302
697a8232cf359493f5c6f3fb,31,black_high,white,0.0019881964370852536,0.5831945316991152,0.7511963484784826,0.0034554957448324065,0.4359335644632903,0.6315524924577604
697a8232cf359493f5c6f3fb,32,white_high,black,0.0011439531008973118,0.5831945316991152,0.7511963484784826,0.0034554957448324065,0.43597749148318327,0.6315524924577604
697a8232cf359493f5c6f3fb,33,white_high,black,0.0011439531008973118,0.5831945316991152,0.7511963484784826,0.0019881964370852536,0.43597749148318327,0.631624735264604
697a8232cf359493f5c6f3fb,34,black_high,white,0.0011439531008973118,0.5831945316991152,0.7511963484784826,0.0011439531008973118,0.43597749148318327,0.6316662990967556
697a8232cf359493f5c6f3fb,35,black_high,white,0.0006581988945574503,0.5831945316991152,0.7511963484784826,0.0011439531008973118,0.4360027663278415,0.6316662990967556
697a8232cf359493f5c6f3fb,36,black_high,white,0.00037870939329315956,0.5831945316991152,0.7511963484784826,0.0011439531008973118,0.43601730892334023,0.6316662990967556
697a8232cf359493f5c6f3fb,37,black_high,white,0.00021789888399144776,0.5831945316991152,0.7511963484784826,0.0011439531008973118,0.43602567637943085,0.6316662990967556
697a8232cf359493f5c6f3fb,38,black_high,white,0.0001253729759165602,0.5831945316991152,0.7511963484784826,0.0011439531008973118,0.43603049079816214,0.6316662990967556
697a8232cf359493f5c6f3fb,39,black_high,white,7.213613398217911e-05,0.5831945316991152,0.7511963484784826,0.0011439531008973118,0.43603326088667055,0.6316662990967556
697a8232cf359493f5c6f3fb,40,white_high,white,4.1505131292074275e-05,0.5831945316991152,0.7511963484784826,0.0011439531008973118,0.43603485472059816,0.6316662990967556
697a8232cf359493f5c6f3fb,41,black_high,black,4.1505131292074275e-05,0.5831945316991152,0.6869941865200587,0.0011439531008973118,0.43603485472059816,0.6284999543479113
697a8232cf359493f5c6f3fb,42,white_high,black,4.1505131292074275e-05,0.4629422810802841,0.6869941865200587,0.0011439531008973118,0.42978822770180686,0.6284999543479113
697a8232cf359493f5c6f3fb,43,white_high,white,4.1505131292074275e-05,0.4629422810802841,0.6869941865200587,0.0006581988945574503,0.42978822770180686,0.6285239528159531
697a8232cf359493f5c6f3fb,44,black_high,white,4.1505131292074275e-05,0.4629422810802841,0.777442361179986,0.0006581988945574503,0.42978822770180686,0.6329813450068961
697a8232cf359493f5c6f3fb,45,black_high,black,2.3880901685109738e-05,0.4629422810802841,0.777442361179986,0.0006581988945574503,0.42978914162461157,0.6329813450068961
697a8232cf359493f5c6f3fb,46,white_high,black,2.3880901685109738e-05,0.5211407888900678,0.777442361179986,0.0006581988945574503,0.4328096601523421,0.6329813450068961
697cbad1e4fa658183a9a4ba,0,white_high,black,0.5,0.5,0.5,0.5,0.43724097682434654,0.5627590231756535
697cbad1e4fa658183a9a4ba,1,black_high,white,0.5,0.5,0.5,0.28133772575256283,0.43724097682434654,0.5714651136645557
697cbad1e4fa658183a9a4ba,2,white_high,black,0.28133772575256283,0.5,0.5,0.28133772575256283,0.4459859040044755,0.5714651136645557
697cbad1e4fa658183a9a4ba,3,white_high,black,0.28133772575256283,0.5,0.5,0.1583018318632485,0.4459859040044755,0.5763447942087295
697cbad1e4fa658183a9a4ba,4,white_high,black,0.28133772575256283,0.5,0.5,0.08907255471774184,0.4459859040044755,0.5790840020223785
697cbad1e4fa658183a9a4ba,5,black_high,white,0.28133772575256283,0.5,0.5,0.050118939942520396,0.4459859040044755,0.580623160464711
697cbad1e4fa658183a9a4ba,6,black_high,white,0.1583018318632485,0.5,0.5,0.050118939942520396,0.4509215573155877,0.580623160464711
697cbad1e4fa658183a9a4ba,7,white_high,black,0.08907255471774184,0.5,0.5,0.050118939942520396,0.45370304379698645,0.580623160464711
697cbad1e4fa658183a9a4ba,8,white_high,black,0.08907255471774184,0.5,0.5,0.02820069716111594,0.45370304379698645,0.5814885199606799
697cbad1e4fa658183a9a4ba,9,white_high,black,0.08907255471774184,0.5,0.5,0.015867840007890228,0.45370304379698645,0.5819752164764972
697cbad1e4fa658183a9a4ba,10,black_high,white,0.08907255471774184,0.5,0.5,0.00892844404085073,0.45370304379698645,0.5822489985576811
697cbad1e4fa658183a9a4ba,11,black_high,white,0.050118939942520396,0.5,0.5,0.00892844404085073,0.4552694009098974,0.5822489985576811
697cbad1e4fa658183a9a4ba,12,black_high,white,0.02820069716111594,0.5,0.5,0.00892844404085073,0.4561511428835005,0.5822489985576811
697cbad1e4fa658183a9a4ba,13,white_high,white,0.015867840007890228,0.5,0.5,0.00892844404085073,0.4566473986649716,0.5822489985576811
697cbad1e4fa658183a9a4ba,14,black_high,white,0.015867840007890228,0.5,0.4562675451505126,0.00892844404085073,0.4566473986649716,0.5805227685580332
697cbad1e4fa658183a9a4ba,15,black_high,black,0.00892844404085073,0.5,0.4562675451505126,0.00892844404085073,0.45692666751433914,0.5805227685580332
697cbad1e4fa658183a9a4ba,16,black_high,white,0.00892844404085073,0.5437324548494874,0.4562675451505126,0.00892844404085073,0.45868725116033304,0.5805227685580332
697cbad1e4fa658183a9a4ba,17,white_high,black,0.0050238162819239325,0.5437324548494874,0.4562675451505126,0.00892844404085073,0.45884449471503297,0.5805227685580332
697cbad1e4fa658183a9a4ba,18,white_high,white,0.0050238162819239325,0.5437324548494874,0.4562675451505126,0.0050238162819239325,0.45884449471503297,0.5806769748416418
697cbad1e4fa658183a9a4ba,19,black_high,black,0.0050238162819239325,0.5437324548494874,0.47539282122213716,0.0050238162819239325,0.45884449471503297,0.5814320652518796
697cbad1e4fa658183a9a4ba,20,black_high,black,0.0050238162819239325,0.7432694530253,0.47539282122213716,0.0050238162819239325,0.4668902876093712,0.5814320652518796
697cbad1e4fa658183a9a4ba,21,black_high,white,0.0050238162819239325,0.768079113866878,0.47539282122213716,0.0050238162819239325,0.4678919617961601,0.5814320652518796
697cbad1e4fa658183a9a4ba,22,black_high,white,0.0028267780947103505,0.768079113866878,0.47539282122213716,0.0050238162819239325,0.4679806784016477,0.5814320652518796
697cbad1e4fa658183a9a4ba,23,white_high,black,0.0015905586407459454,0.768079113866878,0.47539282122213716,0.0050238162819239325,0.4680305979480802,0.5814320652518796
697cbad1e4fa658183a9a4ba,24,white_high,black,0.0015905586407459454,0.768079113866878,0.47539282122213716,0.0028267780947103505,0.4680305979480802,0.5815187827772651
697cbad1e4fa658183a9a4ba,25,black_high,white,0.0015905586407459454,0.768079113866878,0.47539282122213716,0.0015905586407459454,0.4680305979480802,0.5815675743855458
697cbad1e4fa658183a9a4ba,26,white_high,white,0.0008949683013271038,0.768079113866878,0.47539282122213716,0.0015905586407459454,0.4680586867328217,0.5815675743855458
697cbad1e4fa658183a9a4ba,27,white_high,black,0.0008949683013271038,0.768079113866878,0.5298865994203861,0.0015905586407459454,0.4680586867328217,0.5837167582875421
697cbad1e4fa658183a9a4ba,28,white_high,black,0.0008949683013271038,0.768079113866878,0.5298865994203861,0.0008949683013271038,0.4680586867328217,0.5837441713447277
697cbad1e4fa658183a9a4ba,29,black_high,white,0.0008949683013271038,0.768079113866878,0.5298865994203861,0.0005035766930320035,0.4680586867328217,0.583759595771345
697cbad1e4fa658183a9a4ba,30,black_high,black,0.0005035766930320035,0.768079113866878,0.5298865994203861,0.0005035766930320035,0.4680744916914687,0.583759595771345
697cbad1e4fa658183a9a4ba,31,white_high,white,0.0005035766930320035,0.7383064461331145,0.5298865994203861,0.0005035766930320035,0.4668724135627367,0.583759595771345
697cbad1e4fa658183a9a4ba,32,white_high,black,0.0005035766930320035,0.7383064461331145,0.6480138203712809,0.0005035766930320035,0.4668724135627367,0.588407268809678
697cbad1e4fa658183a9a4ba,33,black_high,white,0.0005035766930320035,0.7383064461331145,0.6480138203712809,0.0002833502431192406,0.4668724135627367,0.588415919101816
697cbad1e4fa658183a9a4ba,34,white_high,black,0.0002833502431192406,0.7383064461331145,0.6480138203712809,0.0002833502431192406,0.46688130386041965,0.588415919101816
697cbad1e4fa658183a9a4ba,35,black_high,white,0.0002833502431192406,0.7383064461331145,0.6480138203712809,0.00015943422598120583,0.46688130386041965,0.5884207863848306
697cbad1e4fa658183a9a4ba,36,white_high,white,0.00015943422598120583,0.7383064461331145,0.6480138203712809,0.00015943422598120583,0.4668863062219298,0.5884207863848306
697cbad1e4fa658183a9a4ba,37,white_high,white,0.00015943422598120583,0.7383064461331145,0.7582135626043588,0.00015943422598120583,0.4668863062219298,0.5927423571063526
697cbad1e4fa658183a9a4ba,38,white_high,black,0.00015943422598120583,0.7383064461331145,0.7764877974716169,0.00015943422598120583,0.4668863062219298,0.5934576298455544
697cbad1e4fa658183a9a4ba,39,black_high,white,0.00015943422598120583,0.7383064461331145,0.7764877974716169,8.970972508934522e-05,0.4668863062219298,0.5934603581788962
697cbad1e4fa658183a9a4ba,40,black_high,white,8.970972508934522e-05,0.7383064461331145,0.7764877974716169,8.970972508934522e-05,0.46688912093087837,0.5934603581788962
697cbad1e4fa658183a9a4ba,41,black_high,white,5.047746006904802e-05,0.7383064461331145,0.7764877974716169,8.970972508934522e-05,0.4668907046994335,0.5934603581788962
697cbad1e4fa658183a9a4ba,42,white_high,black,2.8402427635183548e-05,0.7383064461331145,0.7764877974716169,8.970972508934522e-05,0.46689159584741385,0.5934603581788962
697cbad1e4fa658183a9a4ba,43,black_high,white,2.8402427635183548e-05,0.7383064461331145,0.7764877974716169,5.047746006904802e-05,0.46689159584741385,0.5934618933425557
697cbad1e4fa658183a9a4ba,44,black_high,black,1.5981348793468563e-05,0.7383064461331145,0.7764877974716169,5.047746006904802e-05,0.4668920972745988,0.5934618933425557
697cbad1e4fa658183a9a4ba,45,white_high,white,1.5981348793468563e-05,0.6778216420240195,0.7764877974716169,5.047746006904802e-05,0.46445119521463774,0.5934618933425557
697cbad1e4fa658183a9a4ba,46,black_high,white,1.5981348793468563e-05,0.6778216420240195,0.8305027156759495,5.047746006904802e-05,0.46445119521463774,0.5955737602438814
697cbad1e4fa658183a9a4ba,47,white_high,white,8.992312648025819e-06,0.6778216420240195,0.8305027156759495,5.047746006904802e-05,0.46445147716547336,0.5955737602438814
