subject,trial,V_target,V_distractor,p_target
5987bfb80e411a0001d83837,0,0.0,0.0,0.5
5987bfb80e411a0001d83837,1,0.0,0.0,0.5
5987bfb80e411a0001d83837,2,0.0,0.0,0.5
5987bfb80e411a0001d83837,3,0.0,0.0,0.5
5987bfb80e411a0001d83837,4,0.6785754756698712,0.20599439139829961,0.5861786360523619
5987bfb80e411a0001d83837,5,0.0767855674784787,0.040298584895406026,0.5067203516822467
5987bfb80e411a0001d83837,6,0.9068197094421625,0.4576150031071173,0.5819946073575325
5987bfb80e411a0001d83837,7,0.7834863004368997,0.23387791429680682,0.5998746095343521
5987bfb80e411a0001d83837,8,-0.0371202281370811,-0.08094834026803406,0.5080722616973559
5987bfb80e411a0001d83837,9,0.8881831321144521,0.22244961750848774,0.6202246397400961
5987bfb80e411a0001d83837,10,-0.17383126905532295,0.1344464353457181,0.4434593470027769
5987bfb80e411a0001d83837,11,-0.10888700047703975,0.11071632816371794,0.4596379600917092
5987bfb80e411a0001d83837,12,0.2981116644110643,0.4435093978635294,0.4732439015893263
5987bfb80e411a0001d83837,13,-0.0018514977031696758,0.1750286833913256,0.46746541149017046
5987bfb80e411a0001d83837,14,0.010781354212678756,-0.3683884498469625,0.5693908452754105
5987bfb80e411a0001d83837,15,-0.03956829816116609,-0.1897036914366152,0.52762617537157
5987bfb80e411a0001d83837,16,-0.33526841547578434,0.3591460700504879,0.3748106743396304
5987bfb80e411a0001d83837,17,0.38831365654819544,0.3622797866756172,0.5047951877917409
5987bfb80e411a0001d83837,18,0.2743361282440123,0.13955360457271238,0.5248060200939128
5987bfb80e411a0001d83837,19,0.34670472593629686,0.6920893510435221,0.43672263482749973
5987bfb80e411a0001d83837,20,0.4707312904652559,0.1867933981189775,0.5521103130564914
5987bfb80e411a0001d83837,21,0.6690566721831077,0.7922165300623153,0.4773299998076642
5987bfb80e411a0001d83837,22,0.3314898573958299,0.3427821183825394,0.49792002264249696
5987bfb80e411a0001d83837,23,-0.0012829979064844649,0.47929123639627036,0.41239352428633
5987bfb80e411a0001d83837,24,0.651351672630738,-0.1604799994113691,0.6452317056263984
5987bfb80e411a0001d83837,25,-0.16934671744959262,-0.011184979477928902,0.47090016241032917
5987bfb80e411a0001d83837,26,-0.13629507445742067,0.8548144286073767,0.32514345837482855
5987bfb80e411a0001d83837,27,-0.27081641490669106,-0.2358409742751928,0.4935580200632854
5987bfb80e411a0001d83837,28,-0.21217161018094255,-0.21770019060873944,0.5010183410174306
5987bfb80e411a0001d83837,29,0.7596697212388102,0.268103204848543,0.5895676494504771
5987bfb80e411a0001d83837,30,0.6399704867528259,0.6342376515485009,0.5010559637692725
5987bfb80e411a0001d83837,31,0.7728814166383008,0.8071535493029314,0.4936875455059496
5987bfb80e411a0001d83837,32,0.2628074479721219,0.008816234495463399,0.5466481108478839
5987bfb80e411a0001d83837,33,-0.16644362545967967,0.4722194706912147,0.38448447393386065
5987bfb80e411a0001d83837,34,0.21271927961630796,0.6171664681919948,0.42604886281505233
5987bfb80e411a0001d83837,35,0.35417412674426263,0.6156610412346942,0.4519835846385919
5987bfb80e411a0001d83837,36,0.36623591907091724,0.5907129236695734,0.45874622848076674
5987bfb80e411a0001d83837,37,-0.17367489164188255,-0.23174051594388764,0.5106938249845171
5987bfb80e411a0001d83837,38,-0.2875017032192522,-0.2253583806672104,0.4885554475493955
5987bfb80e411a0001d83837,39,0.4033469906519419,0.6536104914591625,0.45403262916765913
5987bfb80e411a0001d83837,40,0.15173413941497044,0.37388839842086746,0.4591711863152081
5987bfb80e411a0001d83837,41,-0.003512866921240254,-0.03403208098479983,0.5056212804394916
5987bfb80e411a0001d83837,42,0.9617753165634855,0.5983637641909667,0.5665418802392247
5987bfb80e411a0001d83837,43,0.603344162927997,-0.020982621131874046,0.6130127519561434
5987bfb80e411a0001d83837,44,0.6034598419897237,0.5365583012414028,0.5123205020097734
5987bfb80e411a0001d83837,45,0.8543910257070714,0.8085095490166831,0.5084503799733805
5987bfb80e411a0001d83837,46,0.6618599599818712,0.610003913973681,0.5095505147311277
5987bfb80e411a0001d83837,47,0.3154617596382666,0.38706489102715025,0.48681404740696604
5b2150d538b0be00014137fb,0,0.0,0.0,0.5
5b2150d538b0be00014137fb,1,0.25112298863765825,0.1459097542567867,0.5288403130542303
5b2150d538b0be00014137fb,2,0.16061903905955505,0.14414947027291333,0.5045194161752987
5b2150d538b0be00014137fb,3,0.001822287443253268,0.019636700306433136,0.4951115676439866
5b2150d538b0be00014137fb,4,0.15482392357319735,0.22044340720988007,0.4820006411175955
5b2150d538b0be00014137fb,5,0.2198468639260817,0.01844675396353488,0.5550437373777509
5b2150d538b0be00014137fb,6,0.12650488322985087,0.4901274031608237,0.40151954581125127
5b2150d538b0be00014137fb,7,0.1310745420987509,0.03335749773877216,0.5267895956636856
5b2150d538b0be00014137fb,8,0.22664298785125536,0.001778187125122106,0.5613954675396001
5b2150d538b0be00014137fb,9,0.21358982116648909,0.2746249660246157,0.4832571451590769
5b2150d538b0be00014137fb,10,0.20906246948245094,0.17991915633773992,0.5079967556150776
5b2150d538b0be00014137fb,11,0.14974071437407774,0.16101256271390318,0.4969068460813715
5b2150d538b0be00014137fb,12,0.17639844783103825,0.1704091412394686,0.5016435651194621
5b2150d538b0be00014137fb,13,0.14365710563530298,0.049933857517203396,0.5256966473715388
5b2150d538b0be00014137fb,14,0.16813343762461236,0.2648614903476957,0.4734810297683041
5b2150d538b0be00014137fb,15,0.19683192895577267,0.23858997742824584,0.4885428631390563
5b2150d538b0be00014137fb,16,0.29671849867267164,0.27363642507054703,0.5063337880287927
5b2150d538b0be00014137fb,17,0.0961267362040461,0.29270083476414765,0.44626493349910734
5b2150d538b0be00014137fb,18,0.0779315871288976,0.10412080643884124,0.4928137126214543
5b2150d538b0be00014137fb,19,0.06060920136129618,0.20304980966894373,0.4609912282198646
5b2150d538b0be00014137fb,20,0.16712115157181112,0.20528344029497098,0.48952912805673227
5b2150d538b0be00014137fb,21,0.5737226530630808,0.228419465538902,0.593638903795062
5b2150d538b0be00014137fb,22,0.2665289505655627,0.5907881479491099,0.41194522642614767
5b2150d538b0be00014137fb,23,0.14672756084844202,0.23976073960349112,0.4744922232924958
5b2150d538b0be00014137fb,24,0.3032955500319924,0.07738214456324054,0.5616788643929556
5b2150d538b0be00014137fb,25,0.2945074193356666,0.29619672090032456,0.49953642608035925
5b2150d538b0be00014137fb,26,0.4050354758169277,0.35783556605823913,0.5129495886046381
5b2150d538b0be00014137fb,27,0.4835918486310764,0.45104523573418387,0.5089304130391759
5b2150d538b0be00014137fb,28,0.09418304896411772,0.09004721603582228,0.5011349433269873
5b2150d538b0be00014137fb,29,0.3083479804451516,0.4329481316039615,0.4658607285250931
5b2150d538b0be00014137fb,30,0.5368514678150591,0.565155618402567,0.4922334681211137
5b2150d538b0be00014137fb,31,0.6210151631475124,0.5170634295131435,0.5284952730971689
5b2150d538b0be00014137fb,32,0.4699956782668826,0.6844640319976337,0.4414164239697273
5b2150d538b0be00014137fb,33,0.5240267829461631,0.7356681253982867,0.44218169403859753
5b2150d538b0be00014137fb,34,0.4265165401555161,0.810367424492463,0.396195731083592
5b2150d538b0be00014137fb,35,0.2930148862448202,0.7062587146905385,0.38850387112992363
5b2150d538b0be00014137fb,36,0.47766220109698476,0.7647675311145374,0.4218589135551613
5b2150d538b0be00014137fb,37,0.47179375379208427,0.3905605163714447,0.5222770705714804
5b2150d538b0be00014137fb,38,0.267047345932769,0.6413004572050653,0.39871874447963723
5b2150d538b0be00014137fb,39,0.4742251630850567,0.3937903597907242,0.5220583968907233
5b2150d538b0be00014137fb,40,0.1511022360392117,0.3913682048895581,0.43444631932470285
5b2150d538b0be00014137fb,41,0.2720748619614811,0.4104911939657706,0.46208902599851087
5b2150d538b0be00014137fb,42,0.5959073453342012,0.7111360745800477,0.46842129904073176
5b2150d538b0be00014137fb,43,0.43591367361930256,0.49303512759030377,0.48433000201768167
5b2150d538b0be00014137fb,44,0.5339426905254991,0.22063805598105557,0.5851388302784618
5b2150d538b0be00014137fb,45,0.45932816722255176,0.5941800329342027,0.4630616978942394
5b2150d538b0be00014137fb,46,0.6934885444132017,0.6562714131257148,0.5102116150785041
5b2150d538b0be00014137fb,47,0.015368366355567563,0.6803753751223887,0.3252038422041714
5d83b53430e67e0018bf3b38,0,0.0,0.0,0.5
5d83b53430e67e0018bf3b38,1,0.0,0.0,0.5
5d83b53430e67e0018bf3b38,2,0.0,0.0,0.5
5d83b53430e67e0018bf3b38,3,0.0,0.0,0.5
5d83b53430e67e0018bf3b38,4,0.13236280213004337,0.9672576907034236,0.4201713762203455
5d83b53430e67e0018bf3b38,5,0.8542622165860051,0.940513607025879,0.4916826608701221
5d83b53430e67e0018bf3b38,6,0.3657717664619336,0.348438597116777,0.5016716091119261
5d83b53430e67e0018bf3b38,7,0.18377986874402968,0.31419325558394906,0.4874255511853054
5d83b53430e67e0018bf3b38,8,0.04555768913135971,-0.3961037147925408,0.5424912039835511
5d83b53430e67e0018bf3b38,9,0.9818500208883019,0.6447311473295119,0.532466087981119
5d83b53430e67e0018bf3b38,10,0.05123869335799546,-0.8313719882811137,0.5843063413083996
5d83b53430e67e0018bf3b38,11,0.22486192862222432,1.3811546708474451,0.39029968418302824
5d83b53430e67e0018bf3b38,12,-0.5897299898655786,-0.6354808003515784,0.5044121054859072
5d83b53430e67e0018bf3b38,13,0.59904920534743,1.1884761543402647,0.443399161277955
5d83b53430e67e0018bf3b38,14,0.9375788427388385,0.9810503723826555,0.49580769267100366
5d83b53430e67e0018bf3b38,15,1.1242693032768425,1.16849148049651,0.49573530520212905
5d83b53430e67e0018bf3b38,16,0.9478299481348372,0.9007624317426031,0.5045390787693843
5d83b53430e67e0018bf3b38,17,-0.1531691421875444,0.9604028712477606,0.39422837307906333
5d83b53430e67e0018bf3b38,18,0.5078559023390838,-0.3949191123064041,0.5861944601224605
5d83b53430e67e0018bf3b38,19,1.3706235568926874,1.076117894533377,0.5283716928703969
5d83b53430e67e0018bf3b38,20,0.9151054683435618,0.41778847684285547,0.5478148184657556
5d83b53430e67e0018bf3b38,21,2.00035936164555,1.4976141820786935,0.5483334748252138
5d83b53430e67e0018bf3b38,22,0.49458609416912996,2.082795649345699,0.35145052086333256
5d83b53430e67e0018bf3b38,23,2.0797650067602524,0.7801076405756274,0.6227782185440952
5d83b53430e67e0018bf3b38,24,-0.1677353158389206,-0.3896180333331975,0.5213853720498929
5d83b53430e67e0018bf3b38,25,0.1516852959097521,-0.5595457559570413,0.5681642464154256
5d83b53430e67e0018bf3b38,26,-0.2538893559576516,0.07137882846163068,0.4686721438907451
5d83b53430e67e0018bf3b38,27,0.4594125292065793,0.6128272823178444,0.4852089582968266
5d83b53430e67e0018bf3b38,28,0.5775394210397307,-0.564900162569923,0.608427881343234
5d83b53430e67e0018bf3b38,29,1.5167528088160727,1.283584071508873,0.5224717047647189
5d83b53430e67e0018bf3b38,30,0.1403250765520592,0.410025713507017,0.4740134370831057
5d83b53430e67e0018bf3b38,31,0.011385545804233843,0.1970469128174086,0.48210241959018063
5d83b53430e67e0018bf3b38,32,0.3092436348833631,0.34584728708400514,0.4964699929550521
5d83b53430e67e0018bf3b38,33,0.22679616479196862,0.2723187570167279,0.49560990223703427
5d83b53430e67e0018bf3b38,34,0.4210622764294745,0.5073603150082837,0.49167816335706027
5d83b53430e67e0018bf3b38,35,0.7456713305608667,1.2299846420508946,0.45342808673104396
5d83b53430e67e0018bf3b38,36,1.0356442834840625,1.0798955280540665,0.49573250214340864
5d83b53430e67e0018bf3b38,37,0.4315259696438274,0.3418785109551244,0.5086447625883873
5d83b53430e67e0018bf3b38,38,0.34788829071490257,0.6237207355580987,0.4734237178335197
5d83b53430e67e0018bf3b38,39,0.5380924127617535,0.35991021754035013,0.5171771746336651
5d83b53430e67e0018bf3b38,40,0.04761745874519835,0.3834624952588519,0.4676562451874181
5d83b53430e67e0018bf3b38,41,0.49134858085030886,0.31420821216510403,0.5170768185028736
5d83b53430e67e0018bf3b38,42,0.8374588826144249,0.6741704896493717,0.515742370057931
5d83b53430e67e0018bf3b38,43,0.45388726938191015,0.9590069328548456,0.4514396792424291
5d83b53430e67e0018bf3b38,44,0.6642485796332133,0.5786502996395221,0.5082543702867671
5d83b53430e67e0018bf3b38,45,0.5336725324274121,0.23903229503391477,0.5283846295143131
5d83b53430e67e0018bf3b38,46,0.684677478714388,0.6657129177752824,0.5018289390104612
5d83b53430e67e0018bf3b38,47,0.4922618709041128,0.5971211837570496,0.4898887193973118
5dd0dce9ed7ea418f59810e4,0,0.0,0.0,0.5
5dd0dce9ed7ea418f59810e4,1,0.1292661423628204,0.07433336457364956,0.5037740244414413
5dd0dce9ed7ea418f59810e4,2,0.19229193118428056,0.3128618968100786,0.4917171308375935
5dd0dce9ed7ea418f59810e4,3,0.20894146740618502,0.6811402870668097,0.46760354840115864
5dd0dce9ed7ea418f59810e4,4,0.6521837566779963,0.6214666385916385,0.5021103733021484
5dd0dce9ed7ea418f59810e4,5,0.9376034071690256,0.95753736162676,0.498630462995197
5dd0dce9ed7ea418f59810e4,6,0.9718894810945173,1.1207639490166779,0.4897731698198692
5dd0dce9ed7ea418f59810e4,7,-0.7061776170534417,-0.4646193775227846,0.4834100986329336
5dd0dce9ed7ea418f59810e4,8,-0.2332117706533182,0.28515426438406055,0.4644463365553263
5dd0dce9ed7ea418f59810e4,9,1.3003119724278447,1.4434564019756948,0.49016668736873087
5dd0dce9ed7ea418f59810e4,10,-0.09084322418210056,-0.09697790255532529,0.5004214762346256
5dd0dce9ed7ea418f59810e4,11,0.6642187711375995,1.5549479048812684,0.4391071904184586
5dd0dce9ed7ea418f59810e4,12,0.9927066667551201,1.274858325670531,0.48062478707017486
5dd0dce9ed7ea418f59810e4,13,1.082472565819363,0.820137261288747,0.5180156563545335
5dd0dce9ed7ea418f59810e4,14,0.2804761032820598,0.2219170216671059,0.5040231505078653
5dd0dce9ed7ea418f59810e4,15,0.6095084845948635,0.17380204956772194,0.5298990173536824
5dd0dce9ed7ea418f59810e4,16,-0.3186710529362471,0.7112475201824927,0.42970920278741087
5dd0dce9ed7ea418f59810e4,17,0.9001476626356448,0.03967282881811096,0.5588440247719456
5dd0dce9ed7ea418f59810e4,18,0.9281037335577133,-0.06887684035559594,0.5680711545351658
5dd0dce9ed7ea418f59810e4,19,1.0538320185806902,0.8979390274307302,0.5107088187175008
5dd0dce9ed7ea418f59810e4,20,0.29833383949067077,-0.5586876346015676,0.5586100385927409
5dd0dce9ed7ea418f59810e4,21,0.18520587019588625,1.4406716564637703,0.4145901914873674
5dd0dce9ed7ea418f59810e4,22,1.6605071803146947,1.350992666098568,0.5212520426328688
5dd0dce9ed7ea418f59810e4,23,1.1853110573376806,0.13648543116355716,0.5715636456215004
5dd0dce9ed7ea418f59810e4,24,0.554904035604566,1.349887250562225,0.4455977686012057
5dd0dce9ed7ea418f59810e4,25,0.8249517751284076,1.0387581026462525,0.4853148959700044
5dd0dce9ed7ea418f59810e4,26,0.22862160073866322,-0.6682041951813773,0.5613054193749049
5dd0dce9ed7ea418f59810e4,27,0.9236864538626156,1.1730716520361109,0.4828729674174307
5dd0dce9ed7ea418f59810e4,28,-0.11790448913919811,1.3204032216900325,0.40244944582330344
5dd0dce9ed7ea418f59810e4,29,0.47022714533378657,-0.30798792438734357,0.5532635492539283
5dd0dce9ed7ea418f59810e4,30,0.9280430500937875,-0.11224197878305475,0.5709887972595925
5dd0dce9ed7ea418f59810e4,31,0.5931580699630595,0.8919332668372439,0.4794845030563553
5dd0dce9ed7ea418f59810e4,32,0.8790106310880993,1.0186209325452031,0.4904094041410079
5dd0dce9ed7ea418f59810e4,33,1.6503475772085765,0.4843214964331569,0.5794320063383909
5dd0dce9ed7ea418f59810e4,34,-0.3157523191508711,-0.6418536993233432,0.5223894541049972
5dd0dce9ed7ea418f59810e4,35,1.2909129028536777,0.8948501481831161,0.5271842237362852
5dd0dce9ed7ea418f59810e4,36,1.3155265042257112,0.7391134686282461,0.5395192210017936
5dd0dce9ed7ea418f59810e4,37,1.4684304338945022,1.7111173911553652,0.48333263709297514
5dd0dce9ed7ea418f59810e4,38,0.5636362759879054,0.1765642877634554,0.5265683078332916
5dd0dce9ed7ea418f59810e4,39,-0.6443194129809005,-0.19151802489384576,0.46893085894679015
5dd0dce9ed7ea418f59810e4,40,1.5675089843059302,2.047154401931068,0.467094119826535
5dd0dce9ed7ea418f59810e4,41,0.7295360145553359,0.6024335558289532,0.5087315469647614
5dd0dce9ed7ea418f59810e4,42,1.448853169547667,0.4514982155964596,0.5680963989887459
5dd0dce9ed7ea418f59810e4,43,0.1712649044703558,0.985430716295189,0.4442958278384858
5dd0dce9ed7ea418f59810e4,44,-0.2869915475089023,0.009241168704388347,0.47965888980973587
5dd0dce9ed7ea418f59810e4,45,0.4595418193835702,-0.3992194966622787,0.5587279267543465
5dd0dce9ed7ea418f59810e4,46,1.0989188435884258,1.0444547963078774,0.5037418226461978
5dd0dce9ed7ea418f59810e4,47,-0.10126259184552544,0.13737534264785045,0.48361051675777295
5e6473fbc15dbe1f71eea95b,0,0.0,0.0,0.5
5e6473fbc15dbe1f71eea95b,1,0.0,0.0,0.5
5e6473fbc15dbe1f71eea95b,2,0.0,0.0,0.5
5e6473fbc15dbe1f71eea95b,3,0.8907618604021006,1.1394915483083734,0.4774449914434749
5e6473fbc15dbe1f71eea95b,4,0.006781522630471555,-0.10832170290719507,0.510443222826621
5e6473fbc15dbe1f71eea95b,5,1.304500531467683,0.39430475335584425,0.5818502188710175
5e6473fbc15dbe1f71eea95b,6,0.714177047032437,-1.1771606427491674,0.6651874397453558
5e6473fbc15dbe1f71eea95b,7,0.3850602888423788,-0.9080620140992746,0.6152332209781665
5e6473fbc15dbe1f71eea95b,8,1.2275117156798625,1.27323216455859,0.4958513123929032
5e6473fbc15dbe1f71eea95b,9,0.5847019363918904,-0.7411473850517412,0.6180413355247241
5e6473fbc15dbe1f71eea95b,10,-1.1246091295847127,-0.5163814318322331,0.44503104273204797
5e6473fbc15dbe1f71eea95b,11,-0.7136614641291874,0.11629670370946515,0.4252520482395295
5e6473fbc15dbe1f71eea95b,12,0.40512573777121175,0.7094246088685751,0.47241523066560487
5e6473fbc15dbe1f71eea95b,13,-0.03721578419519922,-0.344169489057533,0.5278249356534702
5e6473fbc15dbe1f71eea95b,14,-0.46694536729736236,-0.4142709568986072,0.4952203436879322
5e6473fbc15dbe1f71eea95b,15,0.10474385871826547,0.4623485616458192,0.46759557734357116
5e6473fbc15dbe1f71eea95b,16,1.1744263479679449,-0.4649683179622609,0.6445230925573533
5e6473fbc15dbe1f71eea95b,17,0.10571671471523969,-0.1040649980879432,0.5190269018458372
5e6473fbc15dbe1f71eea95b,18,0.4730193019201323,0.5086368103274086,0.49676802716384977
5e6473fbc15dbe1f71eea95b,19,0.42732235467061563,0.5459781121039509,0.4892345569509022
5e6473fbc15dbe1f71eea95b,20,0.06205516518198623,1.2269664718443225,0.39584038941632677
5e6473fbc15dbe1f71eea95b,21,0.14651741623234343,0.3109340943287844,0.48508486403566203
5e6473fbc15dbe1f71eea95b,22,-0.2665627286003708,-0.3893680598078909,0.5111418045614525
5e6473fbc15dbe1f71eea95b,23,-0.936446804902114,-0.8411231108810353,0.4913509629684593
5e6473fbc15dbe1f71eea95b,24,0.819226656855711,-0.6403390979823467,0.6294313189252394
5e6473fbc15dbe1f71eea95b,25,1.6560854221503973,1.2832930741611268,0.5337765487467975
5e6473fbc15dbe1f71eea95b,26,0.4254389934005987,-0.23945304226601175,0.5600427533328363
5e6473fbc15dbe1f71eea95b,27,1.050971331640154,0.2824005583539233,0.569293147340083
5e6473fbc15dbe1f71eea95b,28,-0.3947863238857533,-1.1301863433079375,0.5663385349602419
5e6473fbc15dbe1f71eea95b,29,-1.159068587067957,-0.30947736401880666,0.42351124843086
5e6473fbc15dbe1f71eea95b,30,-0.9512764481026954,1.0388657958362733,0.3268732740604485
5e6473fbc15dbe1f71eea95b,31,1.4477545985106919,-0.27633990485157045,0.6515351142085493
5e6473fbc15dbe1f71eea95b,32,0.14514527049875642,1.5826885451154564,0.37243506393612724
5e6473fbc15dbe1f71eea95b,33,1.19212569415083,0.2487775914776878,0.5847750075618006
5e6473fbc15dbe1f71eea95b,34,1.309598689533971,-0.3587447675190066,0.6469268326878844
5e6473fbc15dbe1f71eea95b,35,1.6679614712640043,0.6978663139060157,0.5871303701034988
5e6473fbc15dbe1f71eea95b,36,0.5818169894271105,1.4905536108157658,0.4182786458506265
5e6473fbc15dbe1f71eea95b,37,0.2889558831269757,-0.4022425244392036,0.5623940672080402
5e6473fbc15dbe1f71eea95b,38,0.011647111011544531,-0.31493119175613066,0.5295998443627169
5e6473fbc15dbe1f71eea95b,39,1.3760696189483101,1.2579112313697962,0.5107203313545344
5e6473fbc15dbe1f71eea95b,40,0.45712970381983886,-0.18061228970483736,0.557613202985204
5e6473fbc15dbe1f71eea95b,41,-1.8680994595318456,0.03900751208355768,0.3335390094047986
5e6473fbc15dbe1f71eea95b,42,0.7772709963352762,-1.9284563732711957,0.7275240446218375
5e6473fbc15dbe1f71eea95b,43,0.3448490908404892,0.161345193028538,0.5166454289589677
5e6473fbc15dbe1f71eea95b,44,-2.2716416756311175,-0.9439458461223815,0.38180045921115646
5e6473fbc15dbe1f71eea95b,45,-0.34468171971946066,-0.13907022957516701,0.4813509769562168
5e92178e8ee4fe54b65b7c39,0,0.0,0.0,0.5
5e92178e8ee4fe54b65b7c39,1,1.0312461556730537,1.1082343757514828,0.4942241553452416
5e92178e8ee4fe54b65b7c39,2,0.23442396574250102,0.20444556006527353,0.5022491382256522
5e92178e8ee4fe54b65b7c39,3,0.6097948184510585,0.9725280172920429,0.4728124994817228
5e92178e8ee4fe54b65b7c39,4,0.489116699677972,-0.4390317834560254,0.5691883157337749
5e92178e8ee4fe54b65b7c39,5,0.2513659885425857,0.3975099875671992,0.48903718909751626
5e92178e8ee4fe54b65b7c39,6,0.13998260375300037,-0.16297294316237432,0.5227138334779738
5e92178e8ee4fe54b65b7c39,7,0.04596358636652063,-0.27762157752102345,0.5242581705134267
5e92178e8ee4fe54b65b7c39,8,1.2114682067752574,0.20613611804385087,0.5748588530560651
5e92178e8ee4fe54b65b7c39,9,0.23414738573689553,1.2494472132354795,0.42441023681145523
5e92178e8ee4fe54b65b7c39,10,1.31593790738742,0.9449343659441668,0.5278061128345963
5e92178e8ee4fe54b65b7c39,11,0.5429940067978397,0.14860295096678852,0.529555004254549
5e92178e8ee4fe54b65b7c39,12,-0.01585729199379867,0.8963594724219336,0.4319844721645642
5e92178e8ee4fe54b65b7c39,13,0.2570266495203545,0.483667901591486,0.4830026145131018
5e92178e8ee4fe54b65b7c39,14,0.2941589819881742,0.8020468505073236,0.46196891238745486
5e92178e8ee4fe54b65b7c39,15,-0.15196833801358367,0.8597156198576679,0.4246753417341838
5e92178e8ee4fe54b65b7c39,16,-0.17034056171644152,0.8703046756338471,0.4225532148259522
5e92178e8ee4fe54b65b7c39,17,1.418538723590383,1.499336476241694,0.4939383822339149
5e92178e8ee4fe54b65b7c39,18,1.3719110244142192,0.8662299047875516,0.5378664782640117
5e92178e8ee4fe54b65b7c39,19,0.8675421428845556,0.9106986678608039,0.49676219312776815
5e92178e8ee4fe54b65b7c39,20,0.6376658782102909,-0.31357922264202287,0.5708871554620883
5e92178e8ee4fe54b65b7c39,21,-0.19698124365535158,0.48270312034691853,0.44918221908415273
5e92178e8ee4fe54b65b7c39,22,1.0194700053408376,0.8971553955856995,0.5091757192595939
5e92178e8ee4fe54b65b7c39,23,0.4931622250334893,-0.09830971682470425,0.5442594996416998
5e92178e8ee4fe54b65b7c39,24,0.8967144042254465,1.101277457460724,0.4846573147453466
5e92178e8ee4fe54b65b7c39,25,0.9756807932598168,-0.13042964897695053,0.5822330883144837
5e92178e8ee4fe54b65b7c39,26,0.9902976801890697,-0.016907767279937924,0.5749962469906065
5e92178e8ee4fe54b65b7c39,27,0.7198839485453354,0.5026802604034691,0.5162901095422504
5e92178e8ee4fe54b65b7c39,28,-0.14430883741248957,0.6886861834695532,0.4378273341811379
5e92178e8ee4fe54b65b7c39,29,0.7784682420129744,0.53674649228617,0.5181274152672416
5e92178e8ee4fe54b65b7c39,30,1.4669981437035422,1.1525308771216956,0.5235756584452538
5e92178e8ee4fe54b65b7c39,31,0.15058964485138746,0.40642236453109326,0.48081537243376377
5e92178e8ee4fe54b65b7c39,32,0.04648666367344467,0.633499959199419,0.4560724122848897
5e92178e8ee4fe54b65b7c39,33,-0.27516660396189935,0.8621775311368508,0.4154887371602095
5e92178e8ee4fe54b65b7c39,34,0.8935250724010358,0.9051290556870467,0.4991294029335925
5e92178e8ee4fe54b65b7c39,35,0.15588527240217565,0.87470294805695,0.44627830646739375
5e92178e8ee4fe54b65b7c39,36,-0.019488387663329276,-0.16441393984184632,0.5108714395532182
5e92178e8ee4fe54b65b7c39,37,0.9901915498713565,0.9934826447132985,0.49975308304858085
5e92178e8ee4fe54b65b7c39,38,1.459762801222917,0.7517318089252745,0.5529216181043308
5e92178e8ee4fe54b65b7c39,39,0.558765375492377,1.094390084493536,0.4599006402727351
5e92178e8ee4fe54b65b7c39,40,0.7395016562601334,1.037153939333222,0.4776832412237335
5e92178e8ee4fe54b65b7c39,41,1.1638892657667883,1.109387879216974,0.504088918112319
5e92178e8ee4fe54b65b7c39,42,1.09132744053602,0.8715391654847241,0.5164838119143617
5e92178e8ee4fe54b65b7c39,43,0.4671633543017732,0.5707866608864764,0.49222620662962285
5e92178e8ee4fe54b65b7c39,44,0.5308597116979539,0.664137862062448,0.4900020350874408
5e92178e8ee4fe54b65b7c39,45,0.6203958796003962,0.6018417856267204,0.5013920318544798
5e92178e8ee4fe54b65b7c39,46,1.0797997072178438,0.4384902030235931,0.5479667804901789
5e92178e8ee4fe54b65b7c39,47,1.0496806164609616,0.995807013889092,0.504041821240811
5ee7fbc114d0a60f9b076fb6,0,0.0,0.0,0.5
5ee7fbc114d0a60f9b076fb6,1,0.0,0.0,0.5
5ee7fbc114d0a60f9b076fb6,2,0.08431507444071087,0.3442156897422268,0.4431879226140832
5ee7fbc114d0a60f9b076fb6,3,0.09327035082290125,0.09977209098134125,0.498572614404165
5ee7fbc114d0a60f9b076fb6,4,0.06991304763911733,0.15355161997057987,0.4816462709460618
5ee7fbc114d0a60f9b076fb6,5,-0.0475935184930802,-0.07991596043625117,0.5070955797914084
5ee7fbc114d0a60f9b076fb6,6,-0.08918860944980474,0.3718476404758189,0.4001445466015776
5ee7fbc114d0a60f9b076fb6,7,0.37113315153675397,0.16715965967086885,0.5446609141773775
5ee7fbc114d0a60f9b076fb6,8,0.5023336869847197,0.05109547931824085,0.5977884256350888
5ee7fbc114d0a60f9b076fb6,9,0.44120006995261357,0.0038078730925781845,0.5948615050806588
5ee7fbc114d0a60f9b076fb6,10,-0.08912155325398415,0.7756092955741636,0.31878291403057224
5ee7fbc114d0a60f9b076fb6,11,0.1986847331044122,0.10282313757513825,0.5210329974363408
5ee7fbc114d0a60f9b076fb6,12,-0.10650861642079783,-0.13053648226338285,0.5052748724971095
5ee7fbc114d0a60f9b076fb6,13,0.07523651204110007,0.4497408497765778,0.4185145876280826
5ee7fbc114d0a60f9b076fb6,14,0.24396167466527052,0.07194734713006899,0.5376923134481053
5ee7fbc114d0a60f9b076fb6,15,0.5542898707309094,1.150521796887313,0.3720140692365365
5ee7fbc114d0a60f9b076fb6,16,-0.17443551616723266,-0.059601167811020324,0.4748106551932782
5ee7fbc114d0a60f9b076fb6,17,0.8540753301828687,0.017742624546097596,0.6757772238772258
5ee7fbc114d0a60f9b076fb6,18,0.011172339352055,-0.062018975945578786,0.5160628631486894
5ee7fbc114d0a60f9b076fb6,19,0.188173778105638,0.44488770591356613,0.44387860388471606
5ee7fbc114d0a60f9b076fb6,20,0.40391873227442066,0.2721308778972504,0.5289004041944253
5ee7fbc114d0a60f9b076fb6,21,-0.1398327040877647,0.5241128751526619,0.3582312281429412
5ee7fbc114d0a60f9b076fb6,22,0.2761516539482346,-0.2036086734490212,0.6037956198240019
5ee7fbc114d0a60f9b076fb6,23,-0.23524599655972672,0.4569237644452553,0.3525532886560623
5ee7fbc114d0a60f9b076fb6,24,0.45961071454263114,-0.029402777469637112,0.6057378641734479
5ee7fbc114d0a60f9b076fb6,25,-0.0009285894423100433,-0.02750662217019781,0.5058346659728491
5ee7fbc114d0a60f9b076fb6,26,0.0033589905494796624,0.421057814977397,0.409313091919779
5ee7fbc114d0a60f9b076fb6,27,0.021452638587479377,0.04921746733606708,0.49390482238372396
5ee7fbc114d0a60f9b076fb6,28,-0.012202166337759501,-0.2702247118450001,0.5564050517543541
5ee7fbc114d0a60f9b076fb6,29,-0.006450215826403649,0.1617166220879496,0.4631476689192459
5ee7fbc114d0a60f9b076fb6,30,-0.05561743010246889,0.47450446801227175,0.3856745373591373
5ee7fbc114d0a60f9b076fb6,31,0.36051739972012004,0.2216514388793534,0.5304488541974256
5ee7fbc114d0a60f9b076fb6,32,0.5447968367341758,0.24519929272018953,0.5653967392027814
5ee7fbc114d0a60f9b076fb6,33,0.0051652413342458126,0.5321585203571224,0.38632568760227454
5ee7fbc114d0a60f9b076fb6,34,-0.08801151015605807,0.1952984020827207,0.4381211009603111
5ee7fbc114d0a60f9b076fb6,35,0.9411977131528245,0.5068073477560443,0.5942260469860547
5ee7fbc114d0a60f9b076fb6,36,1.1387036893399851,0.062308205686172374,0.7201580580065609
5ee7fbc114d0a60f9b076fb6,37,1.2748863754948894,0.8632401135069059,0.5894012262871741
5ee7fbc114d0a60f9b076fb6,38,0.20640044158877077,0.22412100099982543,0.49610971387207653
5ee7fbc114d0a60f9b076fb6,39,0.09770379911177766,0.17840063867865494,0.48229125780946885
5ee7fbc114d0a60f9b076fb6,40,0.6031367938744171,0.10780693025166999,0.6070617623482022
5ee7fbc114d0a60f9b076fb6,41,1.3651201442590404,1.025637896133655,0.573982674429329
5ee7fbc114d0a60f9b076fb6,42,0.2909030666940924,0.1439036039787323,0.532227463571718
5ee7fbc114d0a60f9b076fb6,43,0.4914619181130362,0.1176245205177727,0.5813428746323189
5ee7fbc114d0a60f9b076fb6,44,0.21188385966289958,0.12241325674790139,0.5196322425719682
5ee7fbc114d0a60f9b076fb6,45,0.04606154545353852,0.045328430582975775,0.5001609477443619
5ee7fbc114d0a60f9b076fb6,46,-0.0013619913613951776,0.5342570561293901,0.38453142364800286
5ee7fbc114d0a60f9b076fb6,47,-0.056333846420379356,0.24313273504663244,0.4346315206262778
602e48dbf732e9962e27fdbd,0,0.0,0.0,0.5
602e48dbf732e9962e27fdbd,1,0.6613969018188113,0.8477303764298935,0.48026108490377906
602e48dbf732e9962e27fdbd,2,1.0962301238957273,0.3388093179310946,0.579595024227597
602e48dbf732e9962e27fdbd,3,0.3675848005163595,0.5430668907593601,0.48140951511755503
602e48dbf732e9962e27fdbd,4,0.0017670460129883617,0.3111470783896885,0.4672562475482081
602e48dbf732e9962e27fdbd,5,0.6130361080133493,0.23940176333329619,0.5395182935769969
602e48dbf732e9962e27fdbd,6,0.4827681890318969,0.48398357756357546,0.49987118296777405
602e48dbf732e9962e27fdbd,7,0.5296698632467105,0.5407657843951019,0.49882396370322113
602e48dbf732e9962e27fdbd,8,1.1180024647736873,0.4549989778633212,0.5698116187978252
602e48dbf732e9962e27fdbd,9,0.3557173221374128,-0.41109657428471813,0.5805650448077637
602e48dbf732e9962e27fdbd,10,0.11262787185133849,0.10489634345239814,0.500819451267877
602e48dbf732e9962e27fdbd,11,-0.30307756300075606,0.27397228070213664,0.4391426572855305
602e48dbf732e9962e27fdbd,12,0.7511867146826969,0.845360192622978,0.49002003333786953
602e48dbf732e9962e27fdbd,13,0.03869241772936011,0.1848855103767111,0.4845101923604397
602e48dbf732e9962e27fdbd,14,0.09351155882333653,0.3663040766518361,0.47111935216560763
602e48dbf732e9962e27fdbd,15,1.0131420226596641,0.17051775690144944,0.5883705657586816
602e48dbf732e9962e27fdbd,16,0.3765518949828669,0.41586044206177,0.4958338480498576
602e48dbf732e9962e27fdbd,17,0.6685399935374204,0.7208976752862006,0.4944509231126888
602e48dbf732e9962e27fdbd,18,0.4284730585108292,-0.14463891537862789,0.5604461157617788
602e48dbf732e9962e27fdbd,19,0.6115098030896148,0.6722776417322558,0.4935596727592168
602e48dbf732e9962e27fdbd,20,1.107645911287051,0.8190997267366307,0.5305444552418648
602e48dbf732e9962e27fdbd,21,-0.83027877016342,0.5986271320222497,0.35302025284838406
602e48dbf732e9962e27fdbd,22,0.9894940805756571,1.2606882914054127,0.4712881922109668
602e48dbf732e9962e27fdbd,23,-1.119166766648368,-1.116979213563602,0.4997681448566376
602e48dbf732e9962e27fdbd,24,-0.8293788083111275,-1.056739756139681,0.5240789730856956
602e48dbf732e9962e27fdbd,25,-0.843218335596918,-0.8551031379907872,0.501259648028591
602e48dbf732e9962e27fdbd,26,1.0359190459731478,1.3610819102619174,0.4655909961433209
602e48dbf732e9962e27fdbd,27,0.675073839329037,1.6331440471493694,0.3998291212665657
602e48dbf732e9962e27fdbd,28,0.7008389546231983,1.0640433686375859,0.4615804423429644
602e48dbf732e9962e27fdbd,29,0.18831715233461702,-0.13529612644074232,0.5342455399607998
602e48dbf732e9962e27fdbd,30,-0.09784484191925169,0.410102349143497,0.44637060142517926
602e48dbf732e9962e27fdbd,31,0.38121504854855415,0.540846027374874,0.4830874291815686
602e48dbf732e9962e27fdbd,32,0.08315735901092025,0.045096597057611265,0.504033910146708
602e48dbf732e9962e27fdbd,33,-0.1606987718127158,0.08777227705354583,0.47368928680736144
602e48dbf732e9962e27fdbd,34,0.07699577875432255,0.14846705050300366,0.4924254567665063
602e48dbf732e9962e27fdbd,35,0.7545919535583188,1.087234527788746,0.46480207516575406
602e48dbf732e9962e27fdbd,36,-0.22550011117684512,0.31570665257507413,0.4428887192681046
602e48dbf732e9962e27fdbd,37,1.1342695451455669,1.0776853396811514,0.5059969794484609
602e48dbf732e9962e27fdbd,38,0.22472221675996662,-0.3736888358588618,0.5630865977911257
602e48dbf732e9962e27fdbd,39,0.4185812942322682,-0.12901497450768895,0.5577795546207162
602e48dbf732e9962e27fdbd,40,-0.3140204076645091,-0.7502737508600122,0.5461064206343186
602e48dbf732e9962e27fdbd,41,-0.24290571460299976,-0.47612024809183234,0.524697908865291
602e48dbf732e9962e27fdbd,42,1.7039677742540258,0.7046163481879266,0.6043631389581402
602e48dbf732e9962e27fdbd,43,-0.5278114284452398,1.054010551846346,0.33835828181814387
602e48dbf732e9962e27fdbd,44,0.21313408700777778,0.6521299117983376,0.45360539536220684
602e48dbf732e9962e27fdbd,45,-0.22284779742535998,-0.5121911896025997,0.5306286337775159
602e48dbf732e9962e27fdbd,46,1.0963140369058606,0.7917621389877695,0.5322341870275095
602e48dbf732e9962e27fdbd,47,0.6552234845061807,0.5304365760353668,0.5132228756673266
60a59d92b7363e85a2945dde,0,0.0,0.0,0.5
60a59d92b7363e85a2945dde,1,0.0715257634287681,0.06900658802058102,0.5010773034062925
60a59d92b7363e85a2945dde,2,-0.034524746060814515,-0.010606781969904774,0.4897731018222263
60a59d92b7363e85a2945dde,3,0.07112832042620011,-0.07009190028730097,0.5600997164139583
60a59d92b7363e85a2945dde,4,-0.019283989543707074,0.17874310268238017,0.41611587882339834
60a59d92b7363e85a2945dde,5,-0.06888134811973368,-0.09418362842841219,0.5108186275880284
60a59d92b7363e85a2945dde,6,-0.010632405618554178,0.06255275063970553,0.4687437675585377
60a59d92b7363e85a2945dde,7,0.09799450032791175,0.08141808746993898,0.5070882945333979
60a59d92b7363e85a2945dde,8,-0.024134743219083994,0.037920659237564866,0.4734873972010602
60a59d92b7363e85a2945dde,9,-0.031150460941410302,-0.1861678627714386,0.5659062179567187
60a59d92b7363e85a2945dde,10,-0.04124479391113637,0.04315449402770594,0.4639698835622002
60a59d92b7363e85a2945dde,11,-0.10711039119057852,0.014174903185872209,0.4483185624617587
60a59d92b7363e85a2945dde,12,0.019544844288102624,-0.12506648520933328,0.5615284426154645
60a59d92b7363e85a2945dde,13,0.05202308029891001,0.07985534176609335,0.4881000051898857
60a59d92b7363e85a2945dde,14,0.0692206269385248,0.3087691111140787,0.39896873016721324
60a59d92b7363e85a2945dde,15,0.01432252179413684,0.35701842024458874,0.3575061767904445
60a59d92b7363e85a2945dde,16,0.2086027552958764,0.4160116844299787,0.4122220616115735
60a59d92b7363e85a2945dde,17,0.9423312801566842,0.5697597791531421,0.6541448595523887
60a59d92b7363e85a2945dde,18,0.25033629072676533,0.909720352521671,0.2445449524877874
60a59d92b7363e85a2945dde,19,0.29216024421743336,-0.044120369364027606,0.6399692730060528
60a59d92b7363e85a2945dde,20,0.2247918120994129,0.5055447364687826,0.3821938233241174
60a59d92b7363e85a2945dde,21,0.3451362111213637,0.23092117327469797,0.5486883680952426
60a59d92b7363e85a2945dde,22,0.7518821109479004,0.4188347857592183,0.6386939545436328
60a59d92b7363e85a2945dde,23,0.7055740993470061,0.726702675843173,0.49096551784296727
60a59d92b7363e85a2945dde,24,0.7956619502071964,0.22490142155880496,0.7263783226974293
60a59d92b7363e85a2945dde,25,0.05457113226251194,0.16947097970183733,0.4510215720765945
60a59d92b7363e85a2945dde,26,0.6795351017026979,0.25538410254665833,0.6738255820416194
60a59d92b7363e85a2945dde,27,0.45680582690251115,0.3840768753788175,0.5310618978140847
60a59d92b7363e85a2945dde,28,0.18039409411090748,0.10316434018501466,0.532978733599645
60a59d92b7363e85a2945dde,29,0.33473538874306563,0.1469889884062807,0.5796052076679437
60a59d92b7363e85a2945dde,30,0.3656852568229042,0.43641489948896744,0.4697898804575711
60a59d92b7363e85a2945dde,31,0.4899720311938517,0.21513360115148894,0.6154144693329624
60a59d92b7363e85a2945dde,32,-0.03071355229569067,0.2317454675585857,0.38960950405682865
60a59d92b7363e85a2945dde,33,0.021384459295504393,0.09854370611829646,0.4670512871424974
60a59d92b7363e85a2945dde,34,-0.13229831919400298,0.015978078369183385,0.43692855497906247
60a59d92b7363e85a2945dde,35,0.538866792285631,0.5547434413019373,0.49321089619861047
60a59d92b7363e85a2945dde,36,0.042194419858944676,0.029256655248187186,0.5055325050260993
60a59d92b7363e85a2945dde,37,0.6882246294817652,0.003972279324303413,0.7632281574779889
60a59d92b7363e85a2945dde,38,0.40672319854720235,-0.001668087402491067,0.6678730813789546
60a59d92b7363e85a2945dde,39,0.3911250174893424,0.41443507149830383,0.49003296365309224
60a59d92b7363e85a2945dde,40,-0.05641449461920951,-0.038548780549617204,0.4923604658383961
60a59d92b7363e85a2945dde,41,-0.15703268180850932,-0.14330673467852917,0.4941304789003817
60a59d92b7363e85a2945dde,42,0.3025026284415508,0.13759469344144942,0.5700576094791225
60a59d92b7363e85a2945dde,43,0.7091446807623799,0.40593864422570214,0.62683308442551
60a59d92b7363e85a2945dde,44,0.7366561304763185,0.6849993079376318,0.5220762618127421
60a59d92b7363e85a2945dde,45,0.4031059134461341,0.4100949386897772,0.49701123524338514
60a59d92b7363e85a2945dde,46,0.4002187604598745,-0.0726313407107455,0.6918627184788861
60a59d92b7363e85a2945dde,47,0.6377355369529294,0.16247422537230027,0.6927413270139855
60fcd2ade28cc412d542108c,0,0.0,0.0,0.5
60fcd2ade28cc412d542108c,1,0.0,0.0,0.5
60fcd2ade28cc412d542108c,2,1.5349605410397649,1.3013204545069619,0.5272082065092187
60fcd2ade28cc412d542108c,3,0.49620732960033626,0.8674928214523805,0.45682752298160556
60fcd2ade28cc412d542108c,4,0.3734359755549053,1.0579074707769531,0.4208825036988992
60fcd2ade28cc412d542108c,5,-1.2475872579397347,-0.6482475295815975,0.4305869295231103
60fcd2ade28cc412d542108c,6,0.0012818867304146275,-0.13451552248672066,0.5158244343615054
60fcd2ade28cc412d542108c,7,-1.014117395835704,-0.8885521999482032,0.4853672139454969
60fcd2ade28cc412d542108c,8,2.2733764636061946,0.22067137994737454,0.7225456659011461
60fcd2ade28cc412d542108c,9,-0.3208485931692262,-0.12272210823904806,0.4769210737817415
60fcd2ade28cc412d542108c,10,-0.4248297634490641,0.1607541658723468,0.43216021586858266
60fcd2ade28cc412d542108c,11,1.3724278488402597,-0.58669856300907,0.7137139787467703
60fcd2ade28cc412d542108c,12,-0.17072522726069728,-0.7641881352366526,0.5687410928674493
60fcd2ade28cc412d542108c,13,0.2951220618781284,1.0847244626480377,0.4089829126674712
60fcd2ade28cc412d542108c,14,1.8994483630403203,1.802154974949445,0.5113394145206094
60fcd2ade28cc412d542108c,15,-0.2766616301657633,-2.6566805387222168,0.7520810822476773
60fcd2ade28cc412d542108c,16,0.4908658491770735,0.4164429098803201,0.5086745113112783
60fcd2ade28cc412d542108c,17,-0.44081161945034825,-0.8386580376218836,0.5462438835947315
60fcd2ade28cc412d542108c,18,0.8338413429416494,1.700932849926045,0.40027899699636715
60fcd2ade28cc412d542108c,19,1.185087911587922,1.0135416199736262,0.5199862651995425
60fcd2ade28cc412d542108c,20,2.043258925037241,0.4977832510479735,0.672742665360491
60fcd2ade28cc412d542108c,21,0.7820216193352485,1.4309254463837302,0.4249299861050844
60fcd2ade28cc412d542108c,22,2.369539101536623,1.7868845452907518,0.5675045662074979
60fcd2ade28cc412d542108c,23,2.134538583555363,0.5084235265075427,0.6809663190215608
60fcd2ade28cc412d542108c,24,1.077652135736721,1.0642396467583985,0.5015634706763591
60fcd2ade28cc412d542108c,25,-0.9439731750320841,-0.549255349731286,0.4541177169873971
60fcd2ade28cc412d542108c,26,-0.684845352539404,0.1887030626721296,0.3995564805321024
60fcd2ade28cc412d542108c,27,1.8129659145283192,0.2634970352448573,0.6731524559495285
60fcd2ade28cc412d542108c,28,0.2312036228569454,0.8824694227565556,0.4246608829289142
60fcd2ade28cc412d542108c,29,-0.49859389658431696,0.4886220468128433,0.3869114008948073
60fcd2ade28cc412d542108c,30,0.042292246405680634,-0.06537984615184511,0.5125485551557392
60fcd2ade28cc412d542108c,31,1.4924808994883085,1.0315214515598252,0.5535275150904839
60fcd2ade28cc412d542108c,32,0.012215116907307255,-1.5685015292970412,0.676350006931892
60fcd2ade28cc412d542108c,33,0.22947067984429337,0.5378209490832238,0.4641178147898426
60fcd2ade28cc412d542108c,34,1.0263343429676737,1.3366096083806087,0.46389458344182316
60fcd2ade28cc412d542108c,35,-1.8628586095378132,-0.5721350155084891,0.3539247547335414
60fcd2ade28cc412d542108c,36,0.8256011397507131,0.526424854634,0.5348181320791188
60fcd2ade28cc412d542108c,37,2.0909690723110512,1.4683989877923804,0.5720667914783749
60fcd2ade28cc412d542108c,38,-0.5694814080189905,-2.063835595371522,0.6674733413730167
60fcd2ade28cc412d542108c,39,3.23136140796253,2.2604626027894206,0.6112822892007082
60fcd2ade28cc412d542108c,40,-1.3640389417434413,-1.5083097268639087,0.5168111120437248
60fcd2ade28cc412d542108c,41,-0.6012830484583793,1.3201437560186484,0.2898911960153074
60fcd2ade28cc412d542108c,42,2.211645145102091,1.9169308830264615,0.5343004849813581
60fcd2ade28cc412d542108c,43,-2.983448908099169,-1.6364284890884708,0.34794569657409247
60fcd2ade28cc412d542108c,44,0.5906321526699043,2.520046841496881,0.289125082312568
60fcd2ade28cc412d542108c,45,3.324585926547451,2.186488102504748,0.6296384606715462
60fcd2ade28cc412d542108c,46,2.4376589545642755,1.7599237136819992,0.5783517315283918
60fcd2ade28cc412d542108c,47,-0.3331193825502344,-3.215434527970013,0.7931388285423691
612376826a580ca0368bb19f,0,0.0,0.0,0.5
612376826a580ca0368bb19f,1,0.0,0.0,0.5
612376826a580ca0368bb19f,2,0.0,0.0,0.5
612376826a580ca0368bb19f,3,0.0,0.0,0.5
612376826a580ca0368bb19f,4,0.0,0.0,0.5
612376826a580ca0368bb19f,5,0.0,0.0,0.5
612376826a580ca0368bb19f,6,0.0,0.0,0.5
612376826a580ca0368bb19f,7,0.0,0.0,0.5
612376826a580ca0368bb19f,8,0.0,0.0,0.5
612376826a580ca0368bb19f,9,0.11392218853650322,0.01812939393742536,0.5423233638459043
612376826a580ca0368bb19f,10,0.10343722338683961,0.10762693706109276,0.49814446064548396
612376826a580ca0368bb19f,11,0.10334324448070625,-0.0018555502464250306,0.546456251843374
612376826a580ca0368bb19f,12,0.33861497234093985,0.4950783070071215,0.43114550623384384
612376826a580ca0368bb19f,13,0.29130280725398083,0.5209962117585456,0.3996537318704629
612376826a580ca0368bb19f,14,0.6720271154377946,0.6575028220825907,0.5064321901132033
612376826a580ca0368bb19f,15,0.5771857361847565,0.3838324143924489,0.5848051186397528
612376826a580ca0368bb19f,16,0.5411654952058502,0.33167796519879,0.5917278537027991
612376826a580ca0368bb19f,17,0.5754297517587585,0.5029373872253047,0.5320614960719038
612376826a580ca0368bb19f,18,0.29414827371715846,0.3451315035122742,0.4774357927933093
612376826a580ca0368bb19f,19,0.914783951823537,1.262584218034971,0.3506604002429486
612376826a580ca0368bb19f,20,0.07280415408903343,0.5907334639066827,0.2854622915995308
612376826a580ca0368bb19f,21,0.8204645531519771,0.8376360855218894,0.4923956274776568
612376826a580ca0368bb19f,22,0.30421400633005863,-0.007039483423493864,0.634458950344062
612376826a580ca0368bb19f,23,-0.218042170022801,0.0252969283133916,0.39386803316744834
612376826a580ca0368bb19f,24,-0.0760671358678598,0.09912720948706219,0.42302649401524556
612376826a580ca0368bb19f,25,-0.3159830986070409,-0.2858175552623362,0.48664340872537093
612376826a580ca0368bb19f,26,-0.29136562078204686,-0.28531331651432873,0.49731957035738195
612376826a580ca0368bb19f,27,0.5932352611583144,0.3916167546555453,0.588355842062015
612376826a580ca0368bb19f,28,-0.031304297208920875,0.12708400520828803,0.4303093374630518
612376826a580ca0368bb19f,29,0.17241993411667927,-0.0885363901488517,0.6135575742059958
612376826a580ca0368bb19f,30,0.13304806735842506,-0.0887454173011803,0.5969837904491089
612376826a580ca0368bb19f,31,0.028414396031917893,0.366864140017298,0.3544414118432458
612376826a580ca0368bb19f,32,0.0701485597381005,0.7374138954886966,0.23467865471299407
612376826a580ca0368bb19f,33,0.3923391408977168,0.8813945838599184,0.2960091503632105
612376826a580ca0368bb19f,34,0.748171714918171,-0.32060351860305475,0.869138654198963
612376826a580ca0368bb19f,35,0.46974931307367374,0.5823482880597678,0.45029666013238256
612376826a580ca0368bb19f,36,0.6492751547375182,0.4790370239292775,0.5748290745457273
612376826a580ca0368bb19f,37,0.9622652384625842,0.33171251844312155,0.7534394878496905
612376826a580ca0368bb19f,38,0.2251635297897391,0.4424643039985455,0.40493255745640433
612376826a580ca0368bb19f,39,0.4263470804097473,0.4272778311065616,0.49958778756292394
612376826a580ca0368bb19f,40,1.0289829520352876,0.3921857994911698,0.7554887258050169
612376826a580ca0368bb19f,41,0.4500564145052822,0.9522215390908199,0.2911925561448811
612376826a580ca0368bb19f,42,-0.2730949680976639,-0.24658097520447286,0.4882595938858882
612376826a580ca0368bb19f,43,0.3190694877261478,-0.14241478970915927,0.6937121848757469
612376826a580ca0368bb19f,44,0.3131206645394885,0.34166025473874195,0.4873630270829001
612376826a580ca0368bb19f,45,-0.10284065504801107,0.7221220192326485,0.18824660387852815
612376826a580ca0368bb19f,46,0.8555781215873824,0.8892447887512508,0.48509406456233894
612376826a580ca0368bb19f,47,0.5798883697891136,0.6265127389238018,0.4793626474165641
615ab5adc70f6edcacba5860,0,0.0,0.0,0.5
615ab5adc70f6edcacba5860,1,0.3072750086431443,0.12460044217266264,0.6496940035572418
615ab5adc70f6edcacba5860,2,0.018288960587347317,0.3305461619301211,0.2581006021112129
615ab5adc70f6edcacba5860,3,0.03336941040654794,0.011759263087519357,0.5182599741216222
615ab5adc70f6edcacba5860,4,0.16390991421492368,0.32171533266124697,0.36967715138109275
615ab5adc70f6edcacba5860,5,0.1211361347870822,0.4194836193504061,0.2672088845187767
615ab5adc70f6edcacba5860,6,0.14388509395410118,0.20052224253240802,0.45226769100467606
615ab5adc70f6edcacba5860,7,0.05344447123076836,0.2759678467554504,0.3202901067042249
615ab5adc70f6edcacba5860,8,0.0429833501927592,0.33653565173202316,0.2703957571680705
615ab5adc70f6edcacba5860,9,0.30520495852099827,0.17325318663197165,0.6097307913143116
615ab5adc70f6edcacba5860,10,0.08618079006050465,0.16939235175345255,0.43011769786225407
615ab5adc70f6edcacba5860,11,0.10790239293225051,0.12218075133813211,0.48793216000026307
615ab5adc70f6edcacba5860,12,0.27129285139489523,0.12560417155467185,0.6207259464460174
615ab5adc70f6edcacba5860,13,0.16924815025486,0.4076175295849752,0.3087391566320875
615ab5adc70f6edcacba5860,14,0.0621200486583998,0.306711281000043,0.30426728794859337
615ab5adc70f6edcacba5860,15,0.31199468569459654,0.25424454314081174,0.5486644332781063
615ab5adc70f6edcacba5860,16,0.1611208310306675,0.23831740851494432,0.4351100511053411
615ab5adc70f6edcacba5860,17,0.3280527743450067,0.21943617070966537,0.5908004522958697
615ab5adc70f6edcacba5860,18,0.28912472760220065,0.30617683100968945,0.48558902803855347
615ab5adc70f6edcacba5860,19,0.25276816607933034,0.11396731130282692,0.615227577049494
615ab5adc70f6edcacba5860,20,0.19674544679425116,0.19121806441438488,0.5046724265513641
615ab5adc70f6edcacba5860,21,0.17630548866940476,0.19778169963095033,0.48185309865985
615ab5adc70f6edcacba5860,22,0.3308544258758551,0.502613324539008,0.3587521505698034
615ab5adc70f6edcacba5860,23,0.3041432504343917,0.35076350994849403,0.46067106166662475
615ab5adc70f6edcacba5860,24,0.2799982144082412,0.25269201324075585,0.5230668616371509
615ab5adc70f6edcacba5860,25,0.2088993515724234,0.2629734196715203,0.45441551530722635
615ab5adc70f6edcacba5860,26,0.2798459067245289,0.2807591491346837,0.49922799281538793
615ab5adc70f6edcacba5860,27,0.3159979608774662,0.3509115696327152,0.470520076233129
615ab5adc70f6edcacba5860,28,0.3644249185995595,0.28815191291324954,0.5641222040691822
615ab5adc70f6edcacba5860,29,0.30143277870267166,0.20087665679928227,0.5841953164574414
615ab5adc70f6edcacba5860,30,0.4449688292232854,0.42972746031382714,0.5128814122484172
615ab5adc70f6edcacba5860,31,0.3161113928030632,0.2794829575361521,0.5309242589955807
615ab5adc70f6edcacba5860,32,0.23837166187593573,0.2529343501399755,0.4876919450970537
615ab5adc70f6edcacba5860,33,0.3097652333340309,0.21351394434316315,0.5806551452694786
615ab5adc70f6edcacba5860,34,0.1790195564232543,0.23072335190309412,0.45640328215362597
615ab5adc70f6edcacba5860,35,0.025196041270811737,0.047394190236093404,0.4812436408895854
615ab5adc70f6edcacba5860,36,0.23321839145914572,0.23718289324643183,0.49664866586668116
615ab5adc70f6edcacba5860,37,0.20241969042146557,0.16992244015060676,0.5274438812937408
615ab5adc70f6edcacba5860,38,0.15571289640430425,0.12632453276554106,0.5248229752437474
615ab5adc70f6edcacba5860,39,0.14160133281807447,0.29566178159666445,0.37263272014767157
615ab5adc70f6edcacba5860,40,0.21853481518924467,0.12186753841454785,0.5809976104653629
615ab5adc70f6edcacba5860,41,0.30634622814409573,0.2194600740371135,0.5729252516385268
615ab5adc70f6edcacba5860,42,0.1218968475543484,0.16630491472805328,0.4625301023992407
615ab5adc70f6edcacba5860,43,0.3587902383601046,0.24888247657010348,0.5918555148078675
615ab5adc70f6edcacba5860,44,0.3783406558190063,0.21934567084321727,0.631259637689648
615ab5adc70f6edcacba5860,45,0.1210646210897964,0.1289528280902976,0.4933321139863614
615ab5adc70f6edcacba5860,46,0.22925420384329498,0.48679798831726867,0.2950760790563738
615ab5adc70f6edcacba5860,47,0.08413397471391704,0.17390797938479308,0.42468715932299306
6162fc52fa68079d28dc5be9,0,0.0,0.0,0.5
6162fc52fa68079d28dc5be9,1,0.0,0.0,0.5
6162fc52fa68079d28dc5be9,2,0.033598336073206385,0.2683752893966317,0.41032130443928133
6162fc52fa68079d28dc5be9,3,0.024227900610265585,0.018284269060371942,0.5022951222695422
6162fc52fa68079d28dc5be9,4,0.008771005583435732,0.1644993225205806,0.4401536527749513
6162fc52fa68079d28dc5be9,5,0.003647723526564584,0.12119342061262847,0.4547339087212107
6162fc52fa68079d28dc5be9,6,0.03729472447422294,0.08268782731835944,0.4824785920223097
6162fc52fa68079d28dc5be9,7,0.044471105927018376,0.18375432883598147,0.4464221555951998
6162fc52fa68079d28dc5be9,8,0.17244778435321265,0.0071074253150532184,0.5635015555296972
6162fc52fa68079d28dc5be9,9,0.20834094066696757,0.07562280581539076,0.5510704983391717
6162fc52fa68079d28dc5be9,10,0.08047108546551751,0.1435893930801653,0.4756460986450336
6162fc52fa68079d28dc5be9,11,0.13752111664959113,0.1997910353258927,0.4759729379115793
6162fc52fa68079d28dc5be9,12,0.11889798291943919,0.12429527561450415,0.49791584289583996
6162fc52fa68079d28dc5be9,13,0.14216697801566572,0.1259968322040501,0.5062437910067821
6162fc52fa68079d28dc5be9,14,0.33432460586439744,0.28888807869806454,0.5175381557055306
6162fc52fa68079d28dc5be9,15,0.15810729663975542,0.32955715411640885,0.4341787169562916
6162fc52fa68079d28dc5be9,16,0.136626540869347,0.14483456554066063,0.4968305067305568
6162fc52fa68079d28dc5be9,17,0.31170648924629685,0.10775521372082084,0.5781110463610891
6162fc52fa68079d28dc5be9,18,0.2661283640756435,0.08212817542484224,0.5705774009410778
6162fc52fa68079d28dc5be9,19,0.4228933711952826,0.09909008724914325,0.6224940303857441
6162fc52fa68079d28dc5be9,20,0.3654924340613292,0.1255940114138907,0.5915913689685979
6162fc52fa68079d28dc5be9,21,0.21468388662725008,0.30254706080384586,0.46612353979531035
6162fc52fa68079d28dc5be9,22,0.40771757873223835,0.44809790612846656,0.48441215516714536
6162fc52fa68079d28dc5be9,23,0.6352843223012565,0.6103333660458834,0.5096336406681277
6162fc52fa68079d28dc5be9,24,0.605619530267997,0.2900252110408943,0.6195097912258486
6162fc52fa68079d28dc5be9,25,0.36624786941591736,0.3704538953968321,0.49837584519466743
6162fc52fa68079d28dc5be9,26,0.37698156173769715,0.3879684411649143,0.49575750896082466
6162fc52fa68079d28dc5be9,27,0.668547396766876,0.2996944701798483,0.6387012151131505
6162fc52fa68079d28dc5be9,28,0.6404542608963353,0.40054407113700996,0.5915957603675099
6162fc52fa68079d28dc5be9,29,0.345292576091297,0.30821450374210885,0.5143138170641673
6162fc52fa68079d28dc5be9,30,0.13747653650541905,0.5218025429723491,0.35580210908157206
6162fc52fa68079d28dc5be9,31,0.21421059275159982,0.1330775122448551,0.5312886706200823
6162fc52fa68079d28dc5be9,32,0.29054744090435164,0.07773983351093158,0.5814438499720812
6162fc52fa68079d28dc5be9,33,0.35419668278984084,0.5226452299712552,0.43531793658326784
6162fc52fa68079d28dc5be9,34,0.09428335389308068,0.1538362844223596,0.4770197864857649
6162fc52fa68079d28dc5be9,35,0.17111928219484226,0.3625846511680237,0.4265996784975791
6162fc52fa68079d28dc5be9,36,0.14660776219814015,0.12299429286298583,0.5091173505910344
6162fc52fa68079d28dc5be9,37,0.14736637058915333,0.4920728651735264,0.3699491825829931
6162fc52fa68079d28dc5be9,38,0.33551350310099765,0.3630162757091563,0.48938137775142176
6162fc52fa68079d28dc5be9,39,0.029863436661586064,0.10632277031066023,0.4705094317046269
6162fc52fa68079d28dc5be9,40,-0.008517232788655096,0.08870301310941957,0.46252870766790927
6162fc52fa68079d28dc5be9,41,0.08590762165967512,0.06768597772525775,0.5070358388886743
6162fc52fa68079d28dc5be9,42,0.2441462114497831,0.11869563743497899,0.5482918380224143
6162fc52fa68079d28dc5be9,43,0.15913196749101516,0.3628554058180584,0.42197478835539354
6162fc52fa68079d28dc5be9,44,0.36107437900193456,0.20260938720241156,0.5608877119280432
6162fc52fa68079d28dc5be9,45,0.2495290671645737,0.42809466169556176,0.431480565968956
6162fc52fa68079d28dc5be9,46,0.48110211422708793,0.07787442608820039,0.6508612008654479
6162fc52fa68079d28dc5be9,47,0.487753345307259,0.466425152660174,0.5082351549966535
63039f41fa5c21d483996be2,0,0.0,0.0,0.5
63039f41fa5c21d483996be2,1,0.0,0.0,0.5
63039f41fa5c21d483996be2,2,0.0,0.0,0.5
63039f41fa5c21d483996be2,3,0.0,0.0,0.5
63039f41fa5c21d483996be2,4,0.0,0.0,0.5
63039f41fa5c21d483996be2,5,0.0,0.0,0.5
63039f41fa5c21d483996be2,6,0.0,0.0,0.5
63039f41fa5c21d483996be2,7,0.0,0.0,0.5
63039f41fa5c21d483996be2,8,0.10938653666843928,0.0309548978572096,0.5157226718683908
63039f41fa5c21d483996be2,9,0.3478824720101484,0.21676526055012973,0.5262686598834544
63039f41fa5c21d483996be2,10,0.13737896746300687,0.11182569990773245,0.5051240045364379
63039f41fa5c21d483996be2,11,0.5091035103322318,0.8028982383503802,0.4413566348898662
63039f41fa5c21d483996be2,12,0.898977620310655,0.9823162838955806,0.48329436000670295
63039f41fa5c21d483996be2,13,-0.24779857125386726,-0.3885632182695374,0.5281975137671189
63039f41fa5c21d483996be2,14,0.6571939607127524,0.7602150046859664,0.4793529894851099
63039f41fa5c21d483996be2,15,0.7978977214376131,0.8232058955222108,0.49492513882198497
63039f41fa5c21d483996be2,16,0.051847161434803946,-0.22451465180045135,0.5551928672133647
63039f41fa5c21d483996be2,17,0.4934757822093784,0.46727678457451327,0.5052534785198322
63039f41fa5c21d483996be2,18,1.2169245745092123,0.46951001337085635,0.6455452620929447
63039f41fa5c21d483996be2,19,-0.39278936486107796,0.4592007011031636,0.335503647196136
63039f41fa5c21d483996be2,20,0.601244434862944,0.37601001377355137,0.5450436943877838
63039f41fa5c21d483996be2,21,1.1651072363890906,1.2570515337709602,0.48157080857627427
63039f41fa5c21d483996be2,22,-0.7195498361584993,-0.29048170367916953,0.41479852493069785
63039f41fa5c21d483996be2,23,0.49958083337914416,0.3174950385171126,0.5364488027456905
63039f41fa5c21d483996be2,24,0.23354027769350788,0.11639618978269009,0.5234735768155376
63039f41fa5c21d483996be2,25,0.020489117045906835,0.0828969504061148,0.487488001135862
63039f41fa5c21d483996be2,26,0.8076343508899254,-0.11984853789613154,0.6778591637705613
63039f41fa5c21d483996be2,27,0.6623877401732856,1.0301235424575035,0.4267881771528731
63039f41fa5c21d483996be2,28,-0.06943720675894022,-0.30709856774486166,0.5475143085162183
63039f41fa5c21d483996be2,29,0.6385951691074346,0.3160887806864759,0.5643137893989895
63039f41fa5c21d483996be2,30,-0.17278661915299864,-0.582835262036214,0.5814935054132696
63039f41fa5c21d483996be2,31,-0.22433692760701474,-0.6647413287547327,0.5874069985186257
63039f41fa5c21d483996be2,32,-0.19080796769679192,-0.12697478413519248,0.48720235947575774
63039f41fa5c21d483996be2,33,0.23816946906801068,-0.12112525971792903,0.5715546144223941
63039f41fa5c21d483996be2,34,-0.14644697759099123,0.18443394933013096,0.43403537280207233
63039f41fa5c21d483996be2,35,0.3377269137609422,0.03945143964380926,0.559529338963348
63039f41fa5c21d483996be2,36,-0.3835914726391639,0.021573662851745164,0.4194600705204295
63039f41fa5c21d483996be2,37,0.7424225238848855,0.6882843584209737,0.5108545934654903
63039f41fa5c21d483996be2,38,-0.06137212553847689,0.16747235948360523,0.45423835062903434
63039f41fa5c21d483996be2,39,-0.06813181041674979,0.7199525178387622,0.3470262236617575
63039f41fa5c21d483996be2,40,-0.12234948469460569,-0.1508495434215248,0.5057148536015244
63039f41fa5c21d483996be2,41,0.06377999832461866,0.8679919108798524,0.34410071766991834
63039f41fa5c21d483996be2,42,0.04426914838080847,-0.07037535202203478,0.5229734171674792
63039f41fa5c21d483996be2,43,0.6010248901952112,-0.023507612670397617,0.6226822669585413
63039f41fa5c21d483996be2,44,0.062196207202550445,0.026374499077644317,0.5071828149913614
63039f41fa5c21d483996be2,45,0.013621257358863076,-0.11837175489320556,0.526443795786079
63039f41fa5c21d483996be2,46,-0.542796771276833,-0.3199938126786746,0.4554399708314421
63039f41fa5c21d483996be2,47,0.4150334598193893,0.7638784263772325,0.4304991748539595
650f65aac58fe4dc08bbe23f_2,0,0.0,0.0,0.5
650f65aac58fe4dc08bbe23f_2,1,0.32491788463546756,0.33852525962947716,0.496197173163308
650f65aac58fe4dc08bbe23f_2,2,0.10511079926539599,0.09749571364282325,0.5021282014715721
650f65aac58fe4dc08bbe23f_2,3,0.049065697091631444,-0.0034222594322889034,0.5146647836268178
650f65aac58fe4dc08bbe23f_2,4,0.030949906463734748,0.027600170808865728,0.5009361611181914
650f65aac58fe4dc08bbe23f_2,5,-0.017417489876070107,-0.015180906427826397,0.4993749346117156
650f65aac58fe4dc08bbe23f_2,6,0.4619639711326351,0.6414955942306917,0.4499934165635035
650f65aac58fe4dc08bbe23f_2,7,-0.00284323989410629,0.6318499103797477,0.32970500813808545
650f65aac58fe4dc08bbe23f_2,8,0.026225757455061498,-3.177361976813148e-05,0.5073377562021426
650f65aac58fe4dc08bbe23f_2,9,0.18933238129163177,0.46006273570422684,0.42491033562002245
650f65aac58fe4dc08bbe23f_2,10,0.12286671903931115,0.2660478586463371,0.4600698847348279
650f65aac58fe4dc08bbe23f_2,11,0.7184070284943268,0.2759222995087359,0.621201464127397
650f65aac58fe4dc08bbe23f_2,12,0.7569885750306335,0.7133196107060975,0.5122018934118036
650f65aac58fe4dc08bbe23f_2,13,0.45183890561000184,0.5461715332703388,0.47366093834009154
650f65aac58fe4dc08bbe23f_2,14,0.8068452404567257,0.43897568393326863,0.6013849570601258
650f65aac58fe4dc08bbe23f_2,15,0.7273071588225146,0.3298528170778353,0.6092859558111513
650f65aac58fe4dc08bbe23f_2,16,0.6569618241135337,0.6837056919031201,0.4925263554119122
650f65aac58fe4dc08bbe23f_2,17,0.7677922486607178,0.401607880387876,0.6009332695756618
650f65aac58fe4dc08bbe23f_2,18,0.5829495223406587,0.9555963590211529,0.39733551020003854
650f65aac58fe4dc08bbe23f_2,19,0.9575015396778361,0.45001148603930613,0.6381445503620548
650f65aac58fe4dc08bbe23f_2,20,0.050146730263680536,0.5267821007825004,0.36985760351424246
650f65aac58fe4dc08bbe23f_2,21,0.42085311298549655,0.392930663291426,0.5078029500690157
650f65aac58fe4dc08bbe23f_2,22,0.8176875034132636,0.48182480432265595,0.5927773655792447
650f65aac58fe4dc08bbe23f_2,23,0.6560278668965669,0.04454220796725781,0.6645363668695574
650f65aac58fe4dc08bbe23f_2,24,-0.040833273375992574,-0.23122939529469952,0.5530106896563567
650f65aac58fe4dc08bbe23f_2,25,0.7057137827634802,0.6634741178160853,0.5118026723628425
650f65aac58fe4dc08bbe23f_2,26,0.440013587799159,-0.3171353588103349,0.6998139662147388
650f65aac58fe4dc08bbe23f_2,27,-0.2082477496991179,-0.3775446738917098,0.5471732773833949
650f65aac58fe4dc08bbe23f_2,28,-0.35712125686172747,0.13397056496587875,0.3660991115184401
650f65aac58fe4dc08bbe23f_2,29,0.14709213792903458,0.1799440945830003,0.4908197817965555
650f65aac58fe4dc08bbe23f_2,30,0.40430908274499766,0.5841108679932475,0.4499186697725321
650f65aac58fe4dc08bbe23f_2,31,0.2153773626866291,0.34226774723722875,0.46459684880718516
650f65aac58fe4dc08bbe23f_2,32,0.34069675957202683,0.8421567184698928,0.3634135012932151
650f65aac58fe4dc08bbe23f_2,33,0.040157107103703,0.020105179708003185,0.5056037468777391
650f65aac58fe4dc08bbe23f_2,34,0.10583416946250573,0.3876681856718052,0.42188000878739473
650f65aac58fe4dc08bbe23f_2,35,0.167883531185949,-0.01372972070525015,0.5505824570320339
650f65aac58fe4dc08bbe23f_2,36,0.3891978160441981,0.35222935737255995,0.51033023282691
650f65aac58fe4dc08bbe23f_2,37,0.19647109368499813,0.32494725500172716,0.46415591598670297
650f65aac58fe4dc08bbe23f_2,38,0.4985606742186749,0.6286191044904313,0.46371601437543786
650f65aac58fe4dc08bbe23f_2,39,0.012400325336545337,0.008231111996563206,0.501165182366609
650f65aac58fe4dc08bbe23f_2,40,0.2940587293796193,0.10621386198475012,0.5523055901926259
650f65aac58fe4dc08bbe23f_2,41,0.13019732894543462,0.03284586696352591,0.5271803289447969
650f65aac58fe4dc08bbe23f_2,42,0.033023330468660794,-0.09874658245746189,0.5367597475759535
650f65aac58fe4dc08bbe23f_2,43,0.21363139987167193,0.19264778980660907,0.5058640932076827
650f65aac58fe4dc08bbe23f_2,44,0.7226417799942958,0.5399827645103422,0.5508717119429878
650f65aac58fe4dc08bbe23f_2,45,0.8975970524981167,0.47190698649445284,0.6167736518311338
650f65aac58fe4dc08bbe23f_2,46,0.5691255410492548,0.026492809819449185,0.6471661478972328
650f65aac58fe4dc08bbe23f_2,47,0.7253088003576661,0.8816205703447004,0.4564258271694849
654fd3d72b14d852c7fff2b4,0,0.0,0.0,0.5
654fd3d72b14d852c7fff2b4,1,0.161722508914171,0.5706298323988024,0.45873573039309856
654fd3d72b14d852c7fff2b4,2,0.9592105280859022,0.7785287128554721,0.5182666665548665
654fd3d72b14d852c7fff2b4,3,0.3898872341020102,0.3742352000985128,0.5015830969591999
654fd3d72b14d852c7fff2b4,4,0.8887595452734202,1.075108231898805,0.4811609551866617
654fd3d72b14d852c7fff2b4,5,0.9021267637171925,0.15611850866439292,0.5748863163351814
654fd3d72b14d852c7fff2b4,6,0.04759066425093034,-0.25858953998404133,0.5309286137529218
654fd3d72b14d852c7fff2b4,7,-0.18141348274822677,0.24691999656008537,0.4567849251589707
654fd3d72b14d852c7fff2b4,8,0.17511571407679455,-0.11181421020708114,0.5289885646329047
654fd3d72b14d852c7fff2b4,9,-0.41205770020389076,-0.4259544248649289,0.5014055603324779
654fd3d72b14d852c7fff2b4,10,-0.14847130115772775,0.9901259155127498,0.3868323373169878
654fd3d72b14d852c7fff2b4,11,0.3038915908290164,0.8288724223000626,0.44710029041972793
654fd3d72b14d852c7fff2b4,12,1.1677491618809044,1.272154163542889,0.4894416775078689
654fd3d72b14d852c7fff2b4,13,-0.11969653242296519,-0.2576335021458363,0.5139478148936752
654fd3d72b14d852c7fff2b4,14,1.5104570229333811,0.7425322002104353,0.5770518585212819
654fd3d72b14d852c7fff2b4,15,1.025183022644182,2.318429927408925,0.37210092575466636
654fd3d72b14d852c7fff2b4,16,0.08871346622530019,-0.04627535063889854,0.5136498553712714
654fd3d72b14d852c7fff2b4,17,0.7220366541275404,3.494515192542458,0.24570104251063624
654fd3d72b14d852c7fff2b4,18,-0.29872989830379126,-0.40221889891217066,0.5104657158472337
654fd3d72b14d852c7fff2b4,19,0.5748490432721456,1.6659514802701132,0.391399832437299
654fd3d72b14d852c7fff2b4,20,0.9362068147227576,1.0003324148000101,0.49351447306667495
654fd3d72b14d852c7fff2b4,21,-0.30952873297603306,2.4360253618250662,0.24772544006733976
654fd3d72b14d852c7fff2b4,22,-1.3291080875244827,0.5220389633585747,0.3210552951284371
654fd3d72b14d852c7fff2b4,23,0.28404146930873586,-1.7475406225812478,0.6946449559055611
654fd3d72b14d852c7fff2b4,24,0.48226482463611264,1.142106686261729,0.433654793347382
654fd3d72b14d852c7fff2b4,25,2.942144118691632,1.351796274896007,0.6555247222891137
654fd3d72b14d852c7fff2b4,26,2.233990245337421,3.28709198982104,0.39506808759849954
654fd3d72b14d852c7fff2b4,27,0.30524799954709647,-1.4805093757685708,0.6731509919300795
654fd3d72b14d852c7fff2b4,28,3.2955560586900017,1.8647876630576943,0.640803201064288
654fd3d72b14d852c7fff2b4,29,2.962797243108589,0.4742776415905325,0.7323916351436818
654fd3d72b14d852c7fff2b4,30,1.6810931675638239,1.6989342517752588,0.4981954972809334
654fd3d72b14d852c7fff2b4,31,1.1669448478854592,1.0915802251079696,0.5076220548318252
654fd3d72b14d852c7fff2b4,32,-0.5904702169923364,1.1137716917053617,0.33414602498558166
654fd3d72b14d852c7fff2b4,33,0.7991457959230964,-0.5312931081946174,0.6314078460470096
654fd3d72b14d852c7fff2b4,34,-0.9822765287520318,-0.47976254753554287,0.4493482969089043
654fd3d72b14d852c7fff2b4,35,2.4388911687749943,1.4740770656499935,0.5963642763965293
654fd3d72b14d852c7fff2b4,36,-1.0546579306264738,1.9361823702426326,0.22969807916905963
654fd3d72b14d852c7fff2b4,37,-0.8928830005296434,-0.7111204096422113,0.48162416673349323
654fd3d72b14d852c7fff2b4,38,-0.8625083596658831,0.1078160530730341,0.4030992085342224
654fd3d72b14d852c7fff2b4,39,-0.10072389591814951,-0.11225832347664541,0.5011666308079391
654fd3d72b14d852c7fff2b4,40,1.9472916561422624,2.4045079144993373,0.45388693747128833
654fd3d72b14d852c7fff2b4,41,1.8836815319528055,1.7388990364489516,0.5146396297042231
654fd3d72b14d852c7fff2b4,42,0.3782310832052661,1.035168047571409,0.43394345437001464
654fd3d72b14d852c7fff2b4,43,1.4820686198988495,-0.22894119547592123,0.666462909233845
654fd3d72b14d852c7fff2b4,44,-0.05733926249109331,-1.5032805346872842,0.6422149148514429
654fd3d72b14d852c7fff2b4,45,1.8120483665835414,-0.307516897439832,0.7021425442688589
654fd3d72b14d852c7fff2b4,46,1.402004170875863,1.0689899505103035,0.533631382328155
654fd3d72b14d852c7fff2b4,47,-0.5100675403797817,0.227617828587155,0.4259368134094747
6550edd3c5d5a51c51ab1224,0,0.0,0.0,0.5
6550edd3c5d5a51c51ab1224,1,1.089895844248553,0.36095123908486293,0.5752533956181772
6550edd3c5d5a51c51ab1224,2,1.023458506454467,1.6707998601796323,0.43306365536512925
6550edd3c5d5a51c51ab1224,3,-0.32287569949142025,-0.8540094454223272,0.555028116908022
6550edd3c5d5a51c51ab1224,4,0.2532784630866993,1.9189496997289395,0.3333449342302001
6550edd3c5d5a51c51ab1224,5,-0.307999089688776,1.5476070901140886,0.3160189671464104
6550edd3c5d5a51c51ab1224,6,0.08226203612701743,-0.24561989853425698,0.5340555600548043
6550edd3c5d5a51c51ab1224,7,-0.48860534028630814,-0.4737708675373764,0.4984568284430944
6550edd3c5d5a51c51ab1224,8,0.6314647606774714,0.17231164033465798,0.547619272033358
6550edd3c5d5a51c51ab1224,9,2.253680148028976,-0.14463161886761497,0.7306554784206436
6550edd3c5d5a51c51ab1224,10,0.39467895928053,1.324701524505914,0.404442705606583
6550edd3c5d5a51c51ab1224,11,-0.44710732104480805,-2.3195207067336403,0.6854907513808263
6550edd3c5d5a51c51ab1224,12,-2.069194206274474,0.5632182591942623,0.25061005047131674
6550edd3c5d5a51c51ab1224,13,-0.9745936653513027,1.0083994130679228,0.30467486952928663
6550edd3c5d5a51c51ab1224,14,2.227169912897573,1.3705444940542901,0.5881799740121666
6550edd3c5d5a51c51ab1224,15,2.019143685996495,1.9291021351582849,0.5093656007628988
6550edd3c5d5a51c51ab1224,16,0.11933142267315938,0.8187566398560165,0.4277505777740115
6550edd3c5d5a51c51ab1224,17,2.4385054412777527,1.1457007338008964,0.6313338147983594
6550edd3c5d5a51c51ab1224,18,2.3517476815306892,1.3680986411411646,0.6009204479804164
6550edd3c5d5a51c51ab1224,19,1.160789253476824,3.695819493633305,0.2582967625614608
6550edd3c5d5a51c51ab1224,20,3.1541911145096124,3.19952863753725,0.4952838416019993
6550edd3c5d5a51c51ab1224,21,3.6924589383824404,1.4146115361926035,0.7206775278012884
6550edd3c5d5a51c51ab1224,22,-1.9711207884486548,-0.8236679227262863,0.3828517438160869
6550edd3c5d5a51c51ab1224,23,0.17427348023069367,2.301281354451276,0.29213038445956535
6550edd3c5d5a51c51ab1224,24,0.17178887123703745,-1.2636553538985857,0.6450374873448537
6550edd3c5d5a51c51ab1224,25,-0.3617127325081846,-0.2788658345937016,0.49138259074070206
6550edd3c5d5a51c51ab1224,26,-1.1241371431631209,1.8705052427870679,0.2233781993109914
6550edd3c5d5a51c51ab1224,27,-1.494830212990621,-0.6399961032913801,0.41200058544034546
6550edd3c5d5a51c51ab1224,28,1.809289860883768,-0.03445618589929189,0.682913346107749
6550edd3c5d5a51c51ab1224,29,1.0314646949018946,-1.513177928158017,0.7424687695850511
6550edd3c5d5a51c51ab1224,30,-1.83396564068057,-0.06743316489701447,0.32408447585778277
6550edd3c5d5a51c51ab1224,31,0.28143559269069335,0.2787065097253068,0.5002838965832794
6550edd3c5d5a51c51ab1224,32,3.975749859686037,0.69971153401958,0.7962756545819298
6550edd3c5d5a51c51ab1224,33,0.29293952139369017,2.901313522088494,0.2524932555916513
6550edd3c5d5a51c51ab1224,34,0.7144617692456962,0.5906541019778064,0.5128764153722414
6550edd3c5d5a51c51ab1224,35,0.1780070481553643,-0.46409951276032235,0.566401469815276
6550edd3c5d5a51c51ab1224,36,-1.352985845510178,0.3710078086376754,0.3279738759390097
6550edd3c5d5a51c51ab1224,37,-1.051421384510257,0.1103141259557569,0.3814485143453065
6550edd3c5d5a51c51ab1224,38,2.2854944512760262,2.912762826997737,0.4351154867063779
6550edd3c5d5a51c51ab1224,39,-2.2330650124815836,0.2634167607334835,0.26138163625712635
6550edd3c5d5a51c51ab1224,40,-1.5517343831872146,-1.4457042249185013,0.48897185561394174
6550edd3c5d5a51c51ab1224,41,-1.0424513597708907,-2.008712900684195,0.5991841175398812
6550edd3c5d5a51c51ab1224,42,0.34998312991854696,0.993858953846565,0.4334177350300791
6550edd3c5d5a51c51ab1224,43,-0.15008504121020444,0.9684680416281515,0.38569702494623065
6550edd3c5d5a51c51ab1224,44,3.5365479092132386,1.0804949272543172,0.7353575502316575
6550edd3c5d5a51c51ab1224,45,2.5935835964987515,0.032774486505286866,0.7437529255922913
6550edd3c5d5a51c51ab1224,46,-1.4304283299070322,-2.3392563856827517,0.5934312578672734
6550edd3c5d5a51c51ab1224,47,-0.5264201279453656,-1.6736748066026583,0.617128771063111
656bb5b282d8f0267db9d167,0,0.0,0.0,0.5
656bb5b282d8f0267db9d167,1,0.0,0.0,0.5
656bb5b282d8f0267db9d167,2,0.0,0.0,0.5
656bb5b282d8f0267db9d167,3,0.045397769861971374,0.4523997179663895,0.3422669870831578
656bb5b282d8f0267db9d167,4,0.34241587351585,-0.013717564267225417,0.639124858909351
656bb5b282d8f0267db9d167,5,0.09600736160155794,0.12807647867220337,0.48713569996318595
656bb5b282d8f0267db9d167,6,0.04116375507497877,0.25576711259989443,0.4147356000176391
656bb5b282d8f0267db9d167,7,0.16812096180329128,0.12599454973720772,0.5168960076097646
656bb5b282d8f0267db9d167,8,0.13133786095670757,0.8647812269716671,0.2355700075564499
656bb5b282d8f0267db9d167,9,-0.20142138766926265,-0.19812078659648263,0.49867569800072725
656bb5b282d8f0267db9d167,10,-0.16160681469364385,-0.15523560152186752,0.4974436909006817
656bb5b282d8f0267db9d167,11,0.2008840362606051,-0.17232698973870164,0.6454220119252927
656bb5b282d8f0267db9d167,12,-0.2766931199112733,-0.3121827388802969,0.5142357043429263
656bb5b282d8f0267db9d167,13,0.09206121039748268,0.14671225862080484,0.47808632538640844
656bb5b282d8f0267db9d167,14,-0.10704540385879185,0.3034191456126335,0.3410170431878279
656bb5b282d8f0267db9d167,15,0.705251587867125,0.639480448369557,0.5263649761654607
656bb5b282d8f0267db9d167,16,-0.03805932191670287,0.10180720075438707,0.44411561364043367
656bb5b282d8f0267db9d167,17,-0.10703464122884829,-0.18084651583228373,0.5295810631907066
656bb5b282d8f0267db9d167,18,0.1145088170008598,0.046040523165024605,0.5274440256395648
656bb5b282d8f0267db9d167,19,0.6092169551271901,0.0015525220347784169,0.7261659752048172
656bb5b282d8f0267db9d167,20,0.6706319335194566,0.07571769536313447,0.7220781292873
656bb5b282d8f0267db9d167,21,0.8004986746717746,0.11724094475228247,0.7496183912105574
656bb5b282d8f0267db9d167,22,0.08373667426225984,0.6849884472502985,0.275885303918775
656bb5b282d8f0267db9d167,23,0.5864565110914697,0.18177523553147978,0.6568940587553372
656bb5b282d8f0267db9d167,24,0.037985226639050795,0.22700408951775644,0.42473599614995994
656bb5b282d8f0267db9d167,25,0.4961891230500994,0.24830875500879213,0.5981660964239325
656bb5b282d8f0267db9d167,26,0.6159713252206951,0.4112866435714495,0.581395274515008
656bb5b282d8f0267db9d167,27,0.5333030309493212,0.5781386958291543,0.48201827760166754
656bb5b282d8f0267db9d167,28,0.5377823959273498,0.35892492757350625,0.5712745050195328
656bb5b282d8f0267db9d167,29,0.48853973645656534,0.7757782861799251,0.3867494272612818
656bb5b282d8f0267db9d167,30,0.39099332563288214,0.21738398608212137,0.5692103520683425
656bb5b282d8f0267db9d167,31,-0.27140850668398475,-0.3185901148868785,0.5189217065855602
656bb5b282d8f0267db9d167,32,0.050651902729653364,-0.05601205641497309,0.5426927303668122
656bb5b282d8f0267db9d167,33,-0.11595922371135256,-0.2118939899861874,0.5384161876262468
656bb5b282d8f0267db9d167,34,0.9533942220009735,-0.23358889668335725,0.8704586402696182
656bb5b282d8f0267db9d167,35,0.9011865747951681,0.574921791668193,0.6279963817249166
656bb5b282d8f0267db9d167,36,-0.11774984656448585,0.5617574938111771,0.2515130337044923
656bb5b282d8f0267db9d167,37,0.6180777644729498,0.39172558446947137,0.5898338323105895
656bb5b282d8f0267db9d167,38,0.03583449695267669,-0.07388980920338481,0.5439114276897533
656bb5b282d8f0267db9d167,39,0.7490776467479178,0.25984661531446274,0.686795358775114
656bb5b282d8f0267db9d167,40,-0.45021281654124823,-0.19985045538012836,0.40087681180372137
656bb5b282d8f0267db9d167,41,1.028827270647563,0.39185267416257136,0.7354197999106026
656bb5b282d8f0267db9d167,42,0.5085316789039965,0.7824018381128839,0.3918502662267032
656bb5b282d8f0267db9d167,43,-0.025784589713033053,0.04453922926233939,0.4718137833837444
656bb5b282d8f0267db9d167,44,-0.3161724240491226,-0.16402619746132124,0.4392556690128463
656bb5b282d8f0267db9d167,45,0.16805519397336777,0.7893012186635084,0.2695210579032939
656bb5b282d8f0267db9d167,46,0.181371707649581,0.2057935028676118,0.4902024609111819
656bb5b282d8f0267db9d167,47,0.3646778209314495,0.6249644582898515,0.39705748677836883
65ccca52871269168cc029b5,0,0.0,0.0,0.5
65ccca52871269168cc029b5,1,0.0,0.0,0.5
65ccca52871269168cc029b5,2,0.26297584472425317,0.35477187773043506,0.4447625087760632
65ccca52871269168cc029b5,3,0.5211863463808343,0.5007034904497943,0.5123733726804023
65ccca52871269168cc029b5,4,0.4127859193877885,0.5095700900884436,0.44178743816815147
65ccca52871269168cc029b5,5,0.7254421413023988,0.5363232382042846,0.6123184881477376
65ccca52871269168cc029b5,6,0.43034637761504946,0.33518243838550665,0.5572466561109641
65ccca52871269168cc029b5,7,0.3971528786778941,0.3666549036427772,0.5184187733453473
65ccca52871269168cc029b5,8,0.42814997029840407,0.4612705033930463,0.47999899714141514
65ccca52871269168cc029b5,9,0.2527708625178601,0.277115815409935,0.4852948338478696
65ccca52871269168cc029b5,10,0.3532039460812852,0.35127995640347515,0.501162487298557
65ccca52871269168cc029b5,11,0.08560331933780806,0.18590214941142857,0.43969368656635477
65ccca52871269168cc029b5,12,0.49531472246578506,0.17018187993468753,0.6869268797495449
65ccca52871269168cc029b5,13,0.14598767572188848,0.18840670992348785,0.47439251712040525
65ccca52871269168cc029b5,14,0.3158472883120772,0.2820751163251297,0.5203940856132963
65ccca52871269168cc029b5,15,0.364851626509808,0.3073374588072581,0.5346946585080354
65ccca52871269168cc029b5,16,0.2977960895329034,0.22278642164448492,0.5451977039331178
65ccca52871269168cc029b5,17,0.545584752607277,0.5661479704314041,0.4875781018964625
65ccca52871269168cc029b5,18,0.21958808254629805,0.3338770961623081,0.43138141992176254
65ccca52871269168cc029b5,19,0.5068051815758308,0.6714667576141425,0.4018027689352455
65ccca52871269168cc029b5,20,0.49828430997665,0.7608424714951875,0.34647759537351713
65ccca52871269168cc029b5,21,0.6126239798700758,0.42607922194881953,0.6108406259994001
65ccca52871269168cc029b5,22,0.39913644828099915,0.41659928209896896,0.48945038710722744
65ccca52871269168cc029b5,23,0.6300314495216918,0.4156945322869063,0.626683740200059
65ccca52871269168cc029b5,24,0.366022333145427,0.410259113757519,0.4732972265097912
65ccca52871269168cc029b5,25,0.7191211230776082,0.45446321765506703,0.6546705822210905
65ccca52871269168cc029b5,26,0.8798645606356768,0.5324238170815746,0.6984031875094225
65ccca52871269168cc029b5,27,0.9060008389808292,0.9088097275109868,0.498302854417331
65ccca52871269168cc029b5,28,0.1508864290497616,0.2131804239177628,0.46243242188018613
65ccca52871269168cc029b5,29,0.25265295225122275,0.19390284961938992,0.5354377467920267
65ccca52871269168cc029b5,30,0.4210227909359456,-0.02637445215607302,0.746736787677393
65ccca52871269168cc029b5,31,0.4946225288762737,0.04484109215944087,0.7478249889157569
65ccca52871269168cc029b5,32,0.5573066902388828,0.49875021168603645,0.5353213433786599
65ccca52871269168cc029b5,33,0.1788307589617734,0.07078759483535618,0.5649120965603888
65ccca52871269168cc029b5,34,0.7277855671798961,0.3531482665619563,0.7120651106289693
65ccca52871269168cc029b5,35,0.32889234372435844,0.5882051971759379,0.3482557063105102
65ccca52871269168cc029b5,36,0.1496935723256187,0.36215925415134675,0.37437489945965435
65ccca52871269168cc029b5,37,0.3297689415204743,0.7315478551175048,0.274674917097263
65ccca52871269168cc029b5,38,0.47532464152158704,0.5397205603801224,0.46116983638771397
65ccca52871269168cc029b5,39,0.2749817397426572,0.7473580633401932,0.24201687588409324
65ccca52871269168cc029b5,40,0.7154353864663601,0.7578883578989335,0.47437206581124713
65ccca52871269168cc029b5,41,0.24928797245065076,0.710546637318961,0.24698004903590842
65ccca52871269168cc029b5,42,0.7998319846724449,0.6207353118239853,0.606553147873005
65ccca52871269168cc029b5,43,0.6467997078550165,0.8878141363173415,0.358359592892427
65ccca52871269168cc029b5,44,0.3825888880301815,0.5626828515318931,0.3928717947162982
65ccca52871269168cc029b5,45,0.18235751750833482,0.6479476198647546,0.24503829638163332
65ccca52871269168cc029b5,46,0.6620370620048406,0.6753613428763973,0.49195006243456324
65ccca52871269168cc029b5,47,0.740275409921208,0.7727030454926238,0.4804169951548305
65f2f5ae1f9747ed36bd7226,0,0.0,0.0,0.5
65f2f5ae1f9747ed36bd7226,1,1.4068582904986329,0.9240250485345011,0.5243758045375025
65f2f5ae1f9747ed36bd7226,2,-1.4001804216974154,-0.23992613389942535,0.4416453044063655
65f2f5ae1f9747ed36bd7226,3,-1.4609296091671315,-0.7450741429560159,0.46389436568167364
65f2f5ae1f9747ed36bd7226,4,2.2064853275969796,-0.582785112492814,0.6373108552613227
65f2f5ae1f9747ed36bd7226,5,2.6073792820918653,0.4753526601484006,0.6060843756836399
65f2f5ae1f9747ed36bd7226,6,-0.5009065187520464,0.013016760667804633,0.4740573502436023
65f2f5ae1f9747ed36bd7226,7,0.6441983515664904,2.290101514304049,0.4175991517274456
65f2f5ae1f9747ed36bd7226,8,1.9539224940507978,0.823937558004635,0.5568456344882187
65f2f5ae1f9747ed36bd7226,9,1.8997740417017361,2.030996324629662,0.493370384323104
65f2f5ae1f9747ed36bd7226,10,-0.432198214302966,0.4479575791948165,0.4556470258035898
65f2f5ae1f9747ed36bd7226,11,-1.0688974397190143,0.3508766077235682,0.4287540850000499
65f2f5ae1f9747ed36bd7226,12,-0.9523981215349846,-1.0077650888463303,0.5027973861537329
65f2f5ae1f9747ed36bd7226,13,0.6767219689532751,1.4971269642397778,0.4586437477265252
65f2f5ae1f9747ed36bd7226,14,-0.4858087311000081,-1.47445289998055,0.5497857157263651
65f2f5ae1f9747ed36bd7226,15,2.5707386024697967,2.2570445705799878,0.5158440806788057
65f2f5ae1f9747ed36bd7226,16,2.7090444482458533,1.8682347626303033,0.5423799698850386
65f2f5ae1f9747ed36bd7226,17,0.23770837913792953,2.4110494728778438,0.3919239529796693
65f2f5ae1f9747ed36bd7226,18,2.988946016757432,3.1380637150985686,0.49246640029878774
65f2f5ae1f9747ed36bd7226,19,1.4206011501797524,-1.3595104912354024,0.636882897541992
65f2f5ae1f9747ed36bd7226,20,-1.4443232968008477,-1.7014139968448514,0.5129865829990033
65f2f5ae1f9747ed36bd7226,21,0.990408448401899,-1.0348632076002342,0.6009217712224495
65f2f5ae1f9747ed36bd7226,22,1.21588042582968,1.8439058277992346,0.4683115537665917
65f2f5ae1f9747ed36bd7226,23,-1.0386961393689318,-0.9670710376884907,0.49638120580882505
65f2f5ae1f9747ed36bd7226,24,-0.6814778645824232,1.8744380894360633,0.37365919799459124
65f2f5ae1f9747ed36bd7226,25,-0.7368823668318963,1.2103355105539584,0.4028671802712533
65f2f5ae1f9747ed36bd7226,26,0.3215387315625853,2.1740236225813163,0.40748136914668664
65f2f5ae1f9747ed36bd7226,27,2.1148212066009915,2.7643471637800525,0.46722975246678267
65f2f5ae1f9747ed36bd7226,28,0.09121435844716785,0.8039449200695109,0.46405143173362207
65f2f5ae1f9747ed36bd7226,29,0.25475832338744087,0.5052633081567574,0.48734594141235915
65f2f5ae1f9747ed36bd7226,30,2.5495846968183655,3.3470443724314345,0.4597953472408198
65f2f5ae1f9747ed36bd7226,31,1.2073806762432504,2.7517412581590324,0.4225985272827101
65f2f5ae1f9747ed36bd7226,32,0.8060739449836392,0.02212456463126322,0.5395263847268887
65f2f5ae1f9747ed36bd7226,33,-2.440080363331293,-2.0263608446851,0.47910899589098116
65f2f5ae1f9747ed36bd7226,34,2.1702308188992303,2.243234213941555,0.4963115712721681
65f2f5ae1f9747ed36bd7226,35,-0.22805215224615683,2.0828186073471957,0.38532018535547385
65f2f5ae1f9747ed36bd7226,36,-1.9412736110328628,-0.261532911342745,0.415936886927763
65f2f5ae1f9747ed36bd7226,37,-1.4165811037128007,-1.6385769351988344,0.5112144555848561
65f2f5ae1f9747ed36bd7226,38,-1.9644688326976611,-1.2317967867850244,0.4630492432286678
65f2f5ae1f9747ed36bd7226,39,-1.9143777612274158,0.8284772278248509,0.36486020171961847
65f2f5ae1f9747ed36bd7226,40,-0.12725717307861012,0.7260986953584619,0.4569907564037286
65f2f5ae1f9747ed36bd7226,41,1.6471198991660887,2.176929647368203,0.4732569148003344
65f2f5ae1f9747ed36bd7226,42,0.9587053200562156,0.058557616663557965,0.5453549361321162
65f2f5ae1f9747ed36bd7226,43,0.7440295016126929,2.966029508140078,0.38958283400134514
65f2f5ae1f9747ed36bd7226,44,-1.7834775052701406,-0.3734044136123568,0.42923434082315975
65f2f5ae1f9747ed36bd7226,45,-0.15870046940251692,-1.2570409105882927,0.5552668943125144
65f2f5ae1f9747ed36bd7226,46,2.232564297462335,2.044157845196528,0.5095180837236802
65f2f5ae1f9747ed36bd7226,47,1.4868719431626587,1.2911647726032762,0.50988681351131
65feaaac53eb219f09ad5ea0,0,0.0,0.0,0.5
65feaaac53eb219f09ad5ea0,1,0.0,0.0,0.5
65feaaac53eb219f09ad5ea0,2,0.6815449108430442,0.36466320790788553,0.515510708684139
65feaaac53eb219f09ad5ea0,3,-0.009978833853681824,0.0878720984034869,0.49520900714776384
65feaaac53eb219f09ad5ea0,4,-0.1743939544151538,-0.1890861847133497,0.5007193848290367
65feaaac53eb219f09ad5ea0,5,0.00827109595710443,0.3407426424349104,0.4837267268501307
65feaaac53eb219f09ad5ea0,6,0.3758642434234526,0.33383751181635746,0.5020577708547126
65feaaac53eb219f09ad5ea0,7,0.5757144537167203,0.4321926103313205,0.5070268916376136
65feaaac53eb219f09ad5ea0,8,-0.34346589912809744,0.621337012737501,0.452899785661203
65feaaac53eb219f09ad5ea0,9,-0.6114618482712433,-0.4885500055954606,0.49398207730330573
65feaaac53eb219f09ad5ea0,10,0.8911185626389653,0.9217749125202594,0.4984989575078253
65feaaac53eb219f09ad5ea0,11,-0.8627321177616969,-0.6644278676913826,0.4902915190786924
65feaaac53eb219f09ad5ea0,12,1.2408554024683411,1.4826546246747916,0.4881628380284142
65feaaac53eb219f09ad5ea0,13,1.1086562922113354,1.3053045319257828,0.4903725730860383
65feaaac53eb219f09ad5ea0,14,1.9978860561192346,1.9055713829502232,0.504519940868097
65feaaac53eb219f09ad5ea0,15,-1.438953548312143,1.2559920340329496,0.3710260500502582
65feaaac53eb219f09ad5ea0,16,3.808867661488118,2.0387922767014155,0.5858116395199364
65feaaac53eb219f09ad5ea0,17,1.454463292352289,-1.2996463568031977,0.6316740229208432
65feaaac53eb219f09ad5ea0,18,-0.706851925834935,-2.926254155741729,0.6069907010660669
65feaaac53eb219f09ad5ea0,19,-1.5240427532521816,-3.872824635927217,0.61301887376827
65feaaac53eb219f09ad5ea0,20,2.614764147500007,-2.8705383759775183,0.7454179498318124
65feaaac53eb219f09ad5ea0,21,-2.522627190835965,-2.847063248219991,0.5158802330024096
65feaaac53eb219f09ad5ea0,22,-2.8639125552527966,-3.4828570122417575,0.5302687264908373
65feaaac53eb219f09ad5ea0,23,1.2435779798369948,-0.06518209792920127,0.5637331043889283
65feaaac53eb219f09ad5ea0,24,0.06285640957819494,-1.4040406591184695,0.5713346523186303
65feaaac53eb219f09ad5ea0,25,-3.2381122924630104,2.759895099701042,0.23599972534739563
65feaaac53eb219f09ad5ea0,26,-2.0220037820154775,-2.30287796003789,0.5137491598395515
65feaaac53eb219f09ad5ea0,27,-1.2268491811654734,3.4047461798916725,0.28758966122338453
65feaaac53eb219f09ad5ea0,28,1.9685625675487097,2.214571493517459,0.48795683308558807
65feaaac53eb219f09ad5ea0,29,0.2882952857952814,-2.3534653707724194,0.6265398445786758
65feaaac53eb219f09ad5ea0,30,-3.640163547284272,-2.825810977791283,0.4602106330419273
65feaaac53eb219f09ad5ea0,31,3.815804576359504,-1.2099414728444602,0.7279636906106953
65feaaac53eb219f09ad5ea0,32,-4.995620124099748,-2.9648835542941834,0.4018580566848673
65feaaac53eb219f09ad5ea0,33,-4.027199294590437,-3.2956743399876816,0.4642430074774579
65feaaac53eb219f09ad5ea0,34,5.4885739503209106,-0.37740892537928755,0.7593062657003118
65feaaac53eb219f09ad5ea0,35,0.8773730341095733,-2.9221253929988795,0.6779025380017462
65feaaac53eb219f09ad5ea0,36,4.251912631862097,-4.985414377122726,0.859261923929099
65feaaac53eb219f09ad5ea0,37,3.713052154795653,3.190771295798834,0.525550505820125
65feaaac53eb219f09ad5ea0,38,2.251662730189262,0.36981989954959116,0.5911128215284872
65feaaac53eb219f09ad5ea0,39,2.996330281495341,3.26372942538256,0.4869101517486388
65feaaac53eb219f09ad5ea0,40,0.09037764810556048,6.870228644183123,0.20951270612103634
65feaaac53eb219f09ad5ea0,41,-4.995798984341873,-5.089118378521835,0.5045691316190106
65feaaac53eb219f09ad5ea0,42,-2.0716841729762914,-5.465006177006795,0.6602924672171478
65feaaac53eb219f09ad5ea0,43,8.02555554199455,4.246226694832972,0.6770393805863671
65feaaac53eb219f09ad5ea0,44,0.5927756968453024,-3.316055490436467,0.6825602312947512
65feaaac53eb219f09ad5ea0,45,-7.328496645666263,-5.2957322405086105,0.4017625955633421
65feaaac53eb219f09ad5ea0,46,-7.111841051990738,-3.4600744731671753,0.3284474565261981
65ff850ad8ac7b0e4cf9ec57,0,0.0,0.0,0.5
65ff850ad8ac7b0e4cf9ec57,1,0.0,0.0,0.5
65ff850ad8ac7b0e4cf9ec57,2,0.0,0.0,0.5
65ff850ad8ac7b0e4cf9ec57,3,0.0,0.0,0.5
65ff850ad8ac7b0e4cf9ec57,4,0.3920389906280465,0.2769627642799515,0.5112411948656232
65ff850ad8ac7b0e4cf9ec57,5,0.5713207099518363,0.3986322346062158,0.5168654765419125
65ff850ad8ac7b0e4cf9ec57,6,-0.1761151992007033,0.48536911939888727,0.43572968913847504
65ff850ad8ac7b0e4cf9ec57,7,-0.00041918391315506204,0.5729473581263254,0.44421459818736747
65ff850ad8ac7b0e4cf9ec57,8,-0.570830621689719,-0.22236818910803208,0.46600730728524736
65ff850ad8ac7b0e4cf9ec57,9,0.1379001057442149,-0.48847123095656125,0.5608934864491996
65ff850ad8ac7b0e4cf9ec57,10,0.7118577650345439,0.2467265509863974,0.5453191749695139
65ff850ad8ac7b0e4cf9ec57,11,-0.37722113356987064,1.3237603027891904,0.33967296168026323
65ff850ad8ac7b0e4cf9ec57,12,1.3352169583609768,1.1681099598363562,0.516320759990169
65ff850ad8ac7b0e4cf9ec57,13,0.2945516766614833,0.9756916975432235,0.4338419739424496
65ff850ad8ac7b0e4cf9ec57,14,0.11095852686520924,-1.0959247041948235,0.6157756174487757
65ff850ad8ac7b0e4cf9ec57,15,0.39862255935287627,-0.36001246810733156,0.5735813870525707
65ff850ad8ac7b0e4cf9ec57,16,-1.456141740783013,-0.32165318299935186,0.3909397516860242
65ff850ad8ac7b0e4cf9ec57,17,0.8976728819462785,0.7623875398972961,0.5132144669761087
65ff850ad8ac7b0e4cf9ec57,18,-0.8012137658171212,-1.1109678829836291,0.5302264574003318
65ff850ad8ac7b0e4cf9ec57,19,-0.6004162808189639,-0.8520779305063735,0.5245678537298761
65ff850ad8ac7b0e4cf9ec57,20,-1.1070655237421088,-1.343495246822124,0.5230830558644993
65ff850ad8ac7b0e4cf9ec57,21,1.024833936138073,0.20762193927110223,0.5791708268937307
65ff850ad8ac7b0e4cf9ec57,22,-0.3783285001777578,-0.26858782239690593,0.4892798433525681
65ff850ad8ac7b0e4cf9ec57,23,0.7480568633661469,0.21368386289026617,0.5520199800345668
65ff850ad8ac7b0e4cf9ec57,24,-0.28457485939419913,-1.0262823945252735,0.5719625850239041
65ff850ad8ac7b0e4cf9ec57,25,0.6142378907040745,0.7695719519364552,0.4848283292458081
65ff850ad8ac7b0e4cf9ec57,26,-0.09208503079814134,0.035864225257337,0.4875018036926843
65ff850ad8ac7b0e4cf9ec57,27,0.23157130151719116,0.4219304311743609,0.48141025069682203
65ff850ad8ac7b0e4cf9ec57,28,0.31933954488330596,-0.5456375543382744,0.5837136866048663
65ff850ad8ac7b0e4cf9ec57,29,1.0274971130914619,-0.08592945487891258,0.6070986182309686
65ff850ad8ac7b0e4cf9ec57,30,-0.08204350531371724,-0.45643267218414185,0.5365131690962972
65ff850ad8ac7b0e4cf9ec57,31,-0.3189327294388894,-0.21744617011742717,0.4900859373864872
65ff850ad8ac7b0e4cf9ec57,32,-0.6578702351930981,-0.4068143004888448,0.47549118283788727
65ff850ad8ac7b0e4cf9ec57,33,-0.08284859408672568,0.16523733827182174,0.47578066673058284
65ff850ad8ac7b0e4cf9ec57,34,-0.4143665235592776,-0.31039696488141677,0.4898434430111572
65ff850ad8ac7b0e4cf9ec57,35,-0.2634155509862492,1.0722693316000107,0.3723864971473714
65ff850ad8ac7b0e4cf9ec57,36,-0.14696555856538918,-0.2617961925368485,0.5112172122895818
65ff850ad8ac7b0e4cf9ec57,37,0.2789645722107437,2.0677901359468605,0.3320158212722671
65ff850ad8ac7b0e4cf9ec57,38,1.4955464585423996,1.229131280127296,0.5260056039731996
65ff850ad8ac7b0e4cf9ec57,39,0.09144324723418984,1.1287664598209792,0.4000177775565088
65ff850ad8ac7b0e4cf9ec57,40,1.0833319470423621,0.14758789103978764,0.5904179434531123
65ff850ad8ac7b0e4cf9ec57,41,-0.0015384588858729231,-1.5192613853956543,0.6440838194256946
65ff850ad8ac7b0e4cf9ec57,42,0.041113303839125925,0.17061359425200634,0.4873503615564046
65ff850ad8ac7b0e4cf9ec57,43,-1.3434602132972218,-1.5126633515504786,0.5165253344805215
65ff850ad8ac7b0e4cf9ec57,44,-0.1367033622759819,-0.2627071775043437,0.5123082413009075
65ff850ad8ac7b0e4cf9ec57,45,0.2105618166112825,-0.44340175737752224,0.5635475294556289
65ff850ad8ac7b0e4cf9ec57,46,0.6398374154922425,0.320855478925244,0.5311246330375978
65ff850ad8ac7b0e4cf9ec57,47,1.463106853505256,-0.7514558831916569,0.7038005698690927
660bdc29f5dec2745c7e7ee3,0,0.0,0.0,0.5
660bdc29f5dec2745c7e7ee3,1,1.5544658743863806,1.4278792498296102,0.5207285197564989
660bdc29f5dec2745c7e7ee3,2,0.3762341407113311,0.011492456476337709,0.5594776382633277
660bdc29f5dec2745c7e7ee3,3,0.8971778891568006,0.7773254734048116,0.5196269601328238
660bdc29f5dec2745c7e7ee3,4,-0.029772703528567326,0.633514701808535,0.39300420199105707
660bdc29f5dec2745c7e7ee3,5,0.8994959204949295,-0.024395905057637876,0.6469124720776579
660bdc29f5dec2745c7e7ee3,6,0.15888629972756552,1.029966120042749,0.36103301282070094
660bdc29f5dec2745c7e7ee3,7,0.8341862465583119,0.7513876363121667,0.5135626938453767
660bdc29f5dec2745c7e7ee3,8,0.810118116396428,0.8931485443970391,0.486399352325818
660bdc29f5dec2745c7e7ee3,9,1.081314134406563,0.693654440466495,0.5631760996055672
660bdc29f5dec2745c7e7ee3,10,0.5781466020742964,0.08100647308886633,0.5807402430830729
660bdc29f5dec2745c7e7ee3,11,-0.3127387137740338,-0.3560171526993334,0.5070904195550652
660bdc29f5dec2745c7e7ee3,12,0.43386650172960173,0.9035896366029414,0.4236409582372109
660bdc29f5dec2745c7e7ee3,13,1.0654773654087448,1.824516618750585,0.37813896959063364
660bdc29f5dec2745c7e7ee3,14,0.74181946765579,-0.26255440118177176,0.6588651182201775
660bdc29f5dec2745c7e7ee3,15,1.1746937059049365,0.21945626660903078,0.6515905791811066
660bdc29f5dec2745c7e7ee3,16,-0.3055438973293767,0.22022292975131735,0.414698802554165
660bdc29f5dec2745c7e7ee3,17,0.7254363991935249,0.4050034285277049,0.55230878881482
660bdc29f5dec2745c7e7ee3,18,1.0392456838483026,1.3807651566483234,0.4442766587875219
660bdc29f5dec2745c7e7ee3,19,1.82939418665983,1.8960516402897085,0.48908033991349076
660bdc29f5dec2745c7e7ee3,20,1.6301808753038305,2.0371900213649075,0.4337067688915415
660bdc29f5dec2745c7e7ee3,21,1.6178680011896391,-0.2955081368503369,0.7779876568409773
660bdc29f5dec2745c7e7ee3,22,-0.3480832679843501,1.9025939456460723,0.18617834929991986
660bdc29f5dec2745c7e7ee3,23,2.121780430967271,2.1264356066200936,0.4992372798903759
660bdc29f5dec2745c7e7ee3,24,1.7431961000260792,-0.24981262166542537,0.7868710214184034
660bdc29f5dec2745c7e7ee3,25,-0.28651263255736703,0.7571441218556763,0.3353722753939994
660bdc29f5dec2745c7e7ee3,26,0.3580689322808246,0.468404516113765,0.4819300947186935
660bdc29f5dec2745c7e7ee3,27,1.0243806673964597,1.371980750029887,0.4432929835902605
660bdc29f5dec2745c7e7ee3,28,1.2164447372260547,1.1974780338190887,0.5031075328056714
660bdc29f5dec2745c7e7ee3,29,-0.13440740872156728,1.0509743597068373,0.31499511729409285
660bdc29f5dec2745c7e7ee3,30,1.1106993473743318,-0.16122130361042278,0.6971122549486318
660bdc29f5dec2745c7e7ee3,31,0.5120171254603484,-0.3269552559985197,0.6340986998267685
660bdc29f5dec2745c7e7ee3,32,0.7568829399897465,1.751841351223527,0.3425231650757002
660bdc29f5dec2745c7e7ee3,33,0.20102120080825892,-0.25118434839165454,0.5735534087047253
660bdc29f5dec2745c7e7ee3,34,-0.6432627342076863,-0.9327486440718582,0.547288652872936
660bdc29f5dec2745c7e7ee3,35,0.9146116830901545,1.3651235107842234,0.4267181135191897
660bdc29f5dec2745c7e7ee3,36,1.6459622663749214,1.5335779015528122,0.5184051383076824
660bdc29f5dec2745c7e7ee3,37,1.9410345947037841,1.8213230146268296,0.5196039206238128
660bdc29f5dec2745c7e7ee3,38,1.5614904280350035,1.0027270611324912,0.5905402502043556
660bdc29f5dec2745c7e7ee3,39,0.5322451598308403,1.1620671116867927,0.3982483137841335
660bdc29f5dec2745c7e7ee3,40,2.1588224165204872,2.021145357870067,0.5225422120578921
660bdc29f5dec2745c7e7ee3,41,2.4765350391999528,0.8564861629440084,0.7430226365532647
660bdc29f5dec2745c7e7ee3,42,1.5206004423836452,2.2974193790878417,0.3754028372468227
660bdc29f5dec2745c7e7ee3,43,0.3086417466291783,-0.21971947995165483,0.5857138413265797
660bdc29f5dec2745c7e7ee3,44,-0.4440367374648301,0.3164317533069774,0.37791873323566205
660bdc29f5dec2745c7e7ee3,45,1.4176003273642503,-0.33339018362829276,0.7590639165284396
660bdc29f5dec2745c7e7ee3,46,0.5524742230901782,0.6294385814223501,0.4873925559780365
660bdc29f5dec2745c7e7ee3,47,0.7255451938919371,-0.08439134139617069,0.6296723955029226
660d675bbdf59327d9deb4ad,0,0.0,0.0,0.5
660d675bbdf59327d9deb4ad,1,0.0,0.0,0.5
660d675bbdf59327d9deb4ad,2,0.0,0.0,0.5
660d675bbdf59327d9deb4ad,3,0.052004555201953975,0.042828904648550443,0.5012394747421576
660d675bbdf59327d9deb4ad,4,0.43852757894467054,0.823556546337425,0.4481757990502689
660d675bbdf59327d9deb4ad,5,0.10752459067852929,-0.24117378279815926,0.5469644789190502
660d675bbdf59327d9deb4ad,6,0.031849075346204514,0.04811501255016607,0.4978027574480123
660d675bbdf59327d9deb4ad,7,1.9199184901260156,0.25950312287745236,0.7103691614319175
660d675bbdf59327d9deb4ad,8,-0.025272388305529064,0.152741256432828,0.4759718496115403
660d675bbdf59327d9deb4ad,9,0.5249684600219549,0.14910609017535442,0.5505989371312799
660d675bbdf59327d9deb4ad,10,1.8323911790413356,1.4782809616539199,0.5476889789168214
660d675bbdf59327d9deb4ad,11,0.8999637848748081,-0.7267613152699893,0.7066094946088044
660d675bbdf59327d9deb4ad,12,-0.5521163664457845,-0.5946591958198252,0.5057465733150515
660d675bbdf59327d9deb4ad,13,0.03467613704172817,0.8011529541637553,0.3979167498190143
660d675bbdf59327d9deb4ad,14,0.36655735766619063,-0.03486708161697345,0.5540141427803695
660d675bbdf59327d9deb4ad,15,0.4108888274934395,1.2782411271463636,0.38493362055711056
660d675bbdf59327d9deb4ad,16,-0.7709547783740702,-0.8463709274706358,0.510186053819116
660d675bbdf59327d9deb4ad,17,0.2558281767585049,-0.19079577849524254,0.5600403398177931
660d675bbdf59327d9deb4ad,18,-0.9119100974663352,-0.01323115286062028,0.3809339151146814
660d675bbdf59327d9deb4ad,19,1.9996849529615797,0.8404494365980789,0.6516667100477826
660d675bbdf59327d9deb4ad,20,1.6120817749267722,-0.1722786991059396,0.7239517948952865
660d675bbdf59327d9deb4ad,21,1.539398846269557,1.9151463038654772,0.4494164266761734
660d675bbdf59327d9deb4ad,22,0.3702934874924648,-0.010842613391249922,0.551303932443416
660d675bbdf59327d9deb4ad,23,-0.19431328684551175,1.3390780629397203,0.30395337327777117
660d675bbdf59327d9deb4ad,24,0.5531202335365224,1.1518253721703282,0.41982293656350456
660d675bbdf59327d9deb4ad,25,0.008421063414057572,0.1434293576942951,0.4817707156479247
660d675bbdf59327d9deb4ad,26,0.8119199528878689,-1.1690750180910494,0.7446724942940648
660d675bbdf59327d9deb4ad,27,-0.6058750314337812,-0.7178469614110685,0.5151209270851331
660d675bbdf59327d9deb4ad,28,-0.3056055126010586,-0.10135790298260444,0.47243752569435005
660d675bbdf59327d9deb4ad,29,0.6184454261074784,-1.1262919212686555,0.7196527133347556
660d675bbdf59327d9deb4ad,30,-1.218828552668217,-0.3667765004568375,0.3868928208663153
660d675bbdf59327d9deb4ad,31,0.5623988773258358,0.3601376574450463,0.5272949536940945
660d675bbdf59327d9deb4ad,32,-0.5659290858634531,-0.12566452100285633,0.4408064946623166
660d675bbdf59327d9deb4ad,33,1.251894722343579,-0.9358704625065237,0.7653291811459132
660d675bbdf59327d9deb4ad,34,0.6459192271883031,0.6282687813284673,0.5023842626410678
660d675bbdf59327d9deb4ad,35,0.41218246151280585,-0.16604727871545816,0.5774799342428465
660d675bbdf59327d9deb4ad,36,0.5903160109032851,0.7113983494497691,0.48364962826198754
660d675bbdf59327d9deb4ad,37,0.7211680309025783,0.6933281925487299,0.50376062670031
660d675bbdf59327d9deb4ad,38,0.3920194431488022,0.6266092737440003,0.4683531901264226
660d675bbdf59327d9deb4ad,39,-0.82022880654059,-0.2305258459886545,0.42100817182479566
660d675bbdf59327d9deb4ad,40,-0.07258070757002821,-0.36901981431502295,0.5399585808104883
660d675bbdf59327d9deb4ad,41,0.2715514270511461,1.10237739468081,0.3896168869855622
660d675bbdf59327d9deb4ad,42,-0.30890253722991035,0.09256177737810939,0.44598053359575945
660d675bbdf59327d9deb4ad,43,-0.5861241636468887,-0.05007010865806688,0.4280900857995088
660d675bbdf59327d9deb4ad,44,-0.010391195164051792,0.862696974215548,0.38420009777091824
660d675bbdf59327d9deb4ad,45,0.6312714564032338,-0.5775340456750092,0.6577217148904774
660d675bbdf59327d9deb4ad,46,-0.35956546047209914,1.2091275614603234,0.29993298377584215
6613f83d1a9cf059d0af91ec,0,0.0,0.0,0.5
6613f83d1a9cf059d0af91ec,1,1.1762437441976588,0.1542347978074057,0.5513775014287179
6613f83d1a9cf059d0af91ec,2,0.3042861663995736,1.5584348794942204,0.43706482975894395
6613f83d1a9cf059d0af91ec,3,1.3480938101053466,1.2906114884555517,0.5028999016231406
6613f83d1a9cf059d0af91ec,4,0.2535535916220039,1.4301989142092617,0.4409165753704701
6613f83d1a9cf059d0af91ec,5,0.4121490183484606,0.18294786780323394,0.5115609418094188
6613f83d1a9cf059d0af91ec,6,1.35300423484859,0.6171149438662018,0.5370569136185501
6613f83d1a9cf059d0af91ec,7,1.4917605999453831,1.3642570541870584,0.506432090376679
6613f83d1a9cf059d0af91ec,8,0.9315216865126972,0.06704444163751469,0.5435018743444352
6613f83d1a9cf059d0af91ec,9,0.1619735049191147,0.9370420017229661,0.46097797176664695
6613f83d1a9cf059d0af91ec,10,0.4759986856224983,0.5856378576606927,0.49446902282759714
6613f83d1a9cf059d0af91ec,11,0.9360781427993617,2.8310032252124193,0.4055507270455431
6613f83d1a9cf059d0af91ec,12,0.8228077396532422,0.3417422230045387,0.5242503037195794
6613f83d1a9cf059d0af91ec,13,-0.1134909297229403,0.40685579220238843,0.47377304484635197
6613f83d1a9cf059d0af91ec,14,0.087879149048504,-0.7547180026202167,0.5424061892401192
6613f83d1a9cf059d0af91ec,15,0.8539603207222142,1.1130394113304667,0.486932656986691
6613f83d1a9cf059d0af91ec,16,1.3627754292771872,0.7472421906318178,0.5310132629143591
6613f83d1a9cf059d0af91ec,17,1.536646124227068,1.7634915792328032,0.48855783813757087
6613f83d1a9cf059d0af91ec,18,-0.40417110485803087,0.7128162032016272,0.44388632225062274
6613f83d1a9cf059d0af91ec,19,0.0040409322340340115,1.350216699109733,0.432501163950109
6613f83d1a9cf059d0af91ec,20,0.1012776651029011,0.2922620782684731,0.49036619153888505
6613f83d1a9cf059d0af91ec,21,0.5284858695205883,0.7172905935719113,0.49047611463817786
6613f83d1a9cf059d0af91ec,22,1.411865061677582,0.24906278349708677,0.5583946932303107
6613f83d1a9cf059d0af91ec,23,0.8467545565117485,1.6074239097859473,0.46170005309162326
6613f83d1a9cf059d0af91ec,24,1.63461745938739,0.9936176844512206,0.5322928783432282
6613f83d1a9cf059d0af91ec,25,0.9230506575303749,1.3703792185011514,0.47744796712996856
6613f83d1a9cf059d0af91ec,26,0.4938598715530599,1.266174300587597,0.4611160688614599
6613f83d1a9cf059d0af91ec,27,1.250579038849643,0.6475495051664959,0.5303848396878654
6613f83d1a9cf059d0af91ec,28,0.3139228377260661,0.5715736774209598,0.48700466208428034
6613f83d1a9cf059d0af91ec,29,1.1589006716419554,1.2360691959914556,0.4961069923819978
6613f83d1a9cf059d0af91ec,30,1.1953409714493604,0.744770396131281,0.5227152545806203
6613f83d1a9cf059d0af91ec,31,0.825238559519186,1.1211472591279017,0.48507609252063844
6613f83d1a9cf059d0af91ec,32,1.1629915961069215,1.205722284007857,0.4978442865689497
6613f83d1a9cf059d0af91ec,33,0.7706834752046134,0.9928064894049698,0.48879595906399054
6613f83d1a9cf059d0af91ec,34,0.4480475052948246,0.20640282183223901,0.5121883532797749
6613f83d1a9cf059d0af91ec,35,0.9151203777532158,1.109460428495814,0.4901969664403654
6613f83d1a9cf059d0af91ec,36,0.755856477986535,0.030937926342355634,0.536506444335939
6613f83d1a9cf059d0af91ec,37,0.508991908988774,1.0853780816397924,0.4709545469246556
6613f83d1a9cf059d0af91ec,38,0.5195944150017604,-0.23643983177826927,0.5380674734746177
6613f83d1a9cf059d0af91ec,39,1.3984695998996193,1.1943966380304527,0.5102938522774702
6613f83d1a9cf059d0af91ec,40,0.29601542101365586,0.6537818875179779,0.4819588222739692
6613f83d1a9cf059d0af91ec,41,0.8243336796120858,1.6742089936212334,0.4572292975967427
6613f83d1a9cf059d0af91ec,42,0.16203840762316518,-0.5475337038120189,0.5357362702971606
6613f83d1a9cf059d0af91ec,43,0.30060709300715377,0.2776860353251965,0.5011563457644794
6613f83d1a9cf059d0af91ec,44,0.35899239949709094,-0.2967409461540308,0.5330330022971234
6613f83d1a9cf059d0af91ec,45,1.344633412549964,1.1014687908834917,0.5122649870149011
6613f83d1a9cf059d0af91ec,46,-0.5182912075334415,1.6460247535874672,0.39251527362095856
6613f83d1a9cf059d0af91ec,47,1.8437237877828077,1.7142649798671732,0.5065307151107389
6614fb6af3c5aa23b962ea2d,0,0.0,0.0,0.5
6614fb6af3c5aa23b962ea2d,1,0.0,0.0,0.5
6614fb6af3c5aa23b962ea2d,2,0.3000893317933892,0.23319631968030874,0.5057035592474175
6614fb6af3c5aa23b962ea2d,3,0.14819440395203265,-0.006818898203071931,0.5132145343127115
6614fb6af3c5aa23b962ea2d,4,0.2235265021442081,-0.5081385485658759,0.5620655636392422
6614fb6af3c5aa23b962ea2d,5,0.8671200946501783,0.48152145723584566,0.5328317613536093
6614fb6af3c5aa23b962ea2d,6,0.2548502574052265,0.4912486946689352,0.4798537853768712
6614fb6af3c5aa23b962ea2d,7,0.14274074995229175,-0.05147521135387667,0.516554276275889
6614fb6af3c5aa23b962ea2d,8,-0.2556989852081552,0.09794326887901308,0.46988227841695623
6614fb6af3c5aa23b962ea2d,9,-0.3589792176040312,0.49062900297748685,0.4280586533974061
6614fb6af3c5aa23b962ea2d,10,0.7467163901455467,0.48391954538216314,0.5223930664210871
6614fb6af3c5aa23b962ea2d,11,0.09988481167585167,0.8734055278308892,0.4344236664854831
6614fb6af3c5aa23b962ea2d,12,-0.09751593672752845,-0.28421075132141194,0.5159136422756956
6614fb6af3c5aa23b962ea2d,13,-0.3562587166191571,-0.22530350741564503,0.4888356194750643
6614fb6af3c5aa23b962ea2d,14,0.34868582928171926,0.17979240537198007,0.5143971561145211
6614fb6af3c5aa23b962ea2d,15,0.18806857721732329,0.07391410679552646,0.5097324483841659
6614fb6af3c5aa23b962ea2d,16,-0.06594511741457368,0.05994117299167803,0.4892676267596806
6614fb6af3c5aa23b962ea2d,17,-0.05865870354486846,0.1470594534654334,0.4824660990598655
6614fb6af3c5aa23b962ea2d,18,-0.0016313986126718083,-0.089518912681844,0.5074933963743912
6614fb6af3c5aa23b962ea2d,19,-0.01693747907214755,-0.07538251444717073,0.5049833029330971
6614fb6af3c5aa23b962ea2d,20,-0.23100340599941485,-0.011730601407458302,0.4813118437132727
6614fb6af3c5aa23b962ea2d,21,-0.26414259035064225,-0.08532595606763699,0.48475745908053
6614fb6af3c5aa23b962ea2d,22,0.2015108807869474,0.10392029922415094,0.5083205465649933
6614fb6af3c5aa23b962ea2d,23,-0.10023860768875578,0.10423974878751029,0.4825716846552853
6614fb6af3c5aa23b962ea2d,24,-0.10698642413966304,-0.17173929089060944,0.505521097180862
6614fb6af3c5aa23b962ea2d,25,-0.03831953094378067,-0.12351079822194466,0.5072635439486356
6614fb6af3c5aa23b962ea2d,26,-0.035581777076476834,0.15118312700419145,0.48408038741810794
6614fb6af3c5aa23b962ea2d,27,0.1980530167910465,-0.02152818604500405,0.5187144158777062
6614fb6af3c5aa23b962ea2d,28,0.07514751818083791,1.3171674972862764,0.3956517367041734
6614fb6af3c5aa23b962ea2d,29,0.40924738527223176,0.7590681034745157,0.4702069620170516
6614fb6af3c5aa23b962ea2d,30,0.04035757772958042,-0.2917524866617549,0.5282879885109859
6614fb6af3c5aa23b962ea2d,31,-0.3419429833930654,-0.703231871279897,0.5307673146148648
6614fb6af3c5aa23b962ea2d,32,-0.33191942008306885,0.029348565277725794,0.4692344609450416
6614fb6af3c5aa23b962ea2d,33,-0.11490979524574643,-0.10811611078683672,0.4994207190847375
6614fb6af3c5aa23b962ea2d,34,0.005375346715806058,-0.10275118916340573,0.5092186455087094
6614fb6af3c5aa23b962ea2d,35,0.14260355285257512,0.09606231172141291,0.5039683766412506
6614fb6af3c5aa23b962ea2d,36,0.06460940377594238,0.15461666119606293,0.49232589977873753
6614fb6af3c5aa23b962ea2d,37,-0.05921137081586223,-0.14761393226775846,0.5075373033072087
6614fb6af3c5aa23b962ea2d,38,-0.12713785676946918,-0.4288151565396202,0.5257006291669482
6614fb6af3c5aa23b962ea2d,39,0.04963600382023431,-0.1580263389338861,0.5176994711996887
6614fb6af3c5aa23b962ea2d,40,-0.39856010622802407,0.005835857295163486,0.4655726878648233
6614fb6af3c5aa23b962ea2d,41,0.026290536392471378,-0.005702785399291893,0.502727966722535
6614fb6af3c5aa23b962ea2d,42,0.02570649651364193,0.038723949181022156,0.49889003486578576
6614fb6af3c5aa23b962ea2d,43,0.5639050837630786,0.08157750890394634,0.5410344147462405
6614fb6af3c5aa23b962ea2d,44,0.021581170203229652,0.4118334776712487,0.4667731629501525
6614fb6af3c5aa23b962ea2d,45,-0.11272647151090358,0.4518939449134033,0.4520044075105987
6614fb6af3c5aa23b962ea2d,46,0.5338182916024621,0.564172233442994,0.49741181532124873
6614fb6af3c5aa23b962ea2d,47,0.6246509727009065,0.33309213763162726,0.5248400560175637
6631997e0554bb6d25062fd4,0,0.0,0.0,0.5
6631997e0554bb6d25062fd4,1,0.0,0.0,0.5
6631997e0554bb6d25062fd4,2,0.0,0.0,0.5
6631997e0554bb6d25062fd4,3,0.602050462234816,0.2549898391034788,0.6148433165652332
6631997e0554bb6d25062fd4,4,0.575213607164044,0.2666437239015056,0.6024885897043626
6631997e0554bb6d25062fd4,5,0.6962468592115394,0.13813889167458743,0.6796439017543328
6631997e0554bb6d25062fd4,6,0.22205694550156374,0.8285288502892945,0.3063342050425001
6631997e0554bb6d25062fd4,7,0.5244023626999571,0.6233958956025784,0.4666971492364815
6631997e0554bb6d25062fd4,8,0.17908193280067847,0.2694398756703782,0.4695947767628084
6631997e0554bb6d25062fd4,9,0.11810800610880717,0.27070065242637736,0.4487699308458358
6631997e0554bb6d25062fd4,10,0.15394307204881336,0.1970230271432618,0.4854898691615243
6631997e0554bb6d25062fd4,11,0.5039159890774122,0.7224952058561617,0.42688569242150487
6631997e0554bb6d25062fd4,12,0.4928903291940594,0.5360056076691538,0.4854779782785919
6631997e0554bb6d25062fd4,13,0.8719517887199767,0.9082960442920942,0.48775758728697777
6631997e0554bb6d25062fd4,14,0.8157736515907906,0.7929126994865248,0.5077015477516738
6631997e0554bb6d25062fd4,15,0.551221652310934,0.8270748063632287,0.4081171903606672
6631997e0554bb6d25062fd4,16,0.33116338206578433,0.37314836308412935,0.4858584775376336
6631997e0554bb6d25062fd4,17,0.8564736910136137,0.8948999283988652,0.48705658515798095
6631997e0554bb6d25062fd4,18,0.885659338059559,0.8268829641478475,0.519792189872651
6631997e0554bb6d25062fd4,19,0.8797589000640746,0.7946274456912823,0.5286504931983813
6631997e0554bb6d25062fd4,20,0.6526368346260225,1.0631200241912988,0.3651248889165893
6631997e0554bb6d25062fd4,21,0.659488319287608,0.9498188574785129,0.4034128671993029
6631997e0554bb6d25062fd4,22,0.8412523868849877,0.8032345458362578,0.5128059119480898
6631997e0554bb6d25062fd4,23,1.0356751081356415,0.6442572192031002,0.6288987740427835
6631997e0554bb6d25062fd4,24,1.3526297435703296,0.9649240565194941,0.6277304535292709
6631997e0554bb6d25062fd4,25,0.04606485961129244,1.0313828335965847,0.2095124746476912
6631997e0554bb6d25062fd4,26,0.015293926297857682,0.004512984583349991,0.5036321778618064
6631997e0554bb6d25062fd4,27,0.7703724446068987,0.8412566936790873,0.4761363041541485
6631997e0554bb6d25062fd4,28,1.1100945644945015,0.16711807518716368,0.7808805143806844
6631997e0554bb6d25062fd4,29,0.988499267359635,0.26660055740106314,0.7256909543291281
6631997e0554bb6d25062fd4,30,0.8710053755085531,0.9308539698332087,0.4798471413198796
6631997e0554bb6d25062fd4,31,0.6462989208074912,0.2794908844047928,0.6211259148774724
6631997e0554bb6d25062fd4,32,-0.011555249767858503,0.07435840660631911,0.47108684585507693
6631997e0554bb6d25062fd4,33,0.16747629010420062,0.2837015693451803,0.46092202750624206
6631997e0554bb6d25062fd4,34,0.9676701482525455,1.318582875342699,0.3839280619203047
6631997e0554bb6d25062fd4,35,1.0712161460801037,0.5626952939679366,0.664922709554073
6631997e0554bb6d25062fd4,36,0.5607523487295829,0.9794432530357527,0.36256466363078027
6631997e0554bb6d25062fd4,37,0.9673801551085436,0.4317151817171644,0.6730231683982854
6631997e0554bb6d25062fd4,38,1.1249065817614126,0.8817397490361252,0.5812007367392062
6631997e0554bb6d25062fd4,39,0.8412259948807601,0.7964996601207213,0.5150643326945268
6631997e0554bb6d25062fd4,40,0.8694658668849387,0.6461882793751033,0.574662681023719
6631997e0554bb6d25062fd4,41,0.6485024602532277,0.9252741669058127,0.40781820272012986
6631997e0554bb6d25062fd4,42,0.48927363659789747,0.830736616017457,0.3869446505877869
6631997e0554bb6d25062fd4,43,0.5935247578492435,1.1627529673578711,0.31710199774689624
6631997e0554bb6d25062fd4,44,1.1900465319093225,0.824713781166462,0.620657928548015
6631997e0554bb6d25062fd4,45,0.8368667041753958,0.8845854475463661,0.4839284630105214
6631997e0554bb6d25062fd4,46,1.0392544549938865,0.9677353896291029,0.5240770822821916
6631997e0554bb6d25062fd4,47,0.8335582603946066,0.6964751360824935,0.5460542086877709
663636e1e732142a9c211523,0,0.0,0.0,0.5
663636e1e732142a9c211523,1,0.026483403886023903,0.2646925331515415,0.4551396825889219
663636e1e732142a9c211523,2,0.3332982546812975,0.33973036261775386,0.49878542084924565
663636e1e732142a9c211523,3,0.1478409169142992,0.09007064477639137,0.51090708917842
663636e1e732142a9c211523,4,0.08723458825806842,0.2349993761696812,0.4721263523592752
663636e1e732142a9c211523,5,0.389402419449053,0.4949733774918257,0.48007548410399514
663636e1e732142a9c211523,6,0.33985547237842817,0.34019023301719853,0.4999367868055169
663636e1e732142a9c211523,7,0.6831362101686564,0.4981978364479206,0.5348654275889592
663636e1e732142a9c211523,8,0.6139474728456404,0.6257745552865029,0.4977666947424613
663636e1e732142a9c211523,9,0.5847867708372052,0.6793236035957617,0.4821560941388035
663636e1e732142a9c211523,10,0.6243179139799919,0.42868548869181033,0.5368744006545186
663636e1e732142a9c211523,11,0.5666855218406119,0.6844122141970357,0.4777841845223109
663636e1e732142a9c211523,12,0.39156836971785747,0.5985186403807959,0.4610007455137193
663636e1e732142a9c211523,13,0.6451781510798422,0.49674446281759804,0.5279995624655808
663636e1e732142a9c211523,14,0.5269486250845188,0.7033169539333157,0.4667453519246073
663636e1e732142a9c211523,15,0.6162574515227612,0.5956697985081184,0.5038875093004415
663636e1e732142a9c211523,16,0.8228159091021512,0.724114117991892,0.5186293328133612
663636e1e732142a9c211523,17,0.604393272757701,0.34116074782906547,0.549543363913752
663636e1e732142a9c211523,18,0.6089526480759646,0.5572189883856751,0.5097676771971925
663636e1e732142a9c211523,19,0.7402445171667422,0.6145543948499601,0.5237163844412628
663636e1e732142a9c211523,20,0.4329623554049621,0.6775948798396407,0.45393677434886365
663636e1e732142a9c211523,21,0.4458458346858022,0.42753104179423973,0.5034583459778184
663636e1e732142a9c211523,22,0.5231983223994988,0.007919872911417387,0.596090638337167
663636e1e732142a9c211523,23,0.020924492456881036,0.17132289340005147,0.4716306176733854
663636e1e732142a9c211523,24,-0.0030151234015187572,0.09316368670798558,0.4818464396575885
663636e1e732142a9c211523,25,0.5556392447591227,0.33970942887290145,0.5406841033641141
663636e1e732142a9c211523,26,0.18918139010521,0.35002662258037326,0.4696647326761701
663636e1e732142a9c211523,27,0.4211554203459536,0.1692938469954811,0.5474163649482757
663636e1e732142a9c211523,28,0.546585769833716,0.4416755819733405,0.5197999388825508
663636e1e732142a9c211523,29,0.5449520519363663,0.5837517118834781,0.492673944741759
663636e1e732142a9c211523,30,0.4634570014981374,0.685888382543405,0.45809657379713686
663636e1e732142a9c211523,31,0.5769851140110297,0.6891777620363442,0.478827216123567
663636e1e732142a9c211523,32,0.7379631117292025,0.7637743703375082,0.49512618793200375
663636e1e732142a9c211523,33,0.5621777604265226,0.6481210751963653,0.4837769322632313
663636e1e732142a9c211523,34,0.8999856425932802,0.67437519414638,0.5424994561964958
663636e1e732142a9c211523,35,0.42486393786283005,0.7085988806030812,0.4466261698963358
663636e1e732142a9c211523,36,0.6542058436232914,0.34489955440046305,0.5581424066095962
663636e1e732142a9c211523,37,0.6510908372662474,0.3087873918142615,0.5642798269040025
663636e1e732142a9c211523,38,0.7477559604885389,0.8418389457381175,0.48224168600235534
663636e1e732142a9c211523,39,0.6788114216245733,0.6314887298544054,0.5089350411439122
663636e1e732142a9c211523,40,0.8038920989825603,0.8846161455000798,0.48476151618569274
663636e1e732142a9c211523,41,0.9513466952394714,0.9483370701289844,0.5005683103521826
663636e1e732142a9c211523,42,0.8947954070179334,0.851680922441935,0.5081406329300502
663636e1e732142a9c211523,43,0.6682917016876899,0.6376514061915124,0.5057855801951016
663636e1e732142a9c211523,44,0.7136209766994545,0.7896730364280532,0.4856429592856406
663636e1e732142a9c211523,45,0.6140616165137209,0.6463786523440853,0.4938978439624357
663636e1e732142a9c211523,46,0.6460143373018246,0.6095001185170891,0.506894580359227
663636e1e732142a9c211523,47,0.7087188051255071,0.7092921813752643,0.49989172877627547
664c9a37d570871d534dd3c2,0,0.0,0.0,0.5
664c9a37d570871d534dd3c2,1,0.12587008115033593,0.5956013602573245,0.4330154130517615
664c9a37d570871d534dd3c2,2,1.0841203284624379,0.31624455537396823,0.6084141965777478
664c9a37d570871d534dd3c2,3,0.6659350979774223,1.3144693361134363,0.4080176933300458
664c9a37d570871d534dd3c2,4,1.0888509022246802,1.1227030282974002,0.49514357899442224
664c9a37d570871d534dd3c2,5,1.3887889163126654,0.5535133182035042,0.6175894458958939
664c9a37d570871d534dd3c2,6,0.6621012216401672,1.029766378648682,0.447447956820473
664c9a37d570871d534dd3c2,7,-0.30075459376055436,0.1898963358457805,0.43007045742825706
664c9a37d570871d534dd3c2,8,0.12653722517516525,-0.4730509318061238,0.585180809065753
664c9a37d570871d534dd3c2,9,1.223659909575865,0.6758783889690614,0.5779463265466891
664c9a37d570871d534dd3c2,10,-0.0865048961244759,0.6401216811724781,0.3972396161524759
664c9a37d570871d534dd3c2,11,-0.027356593767414963,0.0741626464041138,0.4854397246235177
664c9a37d570871d534dd3c2,12,0.25021140072856535,0.08648091749472918,0.5234722242324585
664c9a37d570871d534dd3c2,13,-0.016974316016139093,-0.5605778182047828,0.5773613876084446
664c9a37d570871d534dd3c2,14,0.20742357459377916,-0.6177698474585079,0.6162220873882466
664c9a37d570871d534dd3c2,15,0.0221446174074474,0.5365533456277305,0.42673196473931696
664c9a37d570871d534dd3c2,16,-0.2057169524434002,0.3087392457146608,0.4267253007433461
664c9a37d570871d534dd3c2,17,0.6923923192169532,0.6967318150203781,0.499377437316943
664c9a37d570871d534dd3c2,18,0.03031088370936698,-0.013379269754129508,0.5062676517546381
664c9a37d570871d534dd3c2,19,0.632844036923895,0.579508283038194,0.5076511827103234
664c9a37d570871d534dd3c2,20,0.6036007809735316,0.29797535119886354,0.5437343094901472
664c9a37d570871d534dd3c2,21,0.025126637106464456,-0.573924045738724,0.5851059366371394
664c9a37d570871d534dd3c2,22,-0.5749493235578358,0.15289317530392904,0.39707255491776383
664c9a37d570871d534dd3c2,23,0.6757766570958716,0.5261880010462436,0.5214474725546958
664c9a37d570871d534dd3c2,24,0.29408457097845764,1.1847884641703401,0.3749270077264168
664c9a37d570871d534dd3c2,25,0.32043554271566355,0.5114703041359713,0.4726207343685681
664c9a37d570871d534dd3c2,26,0.4926334015531605,0.36071795928706185,0.5189161324836313
664c9a37d570871d534dd3c2,27,0.7905784157877503,-0.18154027801110784,0.635956676209431
664c9a37d570871d534dd3c2,28,0.29215948520024954,0.33389792953532293,0.49401230689225417
664c9a37d570871d534dd3c2,29,0.4471348000606116,0.3060734997029256,0.5202262261337112
664c9a37d570871d534dd3c2,30,0.5355317094159996,0.3499731470391878,0.5265959152011499
664c9a37d570871d534dd3c2,31,-0.3860389985459869,-0.1271022982737843,0.4629200125099844
664c9a37d570871d534dd3c2,32,0.8686586225225564,-0.5875309685636703,0.6975472640922193
664c9a37d570871d534dd3c2,33,1.1671317164352346,0.7403242817137116,0.5609273798721286
664c9a37d570871d534dd3c2,34,1.6071825145914005,1.103401277049457,0.5717754456356822
664c9a37d570871d534dd3c2,35,0.5807011145024101,0.48346494568253073,0.5139463066795175
664c9a37d570871d534dd3c2,36,0.6044234743453942,0.22785052725201538,0.5538155340961775
664c9a37d570871d534dd3c2,37,0.26130211828642375,0.2091608264248681,0.5074798592108164
664c9a37d570871d534dd3c2,38,0.3021297853446259,0.26987100724717855,0.5046278529178077
664c9a37d570871d534dd3c2,39,1.1405869000408466,0.7481920906568296,0.5560580011619637
664c9a37d570871d534dd3c2,40,-0.6199081125966243,-0.4823764164691634,0.4802793382025844
664c9a37d570871d534dd3c2,41,1.3947373822060714,0.2469641813984545,0.6589589091800434
664c9a37d570871d534dd3c2,42,1.7590195827182185,0.5060324651825426,0.6723947021246993
664c9a37d570871d534dd3c2,43,0.744142493860793,0.6998024815731264,0.5063608684686288
664c9a37d570871d534dd3c2,44,0.14293902029506023,0.653808749380349,0.42722885657914916
664c9a37d570871d534dd3c2,45,0.45742201170625013,1.732115468056825,0.32486732844863114
664c9a37d570871d534dd3c2,46,0.1380343335459528,-0.8760682215769315,0.6415160494605238
664c9a37d570871d534dd3c2,47,0.958236499497382,-0.816424467373228,0.7346612947239427
66723b1f7c3cf6961f0868a3,0,0.0,0.0,0.5
66723b1f7c3cf6961f0868a3,1,0.0,0.0,0.5
66723b1f7c3cf6961f0868a3,2,0.18512514674709596,1.0083776219499694,0.4331614541848039
66723b1f7c3cf6961f0868a3,3,0.03721517407443965,0.2725453761127209,0.48078833997751685
66723b1f7c3cf6961f0868a3,4,0.2234971309755114,-0.41330201756729196,0.5518252020178752
66723b1f7c3cf6961f0868a3,5,0.4956100444240149,0.6637984991845094,0.48626628562142726
66723b1f7c3cf6961f0868a3,6,0.11174407965949122,-0.4876909082517511,0.5488043134011087
66723b1f7c3cf6961f0868a3,7,0.36950105357671126,1.5029796827887925,0.408464268078698
66723b1f7c3cf6961f0868a3,8,0.9447667469915051,1.099149734527194,0.48739309532947894
66723b1f7c3cf6961f0868a3,9,1.4770236368163756,0.5113646731939783,0.5782246070971792
66723b1f7c3cf6961f0868a3,10,0.959558219789888,0.8754403990284227,0.5068700795484495
66723b1f7c3cf6961f0868a3,11,0.9597679381061338,0.7494952626008357,0.5171677417641912
66723b1f7c3cf6961f0868a3,12,1.2077836179170505,1.0678366162326876,0.5114284948121975
66723b1f7c3cf6961f0868a3,13,0.9635251313963706,1.0194029680089107,0.49543617894472425
66723b1f7c3cf6961f0868a3,14,0.33961393782059823,-0.1936198256253513,0.54344324589944
66723b1f7c3cf6961f0868a3,15,-1.2899403170224897,-1.8219757681928606,0.5433461082849971
66723b1f7c3cf6961f0868a3,16,-0.9178687815664518,-0.13870677329931974,0.43670163768452835
66723b1f7c3cf6961f0868a3,17,-0.30432878489849924,1.2344098568155633,0.37690173345918504
66723b1f7c3cf6961f0868a3,18,1.5731617932145707,0.018724303890395477,0.6243020225415625
66723b1f7c3cf6961f0868a3,19,0.8129829944222402,-0.32839400524846574,0.5921590802790455
66723b1f7c3cf6961f0868a3,20,-1.226026352476209,1.2659711360540948,0.3070051665506712
66723b1f7c3cf6961f0868a3,21,-0.37761603593688997,-0.24381380118994173,0.48907314196187
66723b1f7c3cf6961f0868a3,22,0.5570670147271346,0.9554419701923534,0.467507685390606
66723b1f7c3cf6961f0868a3,23,-0.030296085863378563,0.02472096037104081,0.49550648016437965
66723b1f7c3cf6961f0868a3,24,0.7800580623775997,0.7316893959694982,0.5039505372532475
66723b1f7c3cf6961f0868a3,25,-0.09102182923752969,-0.4597364217834273,0.5300792274954741
66723b1f7c3cf6961f0868a3,26,-0.4788968261929786,1.7843320069919995,0.323131600903609
66723b1f7c3cf6961f0868a3,27,-0.5728782145863298,-0.4953182307155616,0.4936654530640878
66723b1f7c3cf6961f0868a3,28,-0.6111220041178851,-1.31159048958684,0.5569639437578167
66723b1f7c3cf6961f0868a3,29,0.6217009212874154,-0.4236541984929259,0.5845613796263349
66723b1f7c3cf6961f0868a3,30,-1.0475060067335935,-0.3362443458781935,0.4421661172686479
66723b1f7c3cf6961f0868a3,31,2.689354397443683,0.7113289788549798,0.6561623567101355
66723b1f7c3cf6961f0868a3,32,-2.6939759168139528,-1.9676811460904275,0.4409550283172147
66723b1f7c3cf6961f0868a3,33,1.8309048191151955,1.8597248542596478,0.49764607629178126
66723b1f7c3cf6961f0868a3,34,0.4803075357628988,0.14669823106758606,0.5272213465509114
66723b1f7c3cf6961f0868a3,35,-0.864969747743554,-1.2613724307042862,0.5323319017524697
66723b1f7c3cf6961f0868a3,36,-0.7073685333766411,1.6365552244904178,0.31739247754327204
66723b1f7c3cf6961f0868a3,37,-0.7105235925474709,0.1110075554510972,0.4332995402965473
66723b1f7c3cf6961f0868a3,38,-0.66018443477673,0.9469575551636233,0.3716679953538384
66723b1f7c3cf6961f0868a3,39,3.0365214423316056,1.5930306104945855,0.6157627215992431
66723b1f7c3cf6961f0868a3,40,0.23365188450571284,-0.18231240133357657,0.5339226247012048
66723b1f7c3cf6961f0868a3,41,0.4055366160649092,0.16428908608293774,0.5196942394616663
66723b1f7c3cf6961f0868a3,42,-2.181381597287679,-1.1143661096540258,0.4137210985204828
66723b1f7c3cf6961f0868a3,43,0.3914366951586471,2.6594527039636793,0.3227896183904521
66723b1f7c3cf6961f0868a3,44,1.057653005360368,2.588516817737215,0.3775061331458321
66723b1f7c3cf6961f0868a3,45,-0.31009648604214113,0.6352004157597684,0.4233986417170979
66723b1f7c3cf6961f0868a3,46,-1.043415226707043,0.7288985978878211,0.35915562584406296
66723b1f7c3cf6961f0868a3,47,0.767163002897619,-0.9166943119753318,0.634166055927123
667a7ab2a6179deb78e9dd1a,0,0.0,0.0,0.5
667a7ab2a6179deb78e9dd1a,1,0.0,0.0,0.5
667a7ab2a6179deb78e9dd1a,2,0.0,0.0,0.5
667a7ab2a6179deb78e9dd1a,3,0.0,0.0,0.5
667a7ab2a6179deb78e9dd1a,4,0.0,0.0,0.5
667a7ab2a6179deb78e9dd1a,5,0.0,0.0,0.5
667a7ab2a6179deb78e9dd1a,6,0.0,0.0,0.5
667a7ab2a6179deb78e9dd1a,7,0.0,0.0,0.5
667a7ab2a6179deb78e9dd1a,8,0.0,0.0,0.5
667a7ab2a6179deb78e9dd1a,9,0.0,0.0,0.5
667a7ab2a6179deb78e9dd1a,10,0.45564825274103055,0.08047908259227693,0.6634082159508016
667a7ab2a6179deb78e9dd1a,11,-0.11625450903591106,-0.2376102987628016,0.5546508952706276
667a7ab2a6179deb78e9dd1a,12,0.05173175737523143,0.17932641501910082,0.4425636952922553
667a7ab2a6179deb78e9dd1a,13,-0.05304752140832282,0.0018284739841790756,0.47520857897824126
667a7ab2a6179deb78e9dd1a,14,-0.007823481511245439,-0.15608568236731185,0.5666368449813838
667a7ab2a6179deb78e9dd1a,15,0.09438611348399106,0.08994342191158833,0.5020087186666178
667a7ab2a6179deb78e9dd1a,16,0.10992444124223415,0.07767211269626806,0.5145785136719732
667a7ab2a6179deb78e9dd1a,17,0.0652022767578357,0.10727981752930622,0.48098413365170734
667a7ab2a6179deb78e9dd1a,18,0.02045512291626171,-0.0006956033235239051,0.5095619753411108
667a7ab2a6179deb78e9dd1a,19,0.012166148207333853,-0.01755336546783707,0.5134342196883354
667a7ab2a6179deb78e9dd1a,20,-0.09106955040962028,-0.006330892682866244,0.4617608705960023
667a7ab2a6179deb78e9dd1a,21,0.34158845012221306,0.06788177028234325,0.6212877458157237
667a7ab2a6179deb78e9dd1a,22,0.4004049396832337,0.10602553369919152,0.6300440304172064
667a7ab2a6179deb78e9dd1a,23,0.06908801080036558,0.015666414074948752,0.5241353999074554
667a7ab2a6179deb78e9dd1a,24,0.25080092593283476,0.29424518897062824,0.48036710362329976
667a7ab2a6179deb78e9dd1a,25,0.2379904835554144,0.0298239559918719,0.5930247347589884
667a7ab2a6179deb78e9dd1a,26,-0.10693912131151008,-0.28044827830066155,0.5778133614345653
667a7ab2a6179deb78e9dd1a,27,-0.05554787083673539,0.24575668229609027,0.36704141109053284
667a7ab2a6179deb78e9dd1a,28,0.8672500694211742,0.5826705940193138,0.6259033665457757
667a7ab2a6179deb78e9dd1a,29,0.8912663522016373,-0.11822556482405197,0.861253052462159
667a7ab2a6179deb78e9dd1a,30,-0.4914757574333185,-0.5354136725885839,0.5198557494038901
667a7ab2a6179deb78e9dd1a,31,-0.7205231136877592,-0.7068714359360073,0.4938278104514399
667a7ab2a6179deb78e9dd1a,32,-0.5950607933864249,-0.5506500138129156,0.4799307893215571
667a7ab2a6179deb78e9dd1a,33,-0.5439260125969684,-0.6691268143036853,0.5563679593804732
667a7ab2a6179deb78e9dd1a,34,0.306751159000822,0.2485613837926957,0.5262858115434407
667a7ab2a6179deb78e9dd1a,35,0.17789852548671478,-0.10256922041502396,0.6241605338332621
667a7ab2a6179deb78e9dd1a,36,0.368678862107643,0.04175120523841451,0.6436568320855205
667a7ab2a6179deb78e9dd1a,37,-0.10211796228991223,0.0803464117651165,0.41824073021687713
667a7ab2a6179deb78e9dd1a,38,0.08599550485852755,0.2434249112421472,0.4292964791524712
667a7ab2a6179deb78e9dd1a,39,-0.0010254572015789831,0.308201718481958,0.36371894467757554
667a7ab2a6179deb78e9dd1a,40,0.4084948194569803,0.09859427552996324,0.6365628486455586
667a7ab2a6179deb78e9dd1a,41,-0.07350916003678308,-0.1876150915478609,0.5514098120358153
667a7ab2a6179deb78e9dd1a,42,-0.24082996965346687,-0.22693474660598725,0.4937177103647381
667a7ab2a6179deb78e9dd1a,43,-0.23043305657697516,-0.22809120460254273,0.4989411508823441
667a7ab2a6179deb78e9dd1a,44,-0.09677925378917501,-0.07768770051635003,0.4913687557420594
667a7ab2a6179deb78e9dd1a,45,-0.01659309942256923,-0.10368227262515001,0.5392955078800459
667a7ab2a6179deb78e9dd1a,46,-0.06783597793986137,-0.21007097130639907,0.5639581732641887
667a7ab2a6179deb78e9dd1a,47,0.24952906559642074,0.31666685454989874,0.46968139668194964
667bd577710d52a05ac09036,0,0.0,0.0,0.5
667bd577710d52a05ac09036,1,0.14356331290287344,0.49901789912613603,0.42204416434941944
667bd577710d52a05ac09036,2,0.31179690475390764,0.6925604275181266,0.41659371524888517
667bd577710d52a05ac09036,3,0.05166699872224873,0.010425796267218321,0.5091180992961242
667bd577710d52a05ac09036,4,1.1175507242555747,0.4449755231994803,0.64448174345092
667bd577710d52a05ac09036,5,-0.023757468654558966,0.9742850067258263,0.29261141734184576
667bd577710d52a05ac09036,6,-0.29568551971287305,-0.39363164362471037,0.521643969553756
667bd577710d52a05ac09036,7,-0.020992086043256267,-0.028136279324160643,0.5015796937443204
667bd577710d52a05ac09036,8,-0.25531682773259307,0.7419655127014425,0.2927505988998268
667bd577710d52a05ac09036,9,-0.0042473681409963965,-0.2746887222179086,0.5595155511322318
667bd577710d52a05ac09036,10,-0.07533153520081817,-0.5283674350500094,0.598854593079278
667bd577710d52a05ac09036,11,1.534279215396254,-0.019015326092029383,0.7979992421175849
667bd577710d52a05ac09036,12,-0.21363300843693406,-0.4918688396812655,0.5612139160016067
667bd577710d52a05ac09036,13,-0.08097987279891902,-0.14414146758230406,0.5139624396587299
667bd577710d52a05ac09036,14,-0.08058336912431657,0.6640357157042714,0.34105636160357644
667bd577710d52a05ac09036,15,0.9206459924525808,0.023013355840807093,0.6886735982226495
667bd577710d52a05ac09036,16,0.3264878334339082,0.31507642979310096,0.5025232281922486
667bd577710d52a05ac09036,17,0.6128819888206019,1.3841499903028174,0.33577931257245736
667bd577710d52a05ac09036,18,0.2053843184402657,0.2531945866762834,0.4894299359393021
667bd577710d52a05ac09036,19,-0.6804822289036692,-0.14766790909812016,0.384318973765966
667bd577710d52a05ac09036,20,-0.6984684084030147,0.06187909593015445,0.3379369373215936
667bd577710d52a05ac09036,21,-0.5111584738833203,0.016622137426826458,0.3853729718240993
667bd577710d52a05ac09036,22,-0.04844778101242368,0.5921455567734251,0.36202564786339636
667bd577710d52a05ac09036,23,0.1794546979073818,-0.06817334920265876,0.5545368137053569
667bd577710d52a05ac09036,24,-0.39914327454955933,-0.2812310081578072,0.47395125773226465
667bd577710d52a05ac09036,25,0.34710134902050704,-0.06197184227171712,0.5894788342242236
667bd577710d52a05ac09036,26,0.6499116682491364,0.2878361605931046,0.5793835873052252
667bd577710d52a05ac09036,27,0.6223797842743395,0.20733960540648996,0.5907553729510681
667bd577710d52a05ac09036,28,-0.16206855028741915,0.028287340614322504,0.4580083172413348
667bd577710d52a05ac09036,29,-0.22554904457975772,-0.2994440937926289,0.5163336006771059
667bd577710d52a05ac09036,30,0.05055127655455369,0.28307815005718934,0.44876493521262806
667bd577710d52a05ac09036,31,0.19582073742505024,0.2112257214751888,0.49659375656881144
667bd577710d52a05ac09036,32,0.0848414161901514,0.0771091665735266,0.5017097212943107
667bd577710d52a05ac09036,33,0.2752161073550743,0.034227023544512666,0.5530858335930883
667bd577710d52a05ac09036,34,0.3018391320964513,0.0692257359798841,0.5512539954065411
667bd577710d52a05ac09036,35,-0.01901907888821484,0.3126293772180352,0.42718838830221495
667bd577710d52a05ac09036,36,0.418038459547586,0.09993105460828747,0.5698784334176632
667bd577710d52a05ac09036,37,0.06848243598147163,0.18338267565541952,0.4746155045884595
667bd577710d52a05ac09036,38,0.26179047591843996,1.221145534654803,0.29974405901603746
667bd577710d52a05ac09036,39,1.121120097520691,-0.20253064844397556,0.7632758700044588
667bd577710d52a05ac09036,40,-0.517885903562931,-0.8292043763265962,0.5684059954467914
667bd577710d52a05ac09036,41,0.5809462833089565,0.2310205167974443,0.5767625873001853
667bd577710d52a05ac09036,42,-0.08184717532996116,0.14414947974358794,0.4501941316564496
667bd577710d52a05ac09036,43,0.4126180575881585,-0.4815605442067863,0.6880182271100697
667bd577710d52a05ac09036,44,0.1391274223566981,-0.3774722717383978,0.6122820407758968
667bd577710d52a05ac09036,45,-0.1620289529904831,0.013750127240250695,0.4612104460989124
667bd577710d52a05ac09036,46,-0.3630430425037832,-0.08972137585119555,0.43985668339591977
667bd577710d52a05ac09036,47,-0.18242180231961608,-0.7099219952640976,0.6145682802086226
669533c82c03a4d6320159d3,0,0.0,0.0,0.5
669533c82c03a4d6320159d3,1,0.8025021030453812,0.19601419085443778,0.5886533050803731
669533c82c03a4d6320159d3,2,1.5504626617149837,1.2279407816128922,0.5475044573486836
669533c82c03a4d6320159d3,3,0.4073425181592931,0.04413428819333021,0.5534539659982974
669533c82c03a4d6320159d3,4,0.19487734253220665,0.21579194987499836,0.49691019370668055
669533c82c03a4d6320159d3,5,1.5495422747334848,0.3878721064878293,0.6651841343176422
669533c82c03a4d6320159d3,6,1.0296203640767407,0.4302261418450032,0.5876378805481745
669533c82c03a4d6320159d3,7,1.088507448842831,0.6653749826013668,0.5621883183649918
669533c82c03a4d6320159d3,8,0.9581690244988543,0.1953062808456742,0.610831782202747
669533c82c03a4d6320159d3,9,0.8274005125722557,1.1132643137241125,0.4578677019183054
669533c82c03a4d6320159d3,10,0.676504634722797,0.7731612072752839,0.48572420166924013
669533c82c03a4d6320159d3,11,0.6345417099275572,0.6360139044053937,0.4997825035246888
669533c82c03a4d6320159d3,12,0.7243340646227412,0.8249144236699912,0.4851450081609471
669533c82c03a4d6320159d3,13,0.7237851363876057,0.8885852427126695,0.4756722753100544
669533c82c03a4d6320159d3,14,1.1092342235251347,0.8961210525753522,0.5314429930784623
669533c82c03a4d6320159d3,15,0.6233013787496772,0.6910759083187532,0.48998858349337
669533c82c03a4d6320159d3,16,0.5946214859138023,1.0846547171220675,0.428106035849885
669533c82c03a4d6320159d3,17,0.8649791786144432,0.5178381876233228,0.5511062083520623
669533c82c03a4d6320159d3,18,1.0064730341364934,0.8537700418540467,0.5225444708004942
669533c82c03a4d6320159d3,19,0.49545724201488006,0.510566923380929,0.49776776719161064
669533c82c03a4d6320159d3,20,0.6439270202613158,0.20603556002740447,0.5643338490535478
669533c82c03a4d6320159d3,21,0.6292944371250166,0.5941014282339442,0.5051990957107859
669533c82c03a4d6320159d3,22,1.4952984870578567,0.9406712145821375,0.581212841398767
669533c82c03a4d6320159d3,23,0.2054867683162459,0.3773523972041981,0.4746310199163385
669533c82c03a4d6320159d3,24,2.3436858641241067,0.8305730864397303,0.7097492266114319
669533c82c03a4d6320159d3,25,-0.12136003265788474,-0.38494082385164163,0.5388618976057274
669533c82c03a4d6320159d3,26,-0.2483968234141608,1.2151135172977172,0.29632618189624665
669533c82c03a4d6320159d3,27,0.5148671345213671,-0.6524682309311156,0.6659293285667955
669533c82c03a4d6320159d3,28,0.3653763471252343,1.3229131313060818,0.36219460369712353
669533c82c03a4d6320159d3,29,-0.7435273681999783,0.18333642071509076,0.3663922675466419
669533c82c03a4d6320159d3,30,-0.6501489358942996,-0.4367403929389664,0.4685135425777639
669533c82c03a4d6320159d3,31,0.499352521505603,1.1280119695959125,0.40817785669294604
669533c82c03a4d6320159d3,32,1.0722346660771902,1.4899516779270299,0.4385995201215354
669533c82c03a4d6320159d3,33,-0.0625636218161506,0.03943285838889221,0.4849359830128077
669533c82c03a4d6320159d3,34,0.09065447518484179,0.8012587616094915,0.396533968364066
669533c82c03a4d6320159d3,35,1.5802344404680977,0.19229455907531584,0.6942779702398797
669533c82c03a4d6320159d3,36,1.8950828904918422,0.8083599688008358,0.655249129018324
669533c82c03a4d6320159d3,37,0.31740675194061385,1.9553902330228161,0.2752876757268684
669533c82c03a4d6320159d3,38,-0.6929980156370994,-0.4558355861157705,0.4650197505358899
669533c82c03a4d6320159d3,39,0.8124922577324649,0.06786800885341926,0.6082666489849774
669533c82c03a4d6320159d3,40,0.3995448682856495,0.7087125840520431,0.4544513511322187
669533c82c03a4d6320159d3,41,0.8251223815840951,0.3692138467633136,0.5669497408559975
669533c82c03a4d6320159d3,42,0.5911135593196865,-0.30034476431783286,0.6287371153920397
669533c82c03a4d6320159d3,43,0.5280182234458333,0.1771283679334924,0.5516542030552555
669533c82c03a4d6320159d3,44,0.0014848725185653278,-0.024721438705110982,0.5038715447276865
669533c82c03a4d6320159d3,45,2.089338722284449,1.6740581063110154,0.5610459325929298
669533c82c03a4d6320159d3,46,2.1983846931612057,1.3605172015702718,0.6213150293141567
669533c82c03a4d6320159d3,47,0.6959161597578216,0.46983199991308594,0.5333512308263507
66b0cd32e02e57ac86e82550,0,0.0,0.0,0.5
66b0cd32e02e57ac86e82550,1,0.09160242135267381,0.10447401363277709,0.4980312720823842
66b0cd32e02e57ac86e82550,2,0.869855725155467,0.8497288972091026,0.5030784033013328
66b0cd32e02e57ac86e82550,3,0.004082067492829369,0.2878173303371933,0.45671072548816655
66b0cd32e02e57ac86e82550,4,-0.23611468534616897,-0.2160705154132672,0.49693423894469957
66b0cd32e02e57ac86e82550,5,-0.3045120453488197,-0.09241973156404146,0.467605459582045
66b0cd32e02e57ac86e82550,6,0.6718297842537694,0.46046842088379525,0.5322832076443551
66b0cd32e02e57ac86e82550,7,0.6489622684219567,0.42773190024167174,0.5337861031446525
66b0cd32e02e57ac86e82550,8,0.7464226381342615,0.5338685775467625,0.532464868495676
66b0cd32e02e57ac86e82550,9,-0.14498809978282032,-0.19801064487194323,0.5081092027114701
66b0cd32e02e57ac86e82550,10,0.34583105925072877,-0.2389819256397452,0.5885062420478796
66b0cd32e02e57ac86e82550,11,0.09941306814976675,-0.3375501701731697,0.5664392514788175
66b0cd32e02e57ac86e82550,12,0.530813769860473,0.29150301928932354,0.5365378535775489
66b0cd32e02e57ac86e82550,13,0.10795474032509608,0.35765242156301746,0.4618822986544384
66b0cd32e02e57ac86e82550,14,0.3496807757504241,0.3647530434933902,0.49769468013566337
66b0cd32e02e57ac86e82550,15,0.8075088935038761,0.21811268947390336,0.5891851213319084
66b0cd32e02e57ac86e82550,16,0.7495951486940848,0.7560804598295232,0.4990080588289987
66b0cd32e02e57ac86e82550,17,0.5999467174031614,0.04303057543059009,0.5843669028237871
66b0cd32e02e57ac86e82550,18,0.5254891451597218,0.3316622820282936,0.5296115485042856
66b0cd32e02e57ac86e82550,19,0.7856891344742208,0.6972265453890923,0.513527243946295
66b0cd32e02e57ac86e82550,20,0.9148641037788083,0.49204835701451544,0.5643123591239919
66b0cd32e02e57ac86e82550,21,0.5405714052843585,0.753477628072253,0.46748149498720765
66b0cd32e02e57ac86e82550,22,-0.028525220667845727,0.569784473978095,0.4094955616607566
66b0cd32e02e57ac86e82550,23,0.974352434944165,0.23882638022431085,0.6106395317063863
66b0cd32e02e57ac86e82550,24,0.6877789123147859,1.0372582877929122,0.44674908458446577
66b0cd32e02e57ac86e82550,25,0.5669259021328777,0.4938107259125179,0.511181261141256
66b0cd32e02e57ac86e82550,26,0.4999783498437683,0.5421426696171724,0.4935512330090773
66b0cd32e02e57ac86e82550,27,0.5593764882648282,0.48634457035048184,0.511168532962969
66b0cd32e02e57ac86e82550,28,0.7583453850221744,0.6546630220411946,0.5158531278658716
66b0cd32e02e57ac86e82550,29,0.7738441579123219,0.5876439975987394,0.5284489605873786
66b0cd32e02e57ac86e82550,30,0.409896195624258,0.6965739010378601,0.4562640809395938
66b0cd32e02e57ac86e82550,31,0.811463557248689,0.829151125239499,0.4972946743272892
66b0cd32e02e57ac86e82550,32,0.8890822833961327,0.931971865426414,0.49344032133830595
66b0cd32e02e57ac86e82550,33,0.9476889953442924,1.017752471538076,0.48928527921218046
66b0cd32e02e57ac86e82550,34,0.9897751413227251,0.8053000460097657,0.5281859544523866
66b0cd32e02e57ac86e82550,35,0.7223829525661614,0.897248100455835,0.47327947565953027
66b0cd32e02e57ac86e82550,36,0.6379171310949817,0.497513189765797,0.5214618934024051
66b0cd32e02e57ac86e82550,37,0.44918873384058783,0.6566378884352986,0.46831272443440974
66b0cd32e02e57ac86e82550,38,0.6401103630663332,0.38663172275161134,0.5386925953095555
66b0cd32e02e57ac86e82550,39,0.5418950576740786,0.48434400897940955,0.5088016490162752
66b0cd32e02e57ac86e82550,40,0.7300674565900886,0.4758881015360049,0.5387991275682413
66b0cd32e02e57ac86e82550,41,0.6524115896490361,0.3703306565148067,0.5430381268934169
66b0cd32e02e57ac86e82550,42,0.7297308951544401,0.28606048915457927,0.567446737724562
66b0cd32e02e57ac86e82550,43,0.4524833253469996,0.7192031981796949,0.45929489944629587
66b0cd32e02e57ac86e82550,44,0.6503825484879779,0.36118868163378937,0.5441178010203094
66b0cd32e02e57ac86e82550,45,0.7366067040857887,0.17946577909289016,0.5844003046227488
66b0cd32e02e57ac86e82550,46,0.8011656566812285,0.752390128967634,0.5074597696954167
66b0cd32e02e57ac86e82550,47,0.02697699376389881,0.42290293702746223,0.4397366432019494
66b0ce2b37f5b9ab41e82585,0,0.0,0.0,0.5
66b0ce2b37f5b9ab41e82585,1,0.0,0.0,0.5
66b0ce2b37f5b9ab41e82585,2,0.3511031024654888,0.3948529155967171,0.4941365076499854
66b0ce2b37f5b9ab41e82585,3,0.9197325345941003,1.5494146086481084,0.41639655901710965
66b0ce2b37f5b9ab41e82585,4,0.7594592236209008,0.8628518394949646,0.48614589694214544
66b0ce2b37f5b9ab41e82585,5,0.17269847306333297,0.41516908683819487,0.46754749535843787
66b0ce2b37f5b9ab41e82585,6,0.6670466267348645,0.6041759701252193,0.5084257186291034
66b0ce2b37f5b9ab41e82585,7,0.5579881827474638,0.8744970357126778,0.4576800044277871
66b0ce2b37f5b9ab41e82585,8,0.7589015484584939,0.5035525918008954,0.5341709179662826
66b0ce2b37f5b9ab41e82585,9,0.8240538304842069,0.22201202488389155,0.5799980056866678
66b0ce2b37f5b9ab41e82585,10,0.6249352720433614,-0.40447162360240513,0.6345723857571981
66b0ce2b37f5b9ab41e82585,11,0.3283729199751071,-0.18790118848609366,0.5687575131802224
66b0ce2b37f5b9ab41e82585,12,-0.3257714906967932,0.014670763906184867,0.45449697738721745
66b0ce2b37f5b9ab41e82585,13,1.2746751762091402,1.1255999997885944,0.5199698276583458
66b0ce2b37f5b9ab41e82585,14,0.24148961434137894,1.0168656997598946,0.39754789217790065
66b0ce2b37f5b9ab41e82585,15,-0.9024437737081473,0.8732127374772409,0.27849068039749975
66b0ce2b37f5b9ab41e82585,16,0.4797960078870438,0.473377750411328,0.5008602343431203
66b0ce2b37f5b9ab41e82585,17,0.44353375880208246,0.8335606385542546,0.44791457084837155
66b0ce2b37f5b9ab41e82585,18,0.05964451321929631,0.9919354985240686,0.3775835340346108
66b0ce2b37f5b9ab41e82585,19,0.10431162115374089,-0.6757371884277965,0.6030519410398631
66b0ce2b37f5b9ab41e82585,20,-0.7684907097510271,-0.5433590281945867,0.4698623137492149
66b0ce2b37f5b9ab41e82585,21,-0.20488927327278264,-1.833781432128811,0.7054272711884882
66b0ce2b37f5b9ab41e82585,22,1.9114616144327932,1.9150995845334093,0.4995124052085188
66b0ce2b37f5b9ab41e82585,23,2.6066061182184126,2.5371800704676333,0.5093040573492829
66b0ce2b37f5b9ab41e82585,24,0.7350029205529017,2.6830475406790173,0.2603055622859801
66b0ce2b37f5b9ab41e82585,25,0.21993988402639986,1.2920332023036467,0.3601373419665276
66b0ce2b37f5b9ab41e82585,26,1.6398736117714934,2.5835705391504504,0.3761475189104061
66b0ce2b37f5b9ab41e82585,27,0.9624714118789185,-0.20165429195630302,0.6511523336830595
66b0ce2b37f5b9ab41e82585,28,0.8705088864422124,0.6590689657174885,0.5283088585434695
66b0ce2b37f5b9ab41e82585,29,0.3025396776628445,0.291645693477017,0.5014601100023158
66b0ce2b37f5b9ab41e82585,30,0.5635404683438882,0.6090931072322396,0.49389491061501567
66b0ce2b37f5b9ab41e82585,31,0.026595146168380324,0.2899948609908493,0.46475524356306497
66b0ce2b37f5b9ab41e82585,32,0.5739964781371888,0.30136223508251936,0.5364760874964912
66b0ce2b37f5b9ab41e82585,33,-0.49285228416299054,2.4863677124046992,0.16837160039207533
66b0ce2b37f5b9ab41e82585,34,-0.9831246830718455,-1.3789993987760596,0.5528605786142279
66b0ce2b37f5b9ab41e82585,35,1.2565815622766716,-1.4685447402540288,0.8116837650256508
66b0ce2b37f5b9ab41e82585,36,-0.888357906732139,-1.0903143768487908,0.5270416921761478
66b0ce2b37f5b9ab41e82585,37,-0.7225391646032149,-1.1133317496966926,0.552186940342294
66b0ce2b37f5b9ab41e82585,38,-0.6803370282048249,2.0363851667285657,0.18900589629362463
66b0ce2b37f5b9ab41e82585,39,1.6058026947597746,2.2617616345965033,0.41297723520039104
66b0ce2b37f5b9ab41e82585,40,-1.613114624528214,2.462438969361614,0.1011077861205421
66b0ce2b37f5b9ab41e82585,41,0.6221989348434707,2.082149096694214,0.3137371959266383
66b0ce2b37f5b9ab41e82585,42,2.6461426486022344,2.8485189796209456,0.47290219906255354
66b0ce2b37f5b9ab41e82585,43,1.1748967327669009,1.9045364626937378,0.403435029471132
66b0ce2b37f5b9ab41e82585,44,3.8837839012247883,3.5032155027804923,0.5508311426855028
66b0ce2b37f5b9ab41e82585,45,2.004442176938301,-0.6161740762502244,0.8029695464800848
66b0ce2b37f5b9ab41e82585,46,2.663422602620404,-1.2164157188798046,0.8889489291696157
66b0ce2b37f5b9ab41e82585,47,-1.7363967359097408,-0.7524229539702454,0.3710941735930789
66cc85c87017ef38adbaebc6,0,0.0,0.0,0.5
66cc85c87017ef38adbaebc6,1,0.3103689576702633,1.0000752181541104,0.4253927373047209
66cc85c87017ef38adbaebc6,2,0.3152645712641465,0.40668987189781564,0.4900372194591189
66cc85c87017ef38adbaebc6,3,0.7937474548750642,1.032359650072458,0.4740179791209123
66cc85c87017ef38adbaebc6,4,0.07880292168015698,-0.012682841218578933,0.5099693674775798
66cc85c87017ef38adbaebc6,5,-0.30779206271817466,-0.3784213415158999,0.5076970111317379
66cc85c87017ef38adbaebc6,6,1.4603609723569544,0.5138325683830975,0.6017193589984031
66cc85c87017ef38adbaebc6,7,1.0294945971501632,0.539881130589847,0.5531594593343956
66cc85c87017ef38adbaebc6,8,0.03136585607620246,0.13131092820288176,0.48910908570225226
66cc85c87017ef38adbaebc6,9,0.7257985779876284,-0.14712295560082028,0.5940047190808235
66cc85c87017ef38adbaebc6,10,0.8017992297422003,1.046937505549642,0.4733086996387433
66cc85c87017ef38adbaebc6,11,0.3892595311243365,0.13867018453397997,0.5272836612104415
66cc85c87017ef38adbaebc6,12,0.46010562636458796,0.937376604157519,0.44817087404552775
66cc85c87017ef38adbaebc6,13,0.14726016474650475,1.1396975419886883,0.3934941780101938
66cc85c87017ef38adbaebc6,14,-0.3878974789050291,0.8817907075480305,0.36504948583579533
66cc85c87017ef38adbaebc6,15,-0.32982102803311875,1.092043618861942,0.3498144979837753
66cc85c87017ef38adbaebc6,16,0.17566788570338537,0.928745587144465,0.4186542156880756
66cc85c87017ef38adbaebc6,17,-0.9939817146591937,-0.3027043202455628,0.425225326368931
66cc85c87017ef38adbaebc6,18,0.3271484008244885,0.01836797209977814,0.5336020921753523
66cc85c87017ef38adbaebc6,19,0.8759141865590365,1.1080120174862431,0.47472608981213876
66cc85c87017ef38adbaebc6,20,-0.3255123746365843,0.6880555211882655,0.39129790594806113
66cc85c87017ef38adbaebc6,21,1.1343352499430226,-0.4163280535010566,0.6628462096646482
66cc85c87017ef38adbaebc6,22,-0.3989296535751147,0.06408313990336656,0.4497086131259768
66cc85c87017ef38adbaebc6,23,0.26416415014770633,0.2175600600866756,0.5050790296339543
66cc85c87017ef38adbaebc6,24,1.4658595240507206,1.2553176140185354,0.5229300747435747
66cc85c87017ef38adbaebc6,25,0.09507637927496865,0.2383524901323168,0.4843899506690197
66cc85c87017ef38adbaebc6,26,2.040627954616747,0.4612172381099225,0.6656411989253143
66cc85c87017ef38adbaebc6,27,0.9169922467264073,0.2338312128596864,0.57390965753957
66cc85c87017ef38adbaebc6,28,-0.14505425403044164,0.826371028387468,0.3956824189964275
66cc85c87017ef38adbaebc6,29,-0.083833209572377,-0.08690069745419204,0.5003343139072111
66cc85c87017ef38adbaebc6,30,1.42036283999223,1.945205469476425,0.44304761852496133
66cc85c87017ef38adbaebc6,31,1.0270780401598678,1.6080011514168862,0.4370236045377612
66cc85c87017ef38adbaebc6,32,0.7430101333051462,2.0257742648073016,0.36372922052078216
66cc85c87017ef38adbaebc6,33,0.6496212889970253,1.8998885944243311,0.3670141398558773
66cc85c87017ef38adbaebc6,34,-0.42238782608594927,-0.9085581007719989,0.5527884111125795
66cc85c87017ef38adbaebc6,35,1.3187955428728533,0.7683214941047245,0.559707827868646
66cc85c87017ef38adbaebc6,36,1.7246591400124698,1.8514277463145805,0.4861874820551308
66cc85c87017ef38adbaebc6,37,1.604729640260783,0.7892858349095826,0.5879479150046469
66cc85c87017ef38adbaebc6,38,1.1214218708616857,1.4226809560650744,0.46721401772912324
66cc85c87017ef38adbaebc6,39,1.3865264520184795,0.37161616556764426,0.6088414723751786
66cc85c87017ef38adbaebc6,40,-0.6106440333289342,0.30684829453777335,0.40131807250416246
66cc85c87017ef38adbaebc6,41,1.000789201835938,0.5084114589575552,0.5534573028406647
66cc85c87017ef38adbaebc6,42,1.5117708080129089,0.7628861704046024,0.5809008277915324
66cc85c87017ef38adbaebc6,43,-0.004947838958974979,-0.03195459625849839,0.5029433308153085
66cc85c87017ef38adbaebc6,44,0.49271920965244054,0.15231213293546952,0.5370317507865887
66cc85c87017ef38adbaebc6,45,0.32097847834105886,0.8234535345045216,0.4454550658414098
66cc85c87017ef38adbaebc6,46,0.1090662165090782,0.29611929225456096,0.4796250785208597
66cc85c87017ef38adbaebc6,47,0.27410049440104767,-0.3758261276396979,0.5703629729774295
67911b9be5af0ac0763a28c7,0,0.0,0.0,0.5
67911b9be5af0ac0763a28c7,1,0.19766073310223098,0.44191227589409116,0.4874835199107388
67911b9be5af0ac0763a28c7,2,2.026790331770719,1.1051967480181257,0.547096185484769
67911b9be5af0ac0763a28c7,3,1.183365926318281,-0.3366348291152931,0.5772831061824988
67911b9be5af0ac0763a28c7,4,1.2610841457094792,-1.1105664693008062,0.6192191269427139
67911b9be5af0ac0763a28c7,5,2.465055700205987,1.5620558943502543,0.5461514496557938
67911b9be5af0ac0763a28c7,6,0.6541921217239339,-0.1372790481746473,0.5404780201049106
67911b9be5af0ac0763a28c7,7,0.30742800919277363,0.5722895682679683,0.4864278743552707
67911b9be5af0ac0763a28c7,8,-0.50838330728493,-0.17909297129014023,0.4831286545575117
67911b9be5af0ac0763a28c7,9,0.5303605442616685,0.2649995530970475,0.5135977051044498
67911b9be5af0ac0763a28c7,10,-2.7541759039430134,-0.8920568502959819,0.40569979518314664
67911b9be5af0ac0763a28c7,11,-2.195359664163928,-2.3114834797267223,0.5059516368391384
67911b9be5af0ac0763a28c7,12,-0.15700937938255438,-0.08280850663049577,0.4961969128580374
67911b9be5af0ac0763a28c7,13,1.4631987530532418,0.7260465008514662,0.5377109358064109
67911b9be5af0ac0763a28c7,14,-2.438480273598,-1.7235422262439681,0.4634213673986751
67911b9be5af0ac0763a28c7,15,4.407313419740543,-0.8959883762391292,0.7478694523269426
67911b9be5af0ac0763a28c7,16,1.8052893389286937,3.4520794983454057,0.41638664107609125
67911b9be5af0ac0763a28c7,17,3.884475613652783,3.525896573255541,0.5183706703068688
67911b9be5af0ac0763a28c7,18,2.0974484291737903,4.266794833567301,0.39060763177820423
67911b9be5af0ac0763a28c7,19,-0.8663590843609477,-1.4225398745087015,0.5284761589053155
67911b9be5af0ac0763a28c7,20,4.410414407808171,2.7767459251446063,0.5829594693470505
67911b9be5af0ac0763a28c7,21,-2.82536072615111,0.2739977164886873,0.34628041599565484
67911b9be5af0ac0763a28c7,22,1.0548426561169215,2.861630106154511,0.40843783479851914
67911b9be5af0ac0763a28c7,23,2.628385943511163,-0.7321386261086524,0.6657386038458973
67911b9be5af0ac0763a28c7,24,-3.247466282209961,-2.8356041913268357,0.4789025717117279
67911b9be5af0ac0763a28c7,25,-1.4835427725382122,2.64440911384629,0.30020717063579444
67911b9be5af0ac0763a28c7,26,1.231692712397975,-4.144936505987141,0.7506936157936198
67911b9be5af0ac0763a28c7,27,-3.9256735622982295,-4.864328475620033,0.5479627605443724
67911b9be5af0ac0763a28c7,28,3.907949324004718,1.1164449284475944,0.6392968181644274
67911b9be5af0ac0763a28c7,29,1.6024055412372453,4.853006426741756,0.3392950531796709
67911b9be5af0ac0763a28c7,30,3.5456376656538278,-1.4916170011475325,0.73744608458718
67911b9be5af0ac0763a28c7,31,-2.029660870573859,3.0520972832551765,0.2607911457593051
67911b9be5af0ac0763a28c7,32,-2.108582566115211,-2.3464705755095547,0.5121905167477662
67911b9be5af0ac0763a28c7,33,1.4153254560407786,0.6911854058802405,0.5370477238405517
67911b9be5af0ac0763a28c7,34,-2.2961885502247714,-0.5460229919373223,0.411245616497253
67911b9be5af0ac0763a28c7,35,1.4277148903879333,-0.5996031300948608,0.6024395108928696
67911b9be5af0ac0763a28c7,36,-1.010374020654485,-0.9549129672931711,0.49715737825900724
67911b9be5af0ac0763a28c7,37,1.6613771037801246,2.101961978686576,0.4774331953307606
67911b9be5af0ac0763a28c7,38,3.377212271927151,-4.62375624379303,0.8375834136435102
67911b9be5af0ac0763a28c7,39,4.0264478037914575,4.739180546757854,0.4635337970271181
67911b9be5af0ac0763a28c7,40,-2.5380921974518467,-1.4587893338443063,0.44490503117781965
67911b9be5af0ac0763a28c7,41,-4.396313354458442,-3.7398037995063533,0.46640135791897863
67911b9be5af0ac0763a28c7,42,-0.5265392921962491,-1.7004940764670937,0.5598821733110411
67911b9be5af0ac0763a28c7,43,-0.26279695893908794,-0.2215088046327114,0.49788379120707826
67911b9be5af0ac0763a28c7,44,-0.6865791179084522,-0.25105987572787214,0.47769231113245963
67911b9be5af0ac0763a28c7,45,-1.8261007160598361,-0.37815193115485,0.42632573796559076
67911b9be5af0ac0763a28c7,46,1.1062771097883708,-2.0741052539031504,0.6574702707046902
67911b9be5af0ac0763a28c7,47,-0.386106426617687,-0.36116340805579306,0.49872155013357594
67cc3f4c640c0ff4df30a225,0,0.0,0.0,0.5
67cc3f4c640c0ff4df30a225,1,0.04924891190589749,0.45052525910513785,0.4624685123793463
67cc3f4c640c0ff4df30a225,2,0.6742060853601838,0.6674052362230884,0.5006372836724261
67cc3f4c640c0ff4df30a225,3,0.8193257293003475,0.7711080404485445,0.5045181896323222
67cc3f4c640c0ff4df30a225,4,0.23965402666979946,-0.07741500265816485,0.5296765187301273
67cc3f4c640c0ff4df30a225,5,0.3839584094989004,0.7651809503826765,0.46433761550350194
67cc3f4c640c0ff4df30a225,6,0.7023242888908118,0.48030774680588983,0.5207924033333913
67cc3f4c640c0ff4df30a225,7,-0.047180809710061125,0.4115615850946532,0.4571184412504797
67cc3f4c640c0ff4df30a225,8,0.5104107249369164,0.08841902471603577,0.5394611421785999
67cc3f4c640c0ff4df30a225,9,0.6226393323715331,0.6530258816615161,0.49715261249282583
67cc3f4c640c0ff4df30a225,10,0.5558748155518768,0.6026598019764755,0.4956160533097483
67cc3f4c640c0ff4df30a225,11,0.14050827693244497,0.03383371383884607,0.5099947722716642
67cc3f4c640c0ff4df30a225,12,-0.20346045305178537,-0.34625121257088576,0.513377234324109
67cc3f4c640c0ff4df30a225,13,-0.24222858036172995,-0.3400634555083194,0.5091667400554776
67cc3f4c640c0ff4df30a225,14,0.1763668605908477,0.25976224676773824,0.49218594346210265
67cc3f4c640c0ff4df30a225,15,0.3172510783041739,0.5649602680808452,0.4768046907597058
67cc3f4c640c0ff4df30a225,16,0.24211841966830736,0.5873577957187219,0.4676938833254042
67cc3f4c640c0ff4df30a225,17,-0.32443545287254805,0.4701715912691063,0.42608572115900606
67cc3f4c640c0ff4df30a225,18,0.484441647420653,0.5323287686246694,0.4955127842049036
67cc3f4c640c0ff4df30a225,19,0.3400125147821655,0.23896755335112482,0.5094674416640916
67cc3f4c640c0ff4df30a225,20,0.3301671751990001,0.4354144047073882,0.49013892548240745
67cc3f4c640c0ff4df30a225,21,0.42161823942406534,0.9017435982567774,0.45513014976654415
67cc3f4c640c0ff4df30a225,22,-0.007341678853365091,0.3019576799807097,0.47104904754747084
67cc3f4c640c0ff4df30a225,23,0.2681903678829459,0.6666535243862577,0.46273065176381345
67cc3f4c640c0ff4df30a225,24,0.1733388474462615,0.6472031563212631,0.4557121872633936
67cc3f4c640c0ff4df30a225,25,0.20019674365461732,0.39423783671886087,0.4818250924831047
67cc3f4c640c0ff4df30a225,26,0.3806963218236139,0.24543211395223197,0.5126724259520279
67cc3f4c640c0ff4df30a225,27,-0.12036663527751783,-0.1388476577485453,0.5017317856806449
67cc3f4c640c0ff4df30a225,28,0.46646832045484377,0.08459763395405337,0.5357228104786438
67cc3f4c640c0ff4df30a225,29,0.1867938220666831,0.1396730487208274,0.5044154096832894
67cc3f4c640c0ff4df30a225,30,0.27678415253223526,0.30527073536862653,0.49733064634814733
67cc3f4c640c0ff4df30a225,31,0.9379383910865446,0.5601977271583553,0.5353377546352122
67cc3f4c640c0ff4df30a225,32,0.9356981699627842,0.8221979158081043,0.510634111865162
67cc3f4c640c0ff4df30a225,33,0.9683076943549546,0.9020885334105878,0.506204849672002
67cc3f4c640c0ff4df30a225,34,0.6644594210999277,0.7267110386897442,0.49416688118048646
67cc3f4c640c0ff4df30a225,35,0.5503328733560425,0.43052760300161,0.5112246507290226
67cc3f4c640c0ff4df30a225,36,0.4710666842268776,0.9135618572462292,0.45863010397132375
67cc3f4c640c0ff4df30a225,37,0.454629359255169,0.07321518613269037,0.5356802502918444
67cc3f4c640c0ff4df30a225,38,-0.20111880951946576,0.06730355054304205,0.4748682668788345
67cc3f4c640c0ff4df30a225,39,-0.0004928009694073199,0.5763822389931332,0.44615267505658257
67cc3f4c640c0ff4df30a225,40,0.08451862265534821,0.3614451669714047,0.47407344686792513
67cc3f4c640c0ff4df30a225,41,0.6217048332151873,0.16422610136807886,0.5427640138533919
67cc3f4c640c0ff4df30a225,42,0.579899909095137,-0.02203431633316119,0.5561671092089702
67cc3f4c640c0ff4df30a225,43,0.08163167070783366,-0.017737419550834965,0.5093104569561145
67cc3f4c640c0ff4df30a225,44,-0.11447787484524441,-0.23742339784941727,0.5115187607090104
67cc3f4c640c0ff4df30a225,45,-0.03741643914476073,-0.31309733012374097,0.5258101397111827
67cc3f4c640c0ff4df30a225,46,0.06825867972628341,0.060425812807581025,0.5007339903021417
67cc3f4c640c0ff4df30a225,47,0.24134360635282404,0.32880189951128574,0.4918053201103934
67d1d172e049a486152a5ce9,0,0.0,0.0,0.5
67d1d172e049a486152a5ce9,1,0.16771416303072478,0.14946969953221084,0.5017542142618796
67d1d172e049a486152a5ce9,2,-0.4506555259109395,0.033227845683390295,0.45360800113469824
67d1d172e049a486152a5ce9,3,-0.3172295042651176,1.1708656336348948,0.3607001230814817
67d1d172e049a486152a5ce9,4,0.30445017967497934,0.18184479851498642,0.5117864330074999
67d1d172e049a486152a5ce9,5,0.7863427101428642,-0.14929228333231437,0.5890037744416861
67d1d172e049a486152a5ce9,6,-0.6683703194193134,-0.0798136147723097,0.4436501525758619
67d1d172e049a486152a5ce9,7,-0.6990196656469106,-1.0658711051557082,0.5352146945030036
67d1d172e049a486152a5ce9,8,-0.4394397805175817,-0.7307888570337603,0.5279841990602556
67d1d172e049a486152a5ce9,9,0.29171959686131654,0.7478547770170347,0.45625433101831525
67d1d172e049a486152a5ce9,10,-0.11531339044817818,0.7308130236045036,0.4193546339018469
67d1d172e049a486152a5ce9,11,0.2745284177517595,-0.011170662376321111,0.527442615857658
67d1d172e049a486152a5ce9,12,0.07981665456999817,-0.8214862438737405,0.585803598109833
67d1d172e049a486152a5ce9,13,-0.24730734148852973,1.1865492996544766,0.3655242630805029
67d1d172e049a486152a5ce9,14,-0.6893562743035226,0.10288456390676559,0.42440926127156375
67d1d172e049a486152a5ce9,15,0.5172242448416097,0.6303469862918867,0.48912486278302786
67d1d172e049a486152a5ce9,16,1.0403186598182164,0.20469943572122218,0.5796610529750498
67d1d172e049a486152a5ce9,17,0.7005133031452415,-0.006902705535076187,0.5676021756373935
67d1d172e049a486152a5ce9,18,0.04190018901817462,0.30966185293305887,0.4742772060460145
67d1d172e049a486152a5ce9,19,-0.2791196472537557,-0.26697118842788836,0.49883191695911394
67d1d172e049a486152a5ce9,20,-0.23286095417322905,-0.7287639525019614,0.5475374997530696
67d1d172e049a486152a5ce9,21,1.1045214245171588,1.7116705628334923,0.4418858975910312
67d1d172e049a486152a5ce9,22,0.7150648843857659,-0.055746593497290484,0.5735761362545942
67d1d172e049a486152a5ce9,23,1.5886557695314472,0.6528439308991689,0.5890202393670795
67d1d172e049a486152a5ce9,24,0.9778859565208486,0.24805611021609295,0.5697166449322805
67d1d172e049a486152a5ce9,25,-0.4150958848678029,0.0018485258730610438,0.459996110111041
67d1d172e049a486152a5ce9,26,1.7089522022223491,0.8446835547456302,0.5823434158146711
67d1d172e049a486152a5ce9,27,-0.4085151413534282,0.22831166707710088,0.43907280801581255
67d1d172e049a486152a5ce9,28,-1.0284228834149296,-1.1309405675727167,0.5098558900765704
67d1d172e049a486152a5ce9,29,1.4220788323940639,-0.25822314526639134,0.6561649442181775
67d1d172e049a486152a5ce9,30,-0.743030245233984,-1.209516097944146,0.5447331039350731
67d1d172e049a486152a5ce9,31,0.149382865558708,-0.41963594412184807,0.5544943447623029
67d1d172e049a486152a5ce9,32,-0.16741014973442092,0.033470306508926684,0.4806947665248503
67d1d172e049a486152a5ce9,33,-0.8437092304118329,-0.38151640718144225,0.45567640087270134
67d1d172e049a486152a5ce9,34,0.7552427048548397,0.073161297634359,0.5652092033551408
67d1d172e049a486152a5ce9,35,0.9147121107157998,0.1331649329686027,0.574585723178845
67d1d172e049a486152a5ce9,36,-0.2241319381915957,1.5485065298736742,0.33586791342470795
67d1d172e049a486152a5ce9,37,1.5705673108474754,1.3980570408403392,0.5165809344458708
67d1d172e049a486152a5ce9,38,1.6493363371370204,1.4797022724412079,0.5163046838220372
67d1d172e049a486152a5ce9,39,0.7735908704680948,0.45927113536323805,0.5301853713787288
67d1d172e049a486152a5ce9,40,-0.08798334188844531,1.2431771373365623,0.37473204177047664
67d1d172e049a486152a5ce9,41,-0.030408072026804567,-0.28649300053177584,0.524602909398041
67d1d172e049a486152a5ce9,42,0.537264035884738,0.8549838629543824,0.4694889111538769
67d1d172e049a486152a5ce9,43,-0.597505223159955,-0.720781505268143,0.5118509046907639
67d1d172e049a486152a5ce9,44,-0.41984019357742297,-0.2718786789333556,0.4857772062174185
67eb5332af03cf75862d5e87,0,0.0,0.0,0.5
67eb5332af03cf75862d5e87,1,0.0,0.0,0.5
67eb5332af03cf75862d5e87,2,0.358066192726716,0.05918287731362346,0.5221763358465275
67eb5332af03cf75862d5e87,3,0.3467358977554146,0.02066068818189534,0.5241908823676992
67eb5332af03cf75862d5e87,4,0.04948779437959849,0.041557650052735345,0.5005887813259862
67eb5332af03cf75862d5e87,5,0.7246774158783869,0.7692448921854771,0.49669109088479274
67eb5332af03cf75862d5e87,6,-0.0023254494799127,0.22746542444934068,0.4829455622249376
67eb5332af03cf75862d5e87,7,0.5007850647448249,0.017184047810156942,0.5358438552692384
67eb5332af03cf75862d5e87,8,-0.20196384177676563,0.14395660265167154,0.4743393508710547
67eb5332af03cf75862d5e87,9,-0.2218627751614149,0.46599056847832493,0.4491064948550692
67eb5332af03cf75862d5e87,10,0.4622209199226384,-0.34115937312953815,0.5593664273490522
67eb5332af03cf75862d5e87,11,0.49915285453400693,0.7562697058172667,0.48091936929862844
67eb5332af03cf75862d5e87,12,0.6758572831544909,-0.36413293747572784,0.5766071000677477
67eb5332af03cf75862d5e87,13,0.15672979189052114,-0.02681082990922834,0.5136237863041906
67eb5332af03cf75862d5e87,14,-0.08130617063503921,-0.3028001778863387,0.5164391196331342
67eb5332af03cf75862d5e87,15,0.28597763799850484,0.2535357487442002,0.5024086622960903
67eb5332af03cf75862d5e87,16,0.42561598265231404,1.2971819776148836,0.43564858809128837
67eb5332af03cf75862d5e87,17,-0.2577177706681638,-0.125714042528577,0.49020050451348357
67eb5332af03cf75862d5e87,18,0.04249188069493082,0.5618240874859877,0.4615179081685466
67eb5332af03cf75862d5e87,19,-0.1588887049478222,0.2980286997462735,0.4661276648471656
67eb5332af03cf75862d5e87,20,-0.07879637142520296,0.5106793369112653,0.45634521531397443
67eb5332af03cf75862d5e87,21,-0.20897829429551043,0.027542675048621207,0.4824464779909818
67eb5332af03cf75862d5e87,22,0.8054899285339117,-0.3314373165509641,0.5836193872410296
67eb5332af03cf75862d5e87,23,0.9878191348454358,0.2952606187091632,0.5512392014283837
67eb5332af03cf75862d5e87,24,-0.10764832422278742,0.16635389579750884,0.4796676460842284
67eb5332af03cf75862d5e87,25,0.3448198051861352,0.6124121327467158,0.4801427863177594
67eb5332af03cf75862d5e87,26,0.8957996641298356,0.8178321039167832,0.5057885218540543
67eb5332af03cf75862d5e87,27,0.832456765078276,0.6739739169919357,0.5117645478416556
67eb5332af03cf75862d5e87,28,0.7408342359746634,0.7728456626979461,0.4976232970986597
67eb5332af03cf75862d5e87,29,-0.13258241294352457,0.4643750130121964,0.4557940157644732
67eb5332af03cf75862d5e87,30,1.129092593664534,0.6498161767547196,0.5355244063911342
67eb5332af03cf75862d5e87,31,1.0487300975499818,1.1705697072693868,0.49095488164842177
67eb5332af03cf75862d5e87,32,0.04104402382402189,1.1026808974437523,0.4218242280433474
67eb5332af03cf75862d5e87,33,1.109062627237444,1.09983837798872,0.5006848633005743
67eb5332af03cf75862d5e87,34,0.8149489954789519,-0.021226242476667545,0.5617655891879084
67eb5332af03cf75862d5e87,35,0.7390646177952174,0.2363488273535362,0.5372554665393202
67eb5332af03cf75862d5e87,36,0.5634913601344577,0.23249876737806627,0.5245551109156491
67eb5332af03cf75862d5e87,37,0.5849480456154336,0.5403130618300753,0.5033139210564679
67eb5332af03cf75862d5e87,38,1.1245084258600524,0.8377540388343984,0.5212775119208539
67eb5332af03cf75862d5e87,39,0.39888934872660614,-0.229396366070863,0.5465128377479354
67eb5332af03cf75862d5e87,40,1.3225878230713217,0.6942786292620247,0.5465145658849283
67eb5332af03cf75862d5e87,41,0.4694068144304806,0.6938786733768119,0.48334002897412653
67eb5332af03cf75862d5e87,42,0.527493551228811,0.5100168375732892,0.5012975733948553
67eb5332af03cf75862d5e87,43,-0.028340512753876196,0.560109438575187,0.456420794134251
67eb5332af03cf75862d5e87,44,0.7297980352223636,0.856208062583484,0.4906156616276804
67eb5332af03cf75862d5e87,45,0.7713182002029212,0.7412775145924868,0.5022303863379373
67eb5332af03cf75862d5e87,46,-0.015323002345616607,-0.002331662346591953,0.49903544599913224
67eb5332af03cf75862d5e87,47,0.6452433065536534,0.5083249564989161,0.5101642411248818
67f864f1b7ea815cc3583637,0,0.0,0.0,0.5
67f864f1b7ea815cc3583637,1,0.0,0.0,0.5
67f864f1b7ea815cc3583637,2,0.0,0.0,0.5
67f864f1b7ea815cc3583637,3,0.5480156405870347,0.16868854848757647,0.5712718867857887
67f864f1b7ea815cc3583637,4,0.16233065218103754,0.4357365258994392,0.4484611596979008
67f864f1b7ea815cc3583637,5,0.5016399961397248,-0.022716834035767075,0.597915797116323
67f864f1b7ea815cc3583637,6,0.1823005738709304,0.6420932467016911,0.4138840495264908
67f864f1b7ea815cc3583637,7,0.6558925638789955,0.6545433367082175,0.5002552449145469
67f864f1b7ea815cc3583637,8,-0.056266613174570185,0.07803601605659112,0.4746146590989821
67f864f1b7ea815cc3583637,9,-0.019248011291223097,-0.012709797023165544,0.49876311215854463
67f864f1b7ea815cc3583637,10,0.6966699133856521,0.46842925587952333,0.5430712390787616
67f864f1b7ea815cc3583637,11,0.5502938955909051,0.5316431000493977,0.5035282732317676
67f864f1b7ea815cc3583637,12,0.3725652929123263,0.6253490623788212,0.45232399838750614
67f864f1b7ea815cc3583637,13,0.2734076710255663,0.624233709202708,0.4340182756271587
67f864f1b7ea815cc3583637,14,0.6649713158196646,0.49523936434107685,0.5320655879983193
67f864f1b7ea815cc3583637,15,0.6974732933452593,0.5878772057551267,0.5207213615950208
67f864f1b7ea815cc3583637,16,0.7839070320355346,0.9214747979219527,0.4739985962067782
67f864f1b7ea815cc3583637,17,0.9632670365244056,0.5284135451062689,0.5815306274289433
67f864f1b7ea815cc3583637,18,0.536612454451087,0.5418542911007853,0.4990083578668743
67f864f1b7ea815cc3583637,19,0.5536331995158759,0.5965103228500014,0.49188927641747665
67f864f1b7ea815cc3583637,20,0.7173115956016936,0.8294624712504123,0.47879617668517854
67f864f1b7ea815cc3583637,21,0.7537745874572163,0.6896969222285054,0.5121197498951058
67f864f1b7ea815cc3583637,22,0.6027367028281856,0.5981476935354463,0.5008681415812282
67f864f1b7ea815cc3583637,23,0.7272032668161982,0.4084939691779781,0.5600024359001972
67f864f1b7ea815cc3583637,24,0.7556215525396928,0.46971967861964803,0.5538765424440718
67f864f1b7ea815cc3583637,25,0.742630089122146,0.44143530754938964,0.5567342291455758
67f864f1b7ea815cc3583637,26,0.429330349769266,0.3652362791604369,0.512122851618341
67f864f1b7ea815cc3583637,27,0.23943638434772244,0.21088851773570141,0.5054004360446182
67f864f1b7ea815cc3583637,28,0.13163613143041974,0.08315340570016388,0.5091708666106739
67f864f1b7ea815cc3583637,29,0.09378242480815978,0.07121888346361457,0.504268435958944
67f864f1b7ea815cc3583637,30,0.04330851557112493,0.10879785043120253,0.487613352781009
67f864f1b7ea815cc3583637,31,0.14631900458235875,0.2198995521707031,0.4860837284993147
67f864f1b7ea815cc3583637,32,0.4737451591412131,0.4003948763642237,0.5138727439602649
67f864f1b7ea815cc3583637,33,0.6802614389804437,0.10723704220492233,0.6067367716884421
67f864f1b7ea815cc3583637,34,0.5509771803767046,0.49383837280066456,0.5108077571610988
67f864f1b7ea815cc3583637,35,0.12496195326469445,0.5254663411007796,0.42480778581413703
67f864f1b7ea815cc3583637,36,0.47168973706117245,0.4859446537188516,0.49730330066055856
67f864f1b7ea815cc3583637,37,0.027829012466629423,0.32188700356572236,0.44459892124632516
67f864f1b7ea815cc3583637,38,0.6758744063917503,0.4321024275413169,0.5459861210151099
67f864f1b7ea815cc3583637,39,0.025759695164374832,-0.03515123450709165,0.5115210061146862
67f864f1b7ea815cc3583637,40,0.7571665591627494,0.8837978068605116,0.47606238889993835
67f864f1b7ea815cc3583637,41,0.5132539896283697,0.5927826924116538,0.4849594087063629
67f864f1b7ea815cc3583637,42,1.061174660440803,0.8561297246740163,0.5387124833235737
67f864f1b7ea815cc3583637,43,1.1949952761482079,0.5568449335407555,0.6184318691779387
67f864f1b7ea815cc3583637,44,0.8229233367903103,0.5680923822367872,0.5480597356631738
67f864f1b7ea815cc3583637,45,0.6562581827700967,0.5687514440339998,0.5165483579453283
67f864f1b7ea815cc3583637,46,0.9699472505318435,0.5653124826042885,0.5759557424652237
680aac52abce2170943ff846,0,0.0,0.0,0.5
680aac52abce2170943ff846,1,0.0,0.0,0.5
680aac52abce2170943ff846,2,0.0,0.0,0.5
680aac52abce2170943ff846,3,1.082081816312966,0.10544227130015188,0.6108680598046972
680aac52abce2170943ff846,4,0.2161497968553956,1.0697966860632047,0.40271367726515006
680aac52abce2170943ff846,5,0.2183397911832694,1.0814883407102307,0.40165880815304766
680aac52abce2170943ff846,6,1.043828551877943,-0.02464932285367439,0.6208997152018861
680aac52abce2170943ff846,7,-0.2560763360061987,-0.5289323962398595,0.531456167407256
680aac52abce2170943ff846,8,-0.22870422392074918,0.44806698707523956,0.4225049845675109
680aac52abce2170943ff846,9,-0.21717232815884446,0.11645606561914437,0.4615628254242453
680aac52abce2170943ff846,10,0.20493683285264563,0.05260679967531677,0.5175773214663612
680aac52abce2170943ff846,11,0.020941120156991566,0.06396732397160501,0.495033334546915
680aac52abce2170943ff846,12,-0.3740158731757316,-0.37221622031060664,0.49979225294340857
680aac52abce2170943ff846,13,-0.15730842987245425,0.08841688964931706,0.4716645250802213
680aac52abce2170943ff846,14,-0.17669925179696133,-0.20064471997036873,0.5027641720440017
680aac52abce2170943ff846,15,0.055753162371982405,-0.04277092783386415,0.5113713938380182
680aac52abce2170943ff846,16,-0.8060553521474061,-0.15496352893203036,0.4254007611800111
680aac52abce2170943ff846,17,-0.17530436325784293,1.1510631652079373,0.3515007168501118
680aac52abce2170943ff846,18,-0.7121657770410957,-0.58835674055191,0.48571171033172134
680aac52abce2170943ff846,19,-0.8967860154525993,-1.1214356859795616,0.5259097226786145
680aac52abce2170943ff846,20,2.03912692086534,-0.3954947825384994,0.7547640968237628
680aac52abce2170943ff846,21,2.2022219778738137,1.5869742903628568,0.5705486869268139
680aac52abce2170943ff846,22,-1.127968217836238,0.4038736029199639,0.3301898021775989
680aac52abce2170943ff846,23,-0.7913290526165065,-1.293905367119803,0.5577570821943334
680aac52abce2170943ff846,24,-1.1937810053181908,-0.25374116526450274,0.3931566276684551
680aac52abce2170943ff846,25,0.46911855735522356,0.09961218731163046,0.5425516414075453
680aac52abce2170943ff846,26,-0.48743182896718557,0.49846258329747817,0.38811659370992463
680aac52abce2170943ff846,27,2.3242501370072297,-0.35036272339081304,0.7746925546519193
680aac52abce2170943ff846,28,-2.1669397074372987,0.030539199739912065,0.26606415981338
680aac52abce2170943ff846,29,-0.10311503004150654,-0.33727617852353675,0.5270046273100388
680aac52abce2170943ff846,30,0.35382655426242576,-0.36367207182674893,0.5820767279369886
680aac52abce2170943ff846,31,-0.9712590357464835,-0.8528272382731404,0.4863319590692728
680aac52abce2170943ff846,32,0.9250565306476025,0.9891450882478263,0.4926023297785691
680aac52abce2170943ff846,33,0.9843308794610588,0.28569536464852263,0.5799563947630094
680aac52abce2170943ff846,34,0.16093406832096888,0.7650794431228618,0.4307078706724949
680aac52abce2170943ff846,35,0.3425189672330838,-0.7598232853914998,0.6245733479656486
680aac52abce2170943ff846,36,0.10745851910748483,1.5744342451605355,0.33684745586353104
680aac52abce2170943ff846,37,0.021003332878460845,0.9603175828658266,0.39323656602932094
680aac52abce2170943ff846,38,-0.7182460579471505,-0.25295231122767264,0.44649341023727984
680aac52abce2170943ff846,39,1.4231589852163333,1.8077704323915378,0.45571781867259553
680aac52abce2170943ff846,40,-0.9280461700584532,-0.6615739548845275,0.4692779172131133
680aac52abce2170943ff846,41,-0.9674469803277578,-0.849412349258556,0.4863777727412123
680aac52abce2170943ff846,42,-1.1977819768108873,-1.2223363285893973,0.5028344577204146
680aac52abce2170943ff846,43,1.8410413733632025,2.3857443290779163,0.4374503569219055
680aac52abce2170943ff846,44,-0.015614887380810322,-2.504893597388308,0.7594054106746011
680aac52abce2170943ff846,45,-2.007962037058773,1.4822758213449245,0.16636457580564018
680aac52abce2170943ff846,46,0.3965669959927238,0.7277908105165025,0.4618387749165979
680aac52abce2170943ff846,47,0.8318489288951956,-0.8859470950773702,0.6885160769553552
68598a1d4cebd213b2abb1d9,0,0.0,0.0,0.5
68598a1d4cebd213b2abb1d9,1,0.6605360498301668,1.1201815302259823,0.45197015910634525
68598a1d4cebd213b2abb1d9,2,0.2196755032187998,0.6926152105776443,0.4505899368904092
68598a1d4cebd213b2abb1d9,3,1.3976096177995876,1.1290543103750257,0.528119305430628
68598a1d4cebd213b2abb1d9,4,0.4704973834266706,0.42358197968924255,0.5049173462891717
68598a1d4cebd213b2abb1d9,5,0.9770914915243993,0.5173832821023754,0.5480363552467512
68598a1d4cebd213b2abb1d9,6,1.219557439367755,1.2333720573424571,0.4985520051973149
68598a1d4cebd213b2abb1d9,7,0.8331326224064062,0.5642740945634759,0.5281509872761364
68598a1d4cebd213b2abb1d9,8,0.36350903488494357,0.37148121550811114,0.4991643853160604
68598a1d4cebd213b2abb1d9,9,0.41653252553855014,0.4173058718346556,0.4999189406076815
68598a1d4cebd213b2abb1d9,10,0.9177387851358205,0.5751944175205264,0.535842689507895
68598a1d4cebd213b2abb1d9,11,1.733015768633127,1.2871771339432727,0.5465956157865386
68598a1d4cebd213b2abb1d9,12,1.4512699350866627,0.4339634053678019,0.6050427842809176
68598a1d4cebd213b2abb1d9,13,0.9029797661658354,1.0194577807042458,0.48779361687843403
68598a1d4cebd213b2abb1d9,14,1.3540860329093585,1.4319510271241849,0.49183919455778363
68598a1d4cebd213b2abb1d9,15,1.4295828339027634,0.5893370909465758,0.5871718701363924
68598a1d4cebd213b2abb1d9,16,0.54838296470278,0.2757259287423802,0.5285478533478142
68598a1d4cebd213b2abb1d9,17,0.9746154690871089,1.04872444975848,0.49223278656403546
68598a1d4cebd213b2abb1d9,18,1.1004402471378232,1.0321487171059966,0.5071575849653375
68598a1d4cebd213b2abb1d9,19,1.0331693692850061,0.5600374104173044,0.5494300173616615
68598a1d4cebd213b2abb1d9,20,0.5384498006487956,0.27895095079606536,0.5271729423490235
68598a1d4cebd213b2abb1d9,21,0.6780804382436962,0.7668746797605418,0.4906939799437257
68598a1d4cebd213b2abb1d9,22,1.7923582228698087,1.8246563850540376,0.49661467387937464
68598a1d4cebd213b2abb1d9,23,0.42911583651791135,0.700779346682877,0.4715559462248143
68598a1d4cebd213b2abb1d9,24,-0.22606150162139554,0.1804810961823834,0.45749052794601036
68598a1d4cebd213b2abb1d9,25,-0.11686435352000552,1.2460144859933897,0.36091192048662124
68598a1d4cebd213b2abb1d9,26,0.07970714529237771,1.7739626875599124,0.32952300400621953
68598a1d4cebd213b2abb1d9,27,2.0520644048105128,1.84900120898113,0.5212715108508055
68598a1d4cebd213b2abb1d9,28,1.802768638604475,1.4455727671979144,0.5373701748774007
68598a1d4cebd213b2abb1d9,29,0.4223392391393823,0.19507968970404582,0.5238025279737211
68598a1d4cebd213b2abb1d9,30,1.1131759132790815,0.343182106612125,0.5800142739279779
68598a1d4cebd213b2abb1d9,31,1.505230733457115,1.3100466482214475,0.5204470882063158
68598a1d4cebd213b2abb1d9,32,0.9425076630513297,1.5699283410826583,0.4346126328908671
68598a1d4cebd213b2abb1d9,33,1.3891662894448928,1.2745374096499158,0.5120126771207112
68598a1d4cebd213b2abb1d9,34,1.7954207666221889,1.1944743501510935,0.5626579338044164
68598a1d4cebd213b2abb1d9,35,0.37485904188422287,0.14893177385251954,0.5236631976219992
68598a1d4cebd213b2abb1d9,36,0.3116793838982186,0.5579095502426102,0.4742139320524367
68598a1d4cebd213b2abb1d9,37,0.33023699602482914,1.1512601841705912,0.41478308965123784
68598a1d4cebd213b2abb1d9,38,0.3884550580585468,0.41366133092950613,0.49735799321260177
68598a1d4cebd213b2abb1d9,39,1.5006890654690082,0.14655247324126208,0.6382422256564529
68598a1d4cebd213b2abb1d9,40,0.7779987347992908,1.1113857326608878,0.4651123510595165
68598a1d4cebd213b2abb1d9,41,0.857285452722369,0.3204591491076118,0.556031875175956
68598a1d4cebd213b2abb1d9,42,1.5216075747899382,1.4395221511987466,0.5086030514090383
68598a1d4cebd213b2abb1d9,43,0.6500927106143,0.22114101998016222,0.5448403869862081
68598a1d4cebd213b2abb1d9,44,0.06936607509141357,0.6598061524467919,0.43842630669267546
68598a1d4cebd213b2abb1d9,45,1.0033152117354942,0.22809035137001638,0.5805484388173678
68598a1d4cebd213b2abb1d9,46,0.7114727243982637,0.6987248187899684,0.5013361866945084
68598a1d4cebd213b2abb1d9,47,0.8841624286266891,0.4906431292409815,0.5411539721533939
68e541cbbf146b5c074849ac,0,0.0,0.0,0.5
68e541cbbf146b5c074849ac,1,0.0,0.0,0.5
68e541cbbf146b5c074849ac,2,0.0,0.0,0.5
68e541cbbf146b5c074849ac,3,0.0,0.0,0.5
68e541cbbf146b5c074849ac,4,0.0,0.0,0.5
68e541cbbf146b5c074849ac,5,0.032312270264234805,0.06370895927843616,0.4794772338578227
68e541cbbf146b5c074849ac,6,0.07484685648778577,0.469566112806656,0.26257468848154825
68e541cbbf146b5c074849ac,7,0.6183695812179277,0.14871564014795313,0.7735851245487918
68e541cbbf146b5c074849ac,8,0.302589993842508,0.08581047064834726,0.6380981835651406
68e541cbbf146b5c074849ac,9,0.18361558733082714,0.11479110755691063,0.5448918999441569
68e541cbbf146b5c074849ac,10,0.13334113583040605,0.10858399194173181,0.5161861990237875
68e541cbbf146b5c074849ac,11,0.07070302433690079,0.07570583657293789,0.49672806913996687
68e541cbbf146b5c074849ac,12,0.637933635371507,0.28736982296542,0.714453640475704
68e541cbbf146b5c074849ac,13,0.258483577623241,0.24244780861726406,0.5104862985589953
68e541cbbf146b5c074849ac,14,0.25676593040140394,0.16205607363821087,0.5616279061475932
68e541cbbf146b5c074849ac,15,0.591653557932208,0.49859911148895014,0.560561387166117
68e541cbbf146b5c074849ac,16,0.46735224567630584,0.5492048037205991,0.4466697910591129
68e541cbbf146b5c074849ac,17,0.6122886407482605,0.26781769558642793,0.7111907208896435
68e541cbbf146b5c074849ac,18,0.2757240796299997,0.2647247637549275,0.5071933604397294
68e541cbbf146b5c074849ac,19,0.7151505917052056,0.7034325467417484,0.5076633253526649
68e541cbbf146b5c074849ac,20,0.6215910107225255,0.45846534443390763,0.6050984764070686
68e541cbbf146b5c074849ac,21,0.3890157655511681,0.45499779883731295,0.4569527600088127
68e541cbbf146b5c074849ac,22,0.4511473956376376,0.48910433991791424,0.47519548719426585
68e541cbbf146b5c074849ac,23,0.3785261361061668,0.3448287711892999,0.5220247467175786
68e541cbbf146b5c074849ac,24,0.41409324344928944,0.36663905376663763,0.5309965525933226
68e541cbbf146b5c074849ac,25,0.3203647458973801,0.4151660071143155,0.4383132218728386
68e541cbbf146b5c074849ac,26,0.3700020397842191,0.39552317099226214,0.48331467209226436
68e541cbbf146b5c074849ac,27,0.5365397934477598,0.4412353663191435,0.5620108271843512
68e541cbbf146b5c074849ac,28,0.447626531366955,0.5337269673914364,0.4439248228198867
68e541cbbf146b5c074849ac,29,0.3562839635334685,0.6721215363192907,0.30443517669760245
68e541cbbf146b5c074849ac,30,0.4564008017079698,0.39545399058380365,0.539776668022709
68e541cbbf146b5c074849ac,31,0.3446867755387424,0.7008423930588055,0.2825713335716479
68e541cbbf146b5c074849ac,32,0.4949368974550611,0.5468543035900638,0.466096683857977
68e541cbbf146b5c074849ac,33,0.6120671189907437,0.4703434544376539,0.5916437645293902
68e541cbbf146b5c074849ac,34,0.4188137629663573,0.568928986979164,0.4030631611987243
68e541cbbf146b5c074849ac,35,0.48973422433546965,0.5386966936122499,0.4680209033802566
68e541cbbf146b5c074849ac,36,0.5109535524267921,0.39457143334407935,0.5755345133743739
68e541cbbf146b5c074849ac,37,0.26023776974341356,0.45220546452403976,0.3770217504360924
68e541cbbf146b5c074849ac,38,0.29385625503991447,0.48984469754768906,0.37455436616603965
68e541cbbf146b5c074849ac,39,0.30366607102863546,0.7028349268486838,0.2603269571657229
68e541cbbf146b5c074849ac,40,0.7321364906720288,0.6316192532393103,0.5653648209295782
68e541cbbf146b5c074849ac,41,0.3962208938561884,0.519729988150064,0.4199171631631899
68e541cbbf146b5c074849ac,42,0.5504231194288278,0.35593794952554564,0.6245238862108067
68e541cbbf146b5c074849ac,43,0.390566085721649,0.38974971963662236,0.5005339257948593
68e541cbbf146b5c074849ac,44,0.4106159853490586,0.27810685992514134,0.5858070476250634
68e541cbbf146b5c074849ac,45,0.5241258195832201,0.3261647490007089,0.626653791794296
68e541cbbf146b5c074849ac,46,0.4607320079473033,0.4673886181693137,0.49564650283366607
68e541cbbf146b5c074849ac,47,0.583735973336549,0.6526608587928397,0.4550429620902111
6902584f39b4b2ce82a5eda6,0,0.0,0.0,0.5
6902584f39b4b2ce82a5eda6,1,0.0,0.0,0.5
6902584f39b4b2ce82a5eda6,2,0.0,0.0,0.5
6902584f39b4b2ce82a5eda6,3,0.32243089122237206,0.0968524733413447,0.5569447960650108
6902584f39b4b2ce82a5eda6,4,0.43640557372101385,0.48103051256003504,0.4886877661902173
6902584f39b4b2ce82a5eda6,5,0.9326009271995126,0.8880626056043226,0.5112902841754497
6902584f39b4b2ce82a5eda6,6,0.10274118014914917,0.7272493134426798,0.3467515978995591
6902584f39b4b2ce82a5eda6,7,-0.14217954502760005,-0.3205525406888398,0.5451015941005338
6902584f39b4b2ce82a5eda6,8,0.725745374470025,0.7444530618449261,0.4952570130198295
6902584f39b4b2ce82a5eda6,9,0.8164169192540636,-0.17155474016380517,0.7314432874654534
6902584f39b4b2ce82a5eda6,10,0.060122413663799924,-0.1870835220710773,0.5623501237907854
6902584f39b4b2ce82a5eda6,11,-0.5101091957733563,-0.5350478278974735,0.5063225800270061
6902584f39b4b2ce82a5eda6,12,-0.34737971290520797,-0.32783102104433437,0.4950438056053147
6902584f39b4b2ce82a5eda6,13,0.2107268708344251,0.5859731808190631,0.405992232279011
6902584f39b4b2ce82a5eda6,14,0.8229032352991322,-0.4056199706356376,0.7765918261098975
6902584f39b4b2ce82a5eda6,15,-0.1515878824695257,-0.5876954778738683,0.6088024650462058
6902584f39b4b2ce82a5eda6,16,0.06116195105532918,-0.4814373489895466,0.6342006528846694
6902584f39b4b2ce82a5eda6,17,-0.22321403585956184,0.2912674657636154,0.37243970361414525
6902584f39b4b2ce82a5eda6,18,0.19625997800207373,0.21917554486072688,0.4941902704708298
6902584f39b4b2ce82a5eda6,19,-0.7506609890925028,0.11213905840158445,0.2942120626621681
6902584f39b4b2ce82a5eda6,20,0.5342309963004794,0.018928406733354372,0.6277549039875145
6902584f39b4b2ce82a5eda6,21,0.4234278452035315,0.8566037582030452,0.3919058630550711
6902584f39b4b2ce82a5eda6,22,0.9015524066037688,0.6830471348919037,0.5551740224325961
6902584f39b4b2ce82a5eda6,23,0.6644000127192183,0.6400576817223552,0.5061714180079667
6902584f39b4b2ce82a5eda6,24,0.7016792232872652,0.42649354045938814,0.5693209693017204
6902584f39b4b2ce82a5eda6,25,0.6517742151061401,0.62526103433915,0.5067217216430774
6902584f39b4b2ce82a5eda6,26,0.8580019476654601,1.060465618448971,0.44884714584636354
6902584f39b4b2ce82a5eda6,27,0.211946993680657,0.32301923942315,0.4718685884119695
6902584f39b4b2ce82a5eda6,28,0.20390390556324056,0.47772934877915707,0.4310173078270863
6902584f39b4b2ce82a5eda6,29,0.5086437975212419,0.47043127706111576,0.5096871537261245
6902584f39b4b2ce82a5eda6,30,0.4932992317280915,0.4487644052519883,0.5112893984780791
6902584f39b4b2ce82a5eda6,31,0.41328034436470523,0.5774458914529202,0.45847350106027696
6902584f39b4b2ce82a5eda6,32,0.6523718220740311,0.551667278977537,0.5255103639049545
6902584f39b4b2ce82a5eda6,33,0.20074138470205513,0.40402401815721767,0.44864168881580413
6902584f39b4b2ce82a5eda6,34,0.13517774114256445,0.3210934684822129,0.4530022525929069
6902584f39b4b2ce82a5eda6,35,0.5657106382937743,0.22439211501866693,0.5856837250331971
6902584f39b4b2ce82a5eda6,36,-0.03265085644339083,0.5746025808172571,0.35072592933294616
6902584f39b4b2ce82a5eda6,37,0.8592644670556258,0.575298981691263,0.5715028432339155
6902584f39b4b2ce82a5eda6,38,0.10140181066397713,0.5312635146947868,0.3927071622727598
6902584f39b4b2ce82a5eda6,39,0.14538300291183756,0.8999737634576543,0.31750256041252856
6902584f39b4b2ce82a5eda6,40,0.2076322363062832,-0.14331555547629987,0.5880514246303851
6902584f39b4b2ce82a5eda6,41,0.6574820983617146,0.2637172708937593,0.5985288466170188
6902584f39b4b2ce82a5eda6,42,0.42829625553437745,0.25723186759089167,0.5432630477439845
6902584f39b4b2ce82a5eda6,43,0.18156974523512437,0.24407769863221923,0.48415709822393926
6902584f39b4b2ce82a5eda6,44,0.5530250450645615,0.6917299125349544,0.46489077477081137
6902584f39b4b2ce82a5eda6,45,0.6214230144641262,0.9237514713270172,0.42394283517226333
6902584f39b4b2ce82a5eda6,46,1.0053476708127904,1.0649452113889226,0.484894294610554
6902584f39b4b2ce82a5eda6,47,0.848897900007235,0.8256036908529091,0.505905716959896
69124176667ec0990dfb9da1,0,0.0,0.0,0.5
69124176667ec0990dfb9da1,1,0.0,0.0,0.5
69124176667ec0990dfb9da1,2,0.0,0.0,0.5
69124176667ec0990dfb9da1,3,0.11016296995980267,0.4308910300302327,0.4769796702627544
69124176667ec0990dfb9da1,4,0.3325351683792597,-0.13094554222394597,0.5332408660129975
69124176667ec0990dfb9da1,5,-0.00858681824777099,0.28127885814689935,0.4791921303064235
69124176667ec0990dfb9da1,6,0.2486230073348329,0.8354876808507499,0.4579474316801975
69124176667ec0990dfb9da1,7,0.09776461499437708,1.0805888768106695,0.42987298872656626
69124176667ec0990dfb9da1,8,0.4550742504859696,1.218468412716442,0.44538719404334043
69124176667ec0990dfb9da1,9,-0.5923137996818582,1.2628304020799908,0.3698196932248025
69124176667ec0990dfb9da1,10,0.4581606178500198,-0.35975392799450856,0.558478682772829
69124176667ec0990dfb9da1,11,1.3023420159701264,0.3314018356170052,0.5692900166049213
69124176667ec0990dfb9da1,12,1.2878914504362338,0.6501116876898432,0.5456814302983924
69124176667ec0990dfb9da1,13,1.154834483886046,1.1407075200479753,0.5010146820234
69124176667ec0990dfb9da1,14,0.310575837844981,0.7535019753610425,0.4682292460129388
69124176667ec0990dfb9da1,15,0.7629589583547994,0.8569998044436549,0.49324583231278096
69124176667ec0990dfb9da1,16,0.3909654184196489,0.4256498366902643,0.4975087773140314
69124176667ec0990dfb9da1,17,-0.07543243855695816,-0.1903872440485632,0.508255994324749
69124176667ec0990dfb9da1,18,1.3997548692178017,0.9909465713765969,0.5293293591515649
69124176667ec0990dfb9da1,19,-0.8533100303060466,-1.0514996864426303,0.5142313268994765
69124176667ec0990dfb9da1,20,-0.06808654942065173,-1.046056163417536,0.5697851470653343
69124176667ec0990dfb9da1,21,1.1011546565184602,-1.0237968547129892,0.6480564780200718
69124176667ec0990dfb9da1,22,2.5529631502091057,2.3192912741177056,0.5167774170475076
69124176667ec0990dfb9da1,23,1.197221993793124,-1.1278435846545676,0.6610553412817898
69124176667ec0990dfb9da1,24,-1.0335530022154678,1.7594644997252418,0.3095027124133874
69124176667ec0990dfb9da1,25,-0.05031363578945519,-0.5057289402869942,0.5326640763485744
69124176667ec0990dfb9da1,26,0.3742502069999023,0.04807955036259021,0.5234104069507882
69124176667ec0990dfb9da1,27,0.9269877299196598,1.3067470581821774,0.47275043015917384
69124176667ec0990dfb9da1,28,0.5313117309713096,-1.1760235176170224,0.6202299363052807
69124176667ec0990dfb9da1,29,2.6478035222496996,3.056777531017945,0.47065877946480345
69124176667ec0990dfb9da1,30,1.6068184128470124,2.944831121830016,0.4050621472349605
69124176667ec0990dfb9da1,31,1.4961686036962965,2.7541086852681964,0.4106179834017845
69124176667ec0990dfb9da1,32,0.35567071764706837,-1.0031768005441828,0.5963795580114988
69124176667ec0990dfb9da1,33,0.5125815366597388,2.3099469598864504,0.37369668135071005
69124176667ec0990dfb9da1,34,2.70327779359013,0.949664199807582,0.6233566845081538
69124176667ec0990dfb9da1,35,0.4314853639935724,-0.38810722884633286,0.5585975581382249
69124176667ec0990dfb9da1,36,-0.671814861401004,-1.5474118008537998,0.5625610555285494
69124176667ec0990dfb9da1,37,-0.06227537257134397,-0.1734933623199756,0.5079876645933162
69124176667ec0990dfb9da1,38,1.904924697191586,2.8311220314923635,0.4338647326687861
69124176667ec0990dfb9da1,39,2.378350256378945,2.5403988969616322,0.48836279502762114
69124176667ec0990dfb9da1,40,-0.22323604926389906,-0.0862022224418375,0.49015867843046285
69124176667ec0990dfb9da1,41,-1.380754200901416,1.043326354574626,0.33260019600187624
69124176667ec0990dfb9da1,42,-0.8216903348577604,-1.5918459417693498,0.5550926085930876
69124176667ec0990dfb9da1,43,1.703203999812881,1.5815845396574537,0.5087345516375602
69124176667ec0990dfb9da1,44,0.9082989622792982,-0.2524789767852698,0.5826098077515512
69124176667ec0990dfb9da1,45,0.7587619080866322,1.6591168874323705,0.43568929907544934
69124176667ec0990dfb9da1,46,-0.26095734949751975,1.9451141961945955,0.34664639867027247
69124176667ec0990dfb9da1,47,0.5313715703778064,-0.9549805979645812,0.6051654249252137
6917b43630e666e39c18fa7b,0,0.0,0.0,0.5
6917b43630e666e39c18fa7b,1,0.9785829219709394,0.2177263928916468,0.5626642121107149
6917b43630e666e39c18fa7b,2,-0.1750940850820209,0.946325534645488,0.40820431807264734
6917b43630e666e39c18fa7b,3,1.646433670946538,1.633143869485599,0.5011003328615171
6917b43630e666e39c18fa7b,4,-0.1461407846218405,-0.12021729416592236,0.4978536670124519
6917b43630e666e39c18fa7b,5,1.0728248362809605,1.2572714204574749,0.48473341524211644
6917b43630e666e39c18fa7b,6,-0.10625593754020257,-0.024485930580915728,0.49323023199547705
6917b43630e666e39c18fa7b,7,-0.16964106322948355,0.6363705381584475,0.4336593921269966
6917b43630e666e39c18fa7b,8,1.3158630651439263,0.029701805088058093,0.6049068753037935
6917b43630e666e39c18fa7b,9,-0.7134512106780727,-0.014572367449826595,0.44239298229020857
6917b43630e666e39c18fa7b,10,0.8774532518399756,0.9135250060456981,0.4970134596304419
6917b43630e666e39c18fa7b,11,0.03564568417324879,0.8380945982753965,0.43394919613762917
6917b43630e666e39c18fa7b,12,0.7605007986093839,0.9262116011511736,0.48628334774405285
6917b43630e666e39c18fa7b,13,0.11421873739325211,0.9071191245249767,0.43472613585128655
6917b43630e666e39c18fa7b,14,0.6693481878634374,-0.0669122551234865,0.560658743185034
6917b43630e666e39c18fa7b,15,-0.12551106162278386,0.818423579182867,0.42247685768524057
6917b43630e666e39c18fa7b,16,-0.32126181684741945,-0.07520873177806539,0.4796391981512256
6917b43630e666e39c18fa7b,17,-0.03632254615802119,-0.037043844404221926,0.5000597201879229
6917b43630e666e39c18fa7b,18,-0.3804300748698469,0.20747542493233873,0.4514773120105772
6917b43630e666e39c18fa7b,19,0.2992726717962419,0.06761668420034708,0.5191706515459922
6917b43630e666e39c18fa7b,20,0.16610145356504086,0.2605215458787852,0.4921830861519152
6917b43630e666e39c18fa7b,21,-0.3335537873454141,-0.2889132702419147,0.4963040371437891
6917b43630e666e39c18fa7b,22,-0.2877887320790046,0.09465295035063617,0.4683778445760438
6917b43630e666e39c18fa7b,23,1.101328753191182,-0.299977362704725,0.6139832511261459
6917b43630e666e39c18fa7b,24,0.07575925481849088,0.9900993036907331,0.4248700499267286
6917b43630e666e39c18fa7b,25,0.5363427777624725,0.7750128048505112,0.48024949792624844
6917b43630e666e39c18fa7b,26,0.5229798937269874,0.36421233776737066,0.5131421980408676
6917b43630e666e39c18fa7b,27,1.0832949811409716,0.7904822451621992,0.52422457121708
6917b43630e666e39c18fa7b,28,-0.5360278476386795,0.9216972438091419,0.3815978142125597
6917b43630e666e39c18fa7b,29,0.14369808132631584,1.1287976344106985,0.41915408738502763
6917b43630e666e39c18fa7b,30,0.9142457452792594,1.6985329142768464,0.43542724714481507
6917b43630e666e39c18fa7b,31,0.5724603601181384,0.10868831021151285,0.5383228905075436
6917b43630e666e39c18fa7b,32,2.1360140664443588,1.8971730584510884,0.519764636404381
6917b43630e666e39c18fa7b,33,0.07283465651737248,0.041379006322857695,0.5026043600838338
6917b43630e666e39c18fa7b,34,0.5434638154162135,0.5280630398738628,0.5012751108503107
6917b43630e666e39c18fa7b,35,0.4310953799047071,-0.33178002813106783,0.5628287336116415
6917b43630e666e39c18fa7b,36,0.2768358880108639,-0.38435386537822197,0.5545257804529443
6917b43630e666e39c18fa7b,37,-0.18147993628035042,0.17309769391892127,0.47067628706624526
6917b43630e666e39c18fa7b,38,0.6234256260969584,0.3707401055775739,0.5209090017588717
6917b43630e666e39c18fa7b,39,-0.13608582187417909,-0.00027817743116036187,0.48875764475498185
6917b43630e666e39c18fa7b,40,-0.020058101241332366,-0.01027802196283098,0.499190254977542
6917b43630e666e39c18fa7b,41,-0.6178243776204078,-0.431952749453268,0.4846155389802434
6917b43630e666e39c18fa7b,42,-0.41387700253257675,-0.3420623871709987,0.49405435932767117
6917b43630e666e39c18fa7b,43,0.08782659156215278,0.17519197478472637,0.49276705136083787
6917b43630e666e39c18fa7b,44,0.6582346830953612,0.6131748841767921,0.5037306755537282
6917b43630e666e39c18fa7b,45,0.09390340497467686,0.8271419672340667,0.4395877872363905
6917b43630e666e39c18fa7b,46,1.2696549209500687,0.15754537465836405,0.5910506217180431
6917b43630e666e39c18fa7b,47,0.944938338328195,-0.1716498521314711,0.5914090880278533
692d65c6d41395358622de47,0,0.0,0.0,0.5
692d65c6d41395358622de47,1,0.0,0.0,0.5
692d65c6d41395358622de47,2,0.0,0.0,0.5
692d65c6d41395358622de47,3,0.13015526406880604,0.08245914412161238,0.5156956163166808
692d65c6d41395358622de47,4,0.5018070489394878,0.46887752855615805,0.5108381562628402
692d65c6d41395358622de47,5,0.7384974880217796,0.49052879373642105,0.580909670996274
692d65c6d41395358622de47,6,0.487183940143587,0.44473382544529894,0.5139702395344546
692d65c6d41395358622de47,7,0.22267540391444485,0.269941560920378,0.4844457821630947
692d65c6d41395358622de47,8,0.263566545574914,0.3597836272718047,0.4683692232178977
692d65c6d41395358622de47,9,0.236246248027407,0.18881244696158087,0.5156093498978966
692d65c6d41395358622de47,10,0.16633906755453015,0.12736720166508747,0.5128260801229566
692d65c6d41395358622de47,11,0.15887694827009705,0.003113592225451371,0.5510957353456881
692d65c6d41395358622de47,12,0.005945307120436446,0.14696804800037286,0.4537105736876716
692d65c6d41395358622de47,13,0.11761315962871385,-0.002482553640139107,0.5394513481354334
692d65c6d41395358622de47,14,0.04976796514027185,0.5662990501677441,0.33623139423819415
692d65c6d41395358622de47,15,0.5933757107490965,0.620769075260714,0.4909835343865171
692d65c6d41395358622de47,16,0.6913430422715074,0.49371139408019077,0.5646924115412444
692d65c6d41395358622de47,17,0.25141412774706595,0.45999625721913684,0.4317665797897368
692d65c6d41395358622de47,18,0.5764033996089113,0.6654754233596486,0.4707125254311266
692d65c6d41395358622de47,19,0.6734465193041781,0.8382604257830959,0.44595791491853376
692d65c6d41395358622de47,20,0.3553906008052735,0.9046723615480656,0.32667596766649476
692d65c6d41395358622de47,21,0.26769805359179255,0.3422145176464821,0.475490071169292
692d65c6d41395358622de47,22,0.711031629491261,0.6381082833600515,0.5239867341879452
692d65c6d41395358622de47,23,0.5432174467641854,0.1598556872429811,0.6235832659677727
692d65c6d41395358622de47,24,0.5554046232338965,0.29941717358407954,0.5834779745425126
692d65c6d41395358622de47,25,0.03354679214577405,0.014076424783439331,0.5064089723171568
692d65c6d41395358622de47,26,0.34708057074836723,0.05718349231761827,0.5942872328423128
692d65c6d41395358622de47,27,-0.008713028887964103,0.040700174807603164,0.4837397253409716
692d65c6d41395358622de47,28,0.03541031357568471,0.16079499613423165,0.4588189318435382
692d65c6d41395358622de47,29,0.5665135992801077,0.5829320119920289,0.49459554020084673
692d65c6d41395358622de47,30,0.516940255757823,0.01415462210202885,0.6597173533665128
692d65c6d41395358622de47,31,0.25416160024500745,0.2771627557651773,0.4924289782175951
692d65c6d41395358622de47,32,0.5665287773655043,0.17084599524268515,0.6273836613464544
692d65c6d41395358622de47,33,0.4961301366410538,0.5349665633636693,0.4872184749775694
692d65c6d41395358622de47,34,0.477869662116568,0.33160532427608747,0.5479995317869766
692d65c6d41395358622de47,35,0.5224204692521096,0.5524817433811872,0.490105616904927
692d65c6d41395358622de47,36,0.5674987268348396,0.6085316516272694,0.4864959237976922
692d65c6d41395358622de47,37,0.6490370563366479,0.7340638946248546,0.4720397688005816
692d65c6d41395358622de47,38,0.8869241525886777,0.8197811202929273,0.5220879920337373
692d65c6d41395358622de47,39,0.675691004973449,0.3679157572824057,0.5999503200056996
692d65c6d41395358622de47,40,0.7814097015851053,0.5089077060831673,0.5887529735329189
692d65c6d41395358622de47,41,0.07392106782175197,0.37279010593090084,0.4028675731331472
692d65c6d41395358622de47,42,0.45253314288275137,0.3808069930735512,0.5235935291424539
692d65c6d41395358622de47,43,0.15504178316453462,0.6737820570669222,0.3355824928627994
692d65c6d41395358622de47,44,0.24440749778143323,0.24276996807682194,0.5005390475233042
692d65c6d41395358622de47,45,0.04354640916672109,0.34430871643594235,0.402268005772667
692d65c6d41395358622de47,46,0.016748603589683622,0.14816585243415403,0.45684723685516243
692d65c6d41395358622de47,47,0.14892603652504227,0.45609509696768236,0.4002412681544283
692e41b6e14a945652e39997,0,0.0,0.0,0.5
692e41b6e14a945652e39997,1,0.0,0.0,0.5
692e41b6e14a945652e39997,2,0.45605264250087285,0.2232144899726019,0.5936301186659877
692e41b6e14a945652e39997,3,0.6097928258629479,0.066404362214119,0.7077493202474073
692e41b6e14a945652e39997,4,0.7692945731154125,0.21774905656022744,0.7104880063594
692e41b6e14a945652e39997,5,0.18563251761747074,0.22524252508602569,0.4838871943851658
692e41b6e14a945652e39997,6,0.006233836399339455,-0.1024917899279654,0.544128293803445
692e41b6e14a945652e39997,7,0.08889043891732498,0.08662338687340279,0.5009225239405225
692e41b6e14a945652e39997,8,0.43097474106357636,0.29750167840448694,0.5541011806013365
692e41b6e14a945652e39997,9,0.7935635853226561,0.7903533346818252,0.501306335115333
692e41b6e14a945652e39997,10,0.4394391680230245,0.797150756385853,0.35841498637279706
692e41b6e14a945652e39997,11,0.2596358097619661,0.09936436336658133,0.5648514232582555
692e41b6e14a945652e39997,12,0.7980608639575808,0.8272279455559357,0.4881333519163029
692e41b6e14a945652e39997,13,0.7975550597098457,0.9761787134735372,0.4278209390060591
692e41b6e14a945652e39997,14,0.7722567931262088,0.7157143843543166,0.5229924130518149
692e41b6e14a945652e39997,15,0.7819787441359325,0.5594114974147498,0.5895909402830473
692e41b6e14a945652e39997,16,0.9738368884594216,0.9522163078769497,0.5087970929605089
692e41b6e14a945652e39997,17,0.8696201770414063,0.9402226069662996,0.4713015329077395
692e41b6e14a945652e39997,18,0.7455983510768032,0.7088809899002663,0.5149368447146151
692e41b6e14a945652e39997,19,0.7730647940236719,0.9168658310544588,0.4417491627578911
692e41b6e14a945652e39997,20,0.4037355199924841,0.7313663885860819,0.3697504439419323
692e41b6e14a945652e39997,21,0.7214026932024105,0.6413500558401259,0.53252957734381
692e41b6e14a945652e39997,22,0.321112934100909,0.42267993811611765,0.45876350775505165
692e41b6e14a945652e39997,23,0.5463457471561505,0.32864842175155684,0.5876715089435075
692e41b6e14a945652e39997,24,0.17949713373621135,0.35731708137371865,0.42814120355165475
692e41b6e14a945652e39997,25,0.21364537837678593,0.6799737060523445,0.3188532961795376
692e41b6e14a945652e39997,26,1.1517132079460146,0.2872403295379993,0.8033096952860601
692e41b6e14a945652e39997,27,0.6792651407301773,0.8733681904404941,0.4216647405204311
692e41b6e14a945652e39997,28,0.6762875732805012,1.0724790964997255,0.34414326790071326
692e41b6e14a945652e39997,29,1.003780550414887,1.0243937409425445,0.4916127203080728
692e41b6e14a945652e39997,30,0.9473127979278908,1.3709684694740036,0.3341247420298167
692e41b6e14a945652e39997,31,1.3791839153094512,0.44020500900243353,0.821769747433736
692e41b6e14a945652e39997,32,0.8297086008550663,0.34199677550013646,0.6886579803635663
692e41b6e14a945652e39997,33,0.2659518359813545,0.23039874996797804,0.5144634791179122
692e41b6e14a945652e39997,34,0.7634897844577611,0.6573231644349312,0.5430948873983944
692e41b6e14a945652e39997,35,0.811091401569491,0.8152031195828318,0.49832683662474503
692e41b6e14a945652e39997,36,0.5728276970878425,0.727197813823759,0.4375110428788728
692e41b6e14a945652e39997,37,0.6792000998774489,0.5082166014688567,0.5691321678157042
692e41b6e14a945652e39997,38,0.8771789727772625,1.0285700148868886,0.43870473357075107
692e41b6e14a945652e39997,39,0.9519663227841269,0.9453594312612084,0.502688497511353
692e41b6e14a945652e39997,40,1.0156726903754605,0.7918393748129222,0.5900895048058558
692e41b6e14a945652e39997,41,0.8698100987048225,0.6061246620955695,0.6056833443446389
692e41b6e14a945652e39997,42,0.32419537672426696,0.2681530340607892,0.5227893490969672
692e41b6e14a945652e39997,43,0.8764087535816898,0.7628911181955067,0.5460624277950535
692e41b6e14a945652e39997,44,0.979443018814911,0.9749299527230689,0.5018364807847974
692e41b6e14a945652e39997,45,0.9929984619615789,0.9586730616803056,0.5139643042539405
692e41b6e14a945652e39997,46,0.7525319944925148,-0.19245646475014283,0.8231979247611697
692e41b6e14a945652e39997,47,0.9949169038112362,1.172071670148024,0.42840631363800963
6932b19c5260dda743fca4af,0,0.0,0.0,0.5
6932b19c5260dda743fca4af,1,0.08512463463615037,0.07542220991325431,0.5029953761327708
6932b19c5260dda743fca4af,2,0.6569102468334573,0.32308290967937814,0.6016266958483723
6932b19c5260dda743fca4af,3,0.24356637671590403,0.6532109160702206,0.37616095770560976
6932b19c5260dda743fca4af,4,0.38094179101445996,0.28343071227782224,0.5300680937362695
6932b19c5260dda743fca4af,5,0.2788503999392778,0.5576758828572187,0.4147592328596566
6932b19c5260dda743fca4af,6,0.6763770339853946,0.5596704701711691,0.5359683680122738
6932b19c5260dda743fca4af,7,0.6826809479103448,0.4392473901307052,0.5745938786845837
6932b19c5260dda743fca4af,8,0.1905597451988961,0.7074343764962152,0.3456320437682864
6932b19c5260dda743fca4af,9,0.8371182927545759,0.6683120733779919,0.5519273276264179
6932b19c5260dda743fca4af,10,0.4743657111840754,0.7853374009041911,0.40515698997742194
6932b19c5260dda743fca4af,11,0.4243808914580112,0.11056438008004363,0.5956894026808818
6932b19c5260dda743fca4af,12,0.7039072136278022,0.6326111761433444,0.5219968883825821
6932b19c5260dda743fca4af,13,0.09428610143420782,0.1049789241034172,0.4966988722394253
6932b19c5260dda743fca4af,14,0.1365962346747468,0.783920347561655,0.3101562773855505
6932b19c5260dda743fca4af,15,0.7625622114758424,0.28971182582886457,0.6419709589203152
6932b19c5260dda743fca4af,16,0.5783998723636324,1.023151572425498,0.36604318025581123
6932b19c5260dda743fca4af,17,0.686206401290127,0.9191681292857813,0.4285701226128894
6932b19c5260dda743fca4af,18,0.6498077574996008,0.7069866724351006,0.48235458834141276
6932b19c5260dda743fca4af,19,0.17099189911053153,0.6652041684059489,0.351988708111962
6932b19c5260dda743fca4af,20,0.2571987811068918,0.02819788589513955,0.570231596840313
6932b19c5260dda743fca4af,21,0.2576323088038145,0.27349532675357985,0.49510279587792644
6932b19c5260dda743fca4af,22,0.28677351308263943,0.4701549660233708,0.44362569712798405
6932b19c5260dda743fca4af,23,0.1813031927126346,0.0056150962260378134,0.5540281015184708
6932b19c5260dda743fca4af,24,0.10624922386948715,0.2586839316586333,0.4530775881559014
6932b19c5260dda743fca4af,25,0.29631509350691265,0.2665831019872461,0.5091780727023489
6932b19c5260dda743fca4af,26,0.14850633942331387,0.33515360530217164,0.442630493350301
6932b19c5260dda743fca4af,27,0.5807832288317907,0.44726491724613304,0.541127731306613
6932b19c5260dda743fca4af,28,0.7129482025986891,0.5463367644103952,0.5512569512274959
6932b19c5260dda743fca4af,29,0.6960296974784632,0.5362419855242009,0.5491715254812604
6932b19c5260dda743fca4af,30,0.7511790145230195,0.5933723728821088,0.5485657557907865
6932b19c5260dda743fca4af,31,0.5616512429100676,0.5910115009011606,0.49093665372658757
6932b19c5260dda743fca4af,32,0.7946536860318817,0.7352154292278441,0.5183420306991811
6932b19c5260dda743fca4af,33,0.7402794638240805,0.6998077595418615,0.5124921555349032
6932b19c5260dda743fca4af,34,0.3943822382945035,0.7283595424288505,0.39832891865656733
6932b19c5260dda743fca4af,35,0.5060399677586693,0.4980622431132763,0.5024629285235573
6932b19c5260dda743fca4af,36,0.7059148233274478,0.7832802352642052,0.47613326832326425
6932b19c5260dda743fca4af,37,0.7450107968996839,0.6655530515616951,0.5245111820535332
6932b19c5260dda743fca4af,38,0.6283896094001618,0.6313350092914805,0.499090673042254
6932b19c5260dda743fca4af,39,0.7091257860146116,0.7620430825087472,0.48366875046304475
6932b19c5260dda743fca4af,40,0.32587440220726527,0.7313507417718695,0.37736962573123806
6932b19c5260dda743fca4af,41,0.8101150081136967,0.7543700098635493,0.517203258809512
6932b19c5260dda743fca4af,42,0.4169305259386996,0.6391135308274756,0.4318329576754819
6932b19c5260dda743fca4af,43,0.8028515303967093,0.8737674247135271,0.47812024658827695
6932b19c5260dda743fca4af,44,0.6590332634780138,0.9104496971672671,0.42299822590423714
6932b19c5260dda743fca4af,45,0.9027820011172177,0.5053981593013285,0.620279415342652
6932b19c5260dda743fca4af,46,0.6345452756848327,0.4383567081816565,0.5602743983091675
6932b19c5260dda743fca4af,47,0.4238826106616338,0.4726642609082823,0.4849442825048653
69727a44c5c16e6541319a6a,0,0.0,0.0,0.5
69727a44c5c16e6541319a6a,1,0.0,0.0,0.5
69727a44c5c16e6541319a6a,2,0.03567996092302624,0.04531247995506456,0.49279477933884075
69727a44c5c16e6541319a6a,3,0.01985408027626384,0.137144482408493,0.41314918842613024
69727a44c5c16e6541319a6a,4,0.40402969571571634,0.5017998684732194,0.42737908222458326
69727a44c5c16e6541319a6a,5,0.1375526593226269,0.03677040857885155,0.5748251484802952
69727a44c5c16e6541319a6a,6,0.22956717816580202,0.17428413560132427,0.5412610860357175
69727a44c5c16e6541319a6a,7,0.16394276679151326,0.27713453835985113,0.4161258416244821
69727a44c5c16e6541319a6a,8,0.36665656674131564,0.28964653946491586,0.5573546919325734
69727a44c5c16e6541319a6a,9,0.30210899292564364,0.2321236334606793,0.5521628834531763
69727a44c5c16e6541319a6a,10,0.06757277096493312,0.28446675100344865,0.3432148303519239
69727a44c5c16e6541319a6a,11,0.04590298517773573,0.1955921382150877,0.3898585235671807
69727a44c5c16e6541319a6a,12,0.027913236369853902,0.06967117452829014,0.4688030598703523
69727a44c5c16e6541319a6a,13,0.19708092887470186,0.1844100582660942,0.5094774589093339
69727a44c5c16e6541319a6a,14,0.08366762006279455,0.23188987339508296,0.39090311096253344
69727a44c5c16e6541319a6a,15,0.22045783921014062,-0.02469626566693068,0.675586371228784
69727a44c5c16e6541319a6a,16,-0.06303305337506196,0.07640729383962269,0.397177385671362
69727a44c5c16e6541319a6a,17,0.10664648330345801,-0.06392845888011109,0.6249007991622204
69727a44c5c16e6541319a6a,18,-0.06281841462539928,-0.059594819561552326,0.49758857038932525
69727a44c5c16e6541319a6a,19,0.053827630078422256,-0.029636355443507404,0.5621137049501216
69727a44c5c16e6541319a6a,20,-0.09299939126471617,0.02939085157938469,0.40945426819507147
69727a44c5c16e6541319a6a,21,0.07613436526737637,0.29409318007151275,0.3424969504358168
69727a44c5c16e6541319a6a,22,0.35416882445198195,0.041431238281639804,0.7182481006755923
69727a44c5c16e6541319a6a,23,0.26279957731840575,0.00960634195929825,0.6808360795776927
69727a44c5c16e6541319a6a,24,0.17688429749998064,-0.02192388113994871,0.6444847950544353
69727a44c5c16e6541319a6a,25,0.052930765882738665,0.052782799917728336,0.5001106876834714
69727a44c5c16e6541319a6a,26,0.3987419644452682,-0.045450536402822775,0.7906973119020078
69727a44c5c16e6541319a6a,27,0.30127356776393327,0.28798968547710124,0.5099358566684636
69727a44c5c16e6541319a6a,28,-0.039268650258859075,-0.0502787334831264,0.5082354777500205
69727a44c5c16e6541319a6a,29,-0.09734612478883578,0.11104544434377449,0.34897242661776834
69727a44c5c16e6541319a6a,30,0.22622023806046626,0.16376457631954824,0.546585190257011
69727a44c5c16e6541319a6a,31,-0.05874127993582951,0.03791581577144253,0.42819436416027445
69727a44c5c16e6541319a6a,32,0.2852286372660312,-0.04867666145415951,0.7308869386802391
69727a44c5c16e6541319a6a,33,-0.03145204214638594,0.07154874849112315,0.4235532252400282
69727a44c5c16e6541319a6a,34,-0.0733372776204597,0.06545145735135725,0.3976443112758579
69727a44c5c16e6541319a6a,35,0.08401105563899694,0.04107326104694432,0.5320760119377774
69727a44c5c16e6541319a6a,36,0.06036920530429405,-0.0030016069113277116,0.5472637496512442
69727a44c5c16e6541319a6a,37,0.6232858167318215,0.2693946723197031,0.7424859713521613
69727a44c5c16e6541319a6a,38,0.3548439078458887,0.5007185662839586,0.39257692535070865
69727a44c5c16e6541319a6a,39,0.14483162166881147,0.5493225228537996,0.2296414710601662
69727a44c5c16e6541319a6a,40,-0.08497500675761357,-0.08774364095711548,0.5020710976217471
69727a44c5c16e6541319a6a,41,0.050747758325642746,0.4522373511633673,0.2312340615551078
69727a44c5c16e6541319a6a,42,0.47373661371437475,0.09884761228353456,0.7543151355153488
69727a44c5c16e6541319a6a,43,0.419338888335887,0.43654393641612604,0.48713240272919334
69727a44c5c16e6541319a6a,44,0.39794898563147785,0.25545348299667164,0.6050093372856232
69727a44c5c16e6541319a6a,45,0.15412427261641004,0.3204082578071885,0.3781135940127521
69727a44c5c16e6541319a6a,46,0.14120885844637285,0.1625872224168864,0.48401311394901414
69727a44c5c16e6541319a6a,47,0.1717935541471915,0.25759590284069517,0.43616480515521383
697a7ca703a2f04efb2de9e9,0,0.0,0.0,0.5
697a7ca703a2f04efb2de9e9,1,1.794134142933765,1.5423069775403087,0.5188760118447251
697a7ca703a2f04efb2de9e9,2,0.0012695930979417375,-0.7292153270667092,0.5545622815680621
697a7ca703a2f04efb2de9e9,3,1.3304286979060782,1.2693406895671453,0.5045809750513828
697a7ca703a2f04efb2de9e9,4,-0.9419426653781228,-0.9758732673370553,0.5025444969116649
697a7ca703a2f04efb2de9e9,5,2.1587108002524444,1.4222402825205578,0.5550057638512853
697a7ca703a2f04efb2de9e9,6,0.22962957798529737,2.858218399656889,0.3124927649008126
697a7ca703a2f04efb2de9e9,7,-1.9786332947328882,-1.454141477661521,0.46074831684569684
697a7ca703a2f04efb2de9e9,8,1.0697015408320727,3.5058330578806665,0.3250279479368726
697a7ca703a2f04efb2de9e9,9,-0.45988432126252116,-1.4729299639978026,0.5753909108154882
697a7ca703a2f04efb2de9e9,10,1.269068417783131,-0.1906558982530887,0.6077513187355661
697a7ca703a2f04efb2de9e9,11,0.1882686412299141,-0.6257812148945865,0.5607455659144138
697a7ca703a2f04efb2de9e9,12,0.4323464258863832,0.26193851484170294,0.5127764239653547
697a7ca703a2f04efb2de9e9,13,-0.6113057072371755,3.042651575290396,0.2504773237137871
697a7ca703a2f04efb2de9e9,14,-0.7628851511733403,0.9258104625050269,0.37600176896450704
697a7ca703a2f04efb2de9e9,15,0.8324698549030085,2.6692990253976214,0.365635000599206
697a7ca703a2f04efb2de9e9,16,-0.9220697665520267,2.5064195981331334,0.26338759585474186
697a7ca703a2f04efb2de9e9,17,3.8108852036645464,3.5318395945212844,0.5209139390155002
697a7ca703a2f04efb2de9e9,18,1.2631860853101693,1.2926908415580618,0.49778739795747234
697a7ca703a2f04efb2de9e9,19,2.706494136371,3.4270938467047403,0.44617031902424825
697a7ca703a2f04efb2de9e9,20,-0.5479758095748821,-0.27573538476225734,0.47959552310870013
697a7ca703a2f04efb2de9e9,21,1.0904182702637293,1.3629721881029417,0.4795720528811829
697a7ca703a2f04efb2de9e9,22,-1.13177514228317,1.4403521218619393,0.31614295249476526
697a7ca703a2f04efb2de9e9,23,0.3539988911754911,-0.21211612704019278,0.5423522880052095
697a7ca703a2f04efb2de9e9,24,3.1748320606810636,1.6316636913366034,0.61370197055047
697a7ca703a2f04efb2de9e9,25,0.28830169984215925,-1.1915913725541887,0.609192625022603
697a7ca703a2f04efb2de9e9,26,2.6584900087477283,3.9066937606976886,0.40747331281122146
697a7ca703a2f04efb2de9e9,27,3.7428517335730973,0.617793538188009,0.7185773412420813
697a7ca703a2f04efb2de9e9,28,-2.0498499293271215,1.5281656177879253,0.2547782753346894
697a7ca703a2f04efb2de9e9,29,2.1256123895259242,1.7781951872012927,0.526029907495836
697a7ca703a2f04efb2de9e9,30,-1.0636520214259386,1.8172344752899177,0.29646840742758035
697a7ca703a2f04efb2de9e9,31,-0.9549752381012567,1.3311291900154267,0.3349776417661513
697a7ca703a2f04efb2de9e9,32,0.6108216975218581,-0.6739479152114816,0.5951722136271858
697a7ca703a2f04efb2de9e9,33,-0.2553584501286244,1.3242676221781138,0.38370862790928556
697a7ca703a2f04efb2de9e9,34,0.7833131998471314,-1.253068490731955,0.648134260210394
697a7ca703a2f04efb2de9e9,35,-0.29013135689503833,3.5466420631994104,0.2403234425333391
697a7ca703a2f04efb2de9e9,36,0.8286845728700647,0.761718783260748,0.5050217201145002
697a7ca703a2f04efb2de9e9,37,-2.3903683434160525,-3.341249173768136,0.5708287625677192
697a7ca703a2f04efb2de9e9,38,0.8705678848065731,0.025068599303549877,0.5630678580477407
697a7ca703a2f04efb2de9e9,39,1.5097189786391039,5.586629083236147,0.22741943486642677
697a7ca703a2f04efb2de9e9,40,-3.568576362184782,-3.7748423517233523,0.515463336911672
697a7ca703a2f04efb2de9e9,41,-1.8810480623348362,0.48172685546416594,0.32987388246409255
697a7ca703a2f04efb2de9e9,42,0.3503706364878349,5.615289260991406,0.17089405880386713
697a7ca703a2f04efb2de9e9,43,-1.0617033667986546,-0.04393174524781984,0.4242627738900228
697a7ca703a2f04efb2de9e9,44,-0.16684020593497184,5.147632595220283,0.1687981904685181
697a7ca703a2f04efb2de9e9,45,1.6008888024335142,2.15103508185541,0.45883688427633296
697a7ca703a2f04efb2de9e9,46,2.017319377152596,-1.0425105292272374,0.7146036866433928
697a7ca703a2f04efb2de9e9,47,-1.6772567122561541,-1.8197552288856629,0.5106846017031723
697a8232cf359493f5c6f3fb,0,0.0,0.0,0.5
697a8232cf359493f5c6f3fb,1,0.0,0.0,0.5
697a8232cf359493f5c6f3fb,2,0.0,0.0,0.5
697a8232cf359493f5c6f3fb,3,0.02374027060400208,0.046741529194591167,0.4967769949440957
697a8232cf359493f5c6f3fb,4,-0.053828579028906365,-0.011197888436474165,0.49402666176548354
697a8232cf359493f5c6f3fb,5,0.0206013847449812,-0.04910633780819825,0.509766547182447
697a8232cf359493f5c6f3fb,6,0.12245621087399296,0.17104891172640171,0.4931913721941641
697a8232cf359493f5c6f3fb,7,0.6184872044459482,0.2753197292047731,0.5479386111597517
697a8232cf359493f5c6f3fb,8,-0.1148928131318056,-0.1795922180139656,0.5090650060202604
697a8232cf359493f5c6f3fb,9,0.04071693285844613,-0.09858171130016073,0.5195093027298834
697a8232cf359493f5c6f3fb,10,-0.0695464122090893,0.034279764826494336,0.4854554689338247
697a8232cf359493f5c6f3fb,11,0.2413113161129023,0.12280830274214852,0.5165991240479353
697a8232cf359493f5c6f3fb,12,0.6546631780828058,0.4985216642280247,0.5218653640530868
697a8232cf359493f5c6f3fb,13,0.21252799937975791,0.16460182767070525,0.5067152475400193
697a8232cf359493f5c6f3fb,14,-0.03606188786754133,0.09884525184671952,0.4811051488544797
697a8232cf359493f5c6f3fb,15,0.17424820653950657,0.11937293780923779,0.5076887869214948
697a8232cf359493f5c6f3fb,16,0.13985649516034043,0.14342548700446434,0.49949989544269097
697a8232cf359493f5c6f3fb,17,0.28225678043080704,-0.062341942610990866,0.5481373134258465
697a8232cf359493f5c6f3fb,18,0.21722806055949695,0.3314042677716733,0.4840065252258764
697a8232cf359493f5c6f3fb,19,-0.057342960952856736,-0.4969740235264405,0.5612934424668975
697a8232cf359493f5c6f3fb,20,0.6235445463628797,-0.22858138042015466,0.6171848493474708
697a8232cf359493f5c6f3fb,21,-0.5938197914012235,0.10645226949767501,0.4031150713168951
697a8232cf359493f5c6f3fb,22,0.07978978925969515,0.5217906722631622,0.43837950350237065
697a8232cf359493f5c6f3fb,23,-0.2778201256475526,-0.21232741055786464,0.4908238684328551
697a8232cf359493f5c6f3fb,24,-0.20333410906935703,-0.0034994471857955067,0.4720274208065424
697a8232cf359493f5c6f3fb,25,-0.07815619590557155,-0.26738862406048874,0.5264913499331482
697a8232cf359493f5c6f3fb,26,0.5567577080069576,-0.09762799471216317,0.5906814090062522
697a8232cf359493f5c6f3fb,27,-0.16687040322626637,-0.2920314139930148,0.5175309884182511
697a8232cf359493f5c6f3fb,28,-0.2499036539613574,0.2291764846898655,0.43326941816152287
697a8232cf359493f5c6f3fb,29,0.8741936721501239,0.6262462236555824,0.5346878065065841
697a8232cf359493f5c6f3fb,30,0.41583880887810254,0.8194981058729387,0.4436773261583465
697a8232cf359493f5c6f3fb,31,0.7141612469365373,1.1707456490738772,0.4363680508843382
697a8232cf359493f5c6f3fb,32,0.012663557795290215,0.8470724844609985,0.3851640913900876
697a8232cf359493f5c6f3fb,33,1.0713376368053882,1.0236113898535963,0.5066872381300118
697a8232cf359493f5c6f3fb,34,0.734415873302628,-0.5752186923359641,0.6756933423698116
697a8232cf359493f5c6f3fb,35,0.45218672579696934,-0.33150907945039576,0.6080829926198521
697a8232cf359493f5c6f3fb,36,0.1505764960341619,0.6751020803797567,0.4270257555338578
697a8232cf359493f5c6f3fb,37,-0.03206782816271331,0.06370980417836154,0.4865823883910014
697a8232cf359493f5c6f3fb,38,-0.19028236468680715,0.3366863215456448,0.42669074174814026
697a8232cf359493f5c6f3fb,39,-0.1181947433088074,-0.30669011675385843,0.5263883589929681
697a8232cf359493f5c6f3fb,40,0.0940552562016573,0.04527428715461823,0.5068350039621875
697a8232cf359493f5c6f3fb,41,0.29814415836363384,0.07383718679848142,0.5313896622759229
697a8232cf359493f5c6f3fb,42,0.3775273199954802,0.4982233945642996,0.4830939183974297
697a8232cf359493f5c6f3fb,43,0.5239995772084973,0.040571951020523384,0.5673288247957649
697a8232cf359493f5c6f3fb,44,0.1463128174615576,-0.15721464150367473,0.5424294754550183
697a8232cf359493f5c6f3fb,45,0.5697454985744232,0.10226074155419884,0.565134033811387
697a8232cf359493f5c6f3fb,46,0.5526591165196688,-0.4020971953513334,0.6306812836784794
697a8232cf359493f5c6f3fb,47,0.8087312493282579,0.8036976998760109,0.5007053252851639
697cbad1e4fa658183a9a4ba,0,0.0,0.0,0.5
697cbad1e4fa658183a9a4ba,1,0.0,0.0,0.5
697cbad1e4fa658183a9a4ba,2,0.0,0.0,0.5
697cbad1e4fa658183a9a4ba,3,0.0,0.0,0.5
697cbad1e4fa658183a9a4ba,4,0.0,0.0,0.5
697cbad1e4fa658183a9a4ba,5,0.0,0.0,0.5
697cbad1e4fa658183a9a4ba,6,0.0,0.0,0.5
697cbad1e4fa658183a9a4ba,7,0.0,0.0,0.5
697cbad1e4fa658183a9a4ba,8,0.0,0.0,0.5
697cbad1e4fa658183a9a4ba,9,0.0,0.0,0.5
697cbad1e4fa658183a9a4ba,10,0.0,0.0,0.5
697cbad1e4fa658183a9a4ba,11,0.0,0.0,0.5
697cbad1e4fa658183a9a4ba,12,0.0,0.0,0.5
697cbad1e4fa658183a9a4ba,13,0.0,0.0,0.5
697cbad1e4fa658183a9a4ba,14,0.07260149482312198,0.5867801128387751,0.32327420713911303
697cbad1e4fa658183a9a4ba,15,-0.47076556609251374,-0.4214158921401254,0.4822811778926798
697cbad1e4fa658183a9a4ba,16,0.9493514507093672,0.14400262885148046,0.7608080779926951
697cbad1e4fa658183a9a4ba,17,-0.40122582535651935,0.13048370561267347,0.31778854596205797
697cbad1e4fa658183a9a4ba,18,-0.4845262671820867,-0.8005876387915373,0.6116166744469423
697cbad1e4fa658183a9a4ba,19,0.47934874208235045,-0.3239955723961178,0.7602835752402962
697cbad1e4fa658183a9a4ba,20,1.2681811819456752,1.1940161008462225,0.5266146806054396
697cbad1e4fa658183a9a4ba,21,2.070367733420491,1.4666753471119098,0.7041997159969128
697cbad1e4fa658183a9a4ba,22,0.03830854699730793,-0.4124274409818047,0.6564720626020799
697cbad1e4fa658183a9a4ba,23,-0.15701557680346087,0.18565349257083627,0.37934188233204735
697cbad1e4fa658183a9a4ba,24,-1.0677777739111647,-0.6892080557174334,0.36727520383097156
697cbad1e4fa658183a9a4ba,25,-1.0097449536163048,-0.9832755060937455,0.49049340495372484
697cbad1e4fa658183a9a4ba,26,-1.1027787185020554,-1.0706843521430947,0.48847384866070637
697cbad1e4fa658183a9a4ba,27,1.451514125162302,1.4454577941028874,0.5021754010088253
697cbad1e4fa658183a9a4ba,28,0.5218612330095496,0.42229337082631146,0.5357035871164813
697cbad1e4fa658183a9a4ba,29,1.0499379111257512,1.3661737518569261,0.38832378144904184
697cbad1e4fa658183a9a4ba,30,0.0741843023054716,-0.1663682866450653,0.5855557379760018
697cbad1e4fa658183a9a4ba,31,1.640945615263307,1.4033440541067264,0.584526402258084
697cbad1e4fa658183a9a4ba,32,0.19169687167045923,0.7832717761091236,0.29943972759174514
697cbad1e4fa658183a9a4ba,33,-0.8724716028580063,-0.31982511422974336,0.31130284809004477
697cbad1e4fa658183a9a4ba,34,-0.2344390049256959,0.5873682149113169,0.23491519740417482
697cbad1e4fa658183a9a4ba,35,-0.4434468339134642,0.7415225464469151,0.15413266537688378
697cbad1e4fa658183a9a4ba,36,-0.3588188035440345,-0.28163569064003247,0.4723044500220214
697cbad1e4fa658183a9a4ba,37,1.1993944333697286,1.0098351599515214,0.5676712906984078
697cbad1e4fa658183a9a4ba,38,0.949804543799244,1.5366890322944657,0.30085534037730854
697cbad1e4fa658183a9a4ba,39,-0.8180298504720489,-0.08384147440238998,0.2582905528555267
697cbad1e4fa658183a9a4ba,40,-0.6180752211628048,-0.5523284272976552,0.4764015078153337
697cbad1e4fa658183a9a4ba,41,0.8958102431575148,-0.8055549472949538,0.9201582949351863
697cbad1e4fa658183a9a4ba,42,-0.08661738147981102,-0.7523777346072993,0.7224317199778446
697cbad1e4fa658183a9a4ba,43,0.7204309967648567,-0.8569371515866672,0.906050902134202
697cbad1e4fa658183a9a4ba,44,0.09869197692718927,0.47239762430937915,0.3689007527965298
697cbad1e4fa658183a9a4ba,45,0.5374305566417703,-0.020855649959310663,0.6904317357826597
697cbad1e4fa658183a9a4ba,46,0.6272815597279244,1.5090440111488475,0.21978752484552358
697cbad1e4fa658183a9a4ba,47,-0.8037021591258784,0.5796611290562885,0.12051114386123432
