subject,trial,state,chosen_color,ooz,Q_patternA_white,Q_patternA_black,Q_patternB_white,Q_patternB_black,p_patternA,p_patternB
5987bfb80e411a0001d83837,0,white_high,black,0,0.5,0.5,0.5,0.5,0.490223126321884,0.5097768736781161
5987bfb80e411a0001d83837,1,black_high,white,0,0.5,0.5,0.5,0.2603296281662253,0.490223126321884,0.531175644232496
5987bfb80e411a0001d83837,2,black_high,white,1,0.2603296281662253,0.5,0.5,0.2603296281662253,0.5116577858869765,0.531175644232496
5987bfb80e411a0001d83837,3,white_high,white,1,0.13851288588444083,0.5,0.5,0.2603296281662253,0.5225408656219872,0.531175644232496
5987bfb80e411a0001d83837,4,white_high,white,1,0.13851288588444083,0.5,0.6403798059481753,0.2603296281662253,0.5225408656219872,0.5436613356724518
5987bfb80e411a0001d83837,5,black_high,white,0,0.13851288588444083,0.5,0.761864580818918,0.2603296281662253,0.5225408656219872,0.5544229197239093
5987bfb80e411a0001d83837,6,black_high,white,0,0.07211801615705454,0.5,0.761864580818918,0.2603296281662253,0.528464229089046,0.5544229197239093
5987bfb80e411a0001d83837,7,black_high,black,0,0.03754891266050367,0.5,0.761864580818918,0.2603296281662253,0.5315452187810427,0.5544229197239093
5987bfb80e411a0001d83837,8,black_high,white,0,0.03754891266050367,0.5479340743667549,0.761864580818918,0.2603296281662253,0.5358133424689684,0.5544229197239093
5987bfb80e411a0001d83837,9,white_high,black,0,0.019550188941909977,0.5479340743667549,0.761864580818918,0.2603296281662253,0.537414656581647,0.5544229197239093
5987bfb80e411a0001d83837,10,white_high,white,0,0.019550188941909977,0.5479340743667549,0.761864580818918,0.13554303060233022,0.537414656581647,0.5654240245766236
5987bfb80e411a0001d83837,11,black_high,black,0,0.019550188941909977,0.5479340743667549,0.7801444410092516,0.13554303060233022,0.537414656581647,0.5670304323374253
5987bfb80e411a0001d83837,12,white_high,black,0,0.019550188941909977,0.6208254682462888,0.7801444410092516,0.13554303060233022,0.5438914458614827,0.5670304323374253
5987bfb80e411a0001d83837,13,white_high,white,0,0.019550188941909977,0.6208254682462888,0.7801444410092516,0.07057173351445584,0.5438914458614827,0.5727283983327613
5987bfb80e411a0001d83837,14,white_high,black,0,0.019550188941909977,0.6208254682462888,0.7417279450550569,0.07057173351445584,0.5438914458614827,0.5693615131248912
5987bfb80e411a0001d83837,15,black_high,white,0,0.019550188941909977,0.6208254682462888,0.7417279450550569,0.03674382628972845,0.5438914458614827,0.5723265946285476
5987bfb80e411a0001d83837,16,white_high,white,0,0.010178986835653747,0.6208254682462888,0.7417279450550569,0.03674382628972845,0.5447230980392347,0.5723265946285476
5987bfb80e411a0001d83837,17,black_high,black,0,0.010178986835653747,0.6208254682462888,0.6737919664738923,0.03674382628972845,0.5447230980392347,0.5663668306659023
5987bfb80e411a0001d83837,18,white_high,black,1,0.010178986835653747,0.7067111215433977,0.6737919664738923,0.03674382628972845,0.5523328720116927,0.5663668306659023
5987bfb80e411a0001d83837,19,white_high,white,1,0.010178986835653747,0.7067111215433977,0.6737919664738923,0.019550188941909977,0.5523328720116927,0.5678770489334068
5987bfb80e411a0001d83837,20,black_high,white,1,0.010178986835653747,0.7067111215433977,0.592469024710703,0.019550188941909977,0.5523328720116927,0.5607233130208268
5987bfb80e411a0001d83837,21,black_high,black,1,0.005415906179860067,0.7067111215433977,0.592469024710703,0.019550188941909977,0.5527542147276527,0.5607233130208268
5987bfb80e411a0001d83837,22,white_high,black,0,0.005415906179860067,0.7503640370596002,0.592469024710703,0.019550188941909977,0.5566121537393504,0.5607233130208268
5987bfb80e411a0001d83837,23,black_high,white,0,0.005415906179860067,0.7503640370596002,0.592469024710703,0.010178986835653747,0.5566121537393504,0.5615490154190174
5987bfb80e411a0001d83837,24,white_high,white,0,0.0028198416839722656,0.7503640370596002,0.592469024710703,0.010178986835653747,0.5568413773630254,0.5615490154190174
5987bfb80e411a0001d83837,25,black_high,white,0,0.0028198416839722656,0.7503640370596002,0.7398811511066814,0.010178986835653747,0.5568413773630254,0.5744899110991665
5987bfb80e411a0001d83837,26,white_high,black,0,0.0014681766741522447,0.7503640370596002,0.7398811511066814,0.010178986835653747,0.5569607151890005,0.5744899110991665
5987bfb80e411a0001d83837,27,white_high,white,0,0.0014681766741522447,0.7503640370596002,0.7398811511066814,0.0052997837160692835,0.5569607151890005,0.5749166034701292
5987bfb80e411a0001d83837,28,black_high,white,1,0.0014681766741522447,0.7503640370596002,0.8166326392103967,0.0052997837160692835,0.5569607151890005,0.5816135418966126
5987bfb80e411a0001d83837,29,white_high,white,1,0.0007811688187684797,0.7503640370596002,0.8166326392103967,0.0052997837160692835,0.5570213682488536,0.5816135418966126
5987bfb80e411a0001d83837,30,white_high,black,1,0.0007811688187684797,0.7503640370596002,0.8088496836611917,0.0052997837160692835,0.5570213682488536,0.5809357671163942
5987bfb80e411a0001d83837,31,white_high,black,1,0.0007811688187684797,0.7503640370596002,0.8088496836611917,0.0028198416839722656,0.5570213682488536,0.5811517649120487
5987bfb80e411a0001d83837,32,white_high,white,0,0.0007811688187684797,0.7503640370596002,0.8088496836611917,0.0015003455893035905,0.5570213682488536,0.5812666776064237
5987bfb80e411a0001d83837,33,black_high,white,0,0.0007811688187684797,0.7503640370596002,0.5170032235132839,0.0015003455893035905,0.5570213682488536,0.5556571812943332
5987bfb80e411a0001d83837,34,white_high,black,0,0.0004067227762500955,0.7503640370596002,0.5170032235132839,0.0015003455893035905,0.5570544258133476,0.5556571812943332
5987bfb80e411a0001d83837,35,black_high,white,0,0.0004067227762500955,0.7503640370596002,0.5170032235132839,0.0007811688187684796,0.5570544258133476,0.555720712166948
5987bfb80e411a0001d83837,36,white_high,black,0,0.00021176397821584439,0.7503640370596002,0.5170032235132839,0.0007811688187684796,0.5570716373402507,0.555720712166948
5987bfb80e411a0001d83837,37,white_high,white,1,0.00021176397821584439,0.7503640370596002,0.5170032235132839,0.00040672277625009544,0.5570716373402507,0.5557537893827806
5987bfb80e411a0001d83837,38,white_high,black,1,0.00021176397821584439,0.7503640370596002,0.6494266654038318,0.00040672277625009544,0.5570716373402507,0.5674185165273856
5987bfb80e411a0001d83837,39,black_high,white,1,0.00021176397821584439,0.7503640370596002,0.6494266654038318,0.0002164038949011237,0.5570716373402507,0.5674352305738931
5987bfb80e411a0001d83837,40,black_high,black,1,0.00011267269098666487,0.7503640370596002,0.6494266654038318,0.0002164038949011237,0.5570803853533338,0.5674352305738931
5987bfb80e411a0001d83837,41,black_high,black,1,0.00011267269098666487,0.8671768638437976,0.6494266654038318,0.0002164038949011237,0.5673668397204467,0.5674352305738931
5987bfb80e411a0001d83837,42,black_high,black,1,0.00011267269098666487,0.7421560761763497,0.6494266654038318,0.0002164038949011237,0.556355647662616,0.5674352305738931
5987bfb80e411a0001d83837,43,black_high,black,1,0.00011267269098666487,0.6288433329003246,0.6494266654038318,0.0002164038949011237,0.5463272788777082,0.5674352305738931
5987bfb80e411a0001d83837,44,black_high,black,0,0.00011267269098666487,0.7557264005970126,0.6494266654038318,0.0002164038949011237,0.5575537345407561,0.5674352305738931
5987bfb80e411a0001d83837,45,white_high,black,0,0.00011267269098666487,0.6810803919261699,0.6494266654038318,0.0002164038949011237,0.5509555208834066,0.5674352305738931
5987bfb80e411a0001d83837,46,black_high,black,0,0.00011267269098666487,0.6810803919261699,0.6494266654038318,0.00011267269098666485,0.5509555208834066,0.5674443403156803
5b2150d538b0be00014137fb,0,white_high,white,0,0.5,0.5,0.5,0.5,0.5659591539747043,0.43404084602529575
5b2150d538b0be00014137fb,1,white_high,black,0,0.5,0.5,0.619171418027009,0.5,0.5659591539747043,0.45066411893227376
5b2150d538b0be00014137fb,2,white_high,black,0,0.5,0.5,0.619171418027009,0.30138096995498503,0.5659591539747043,0.4785976161099848
5b2150d538b0be00014137fb,3,black_high,white,0,0.5,0.5,0.619171418027009,0.1816609781020152,0.5659591539747043,0.4955110900471956
5b2150d538b0be00014137fb,4,white_high,white,0,0.30138096995498503,0.5,0.619171418027009,0.1816609781020152,0.5933204544477171,0.4955110900471956
5b2150d538b0be00014137fb,5,white_high,white,0,0.30138096995498503,0.5,0.6512796071297879,0.1816609781020152,0.5933204544477171,0.5000505396673767
5b2150d538b0be00014137fb,6,white_high,black,0,0.30138096995498503,0.5,0.6706332014803751,0.1816609781020152,0.5933204544477171,0.5027867909682169
5b2150d538b0be00014137fb,7,black_high,white,0,0.30138096995498503,0.5,0.6706332014803751,0.10949832356671328,0.5933204544477171,0.5129865117519876
5b2150d538b0be00014137fb,8,black_high,black,0,0.1816609781020152,0.5,0.6706332014803751,0.10949832356671328,0.6095485309231043,0.5129865117519876
5b2150d538b0be00014137fb,9,black_high,white,0,0.1816609781020152,0.619171418027009,0.6706332014803751,0.10949832356671328,0.6254650679951206,0.5129865117519876
5b2150d538b0be00014137fb,10,black_high,white,0,0.10949832356671328,0.619171418027009,0.6706332014803751,0.10949832356671328,0.634975249515493,0.5129865117519876
5b2150d538b0be00014137fb,11,black_high,white,0,0.0660014219299617,0.619171418027009,0.6706332014803751,0.10949832356671328,0.6406576906447183,0.5129865117519876
5b2150d538b0be00014137fb,12,white_high,black,1,0.03978314511932016,0.619171418027009,0.6706332014803751,0.10949832356671328,0.6440640048788061,0.5129865117519876
5b2150d538b0be00014137fb,13,white_high,white,1,0.03978314511932016,0.619171418027009,0.6706332014803751,0.05861450447170731,0.6440640048788061,0.5201726129465235
5b2150d538b0be00014137fb,14,white_high,white,1,0.03978314511932016,0.619171418027009,0.637809986209515,0.05861450447170731,0.6440640048788061,0.5155379011289586
5b2150d538b0be00014137fb,15,black_high,white,1,0.03978314511932016,0.619171418027009,0.6667096561601967,0.05861450447170731,0.6440640048788061,0.5196187665058352
5b2150d538b0be00014137fb,16,white_high,black,1,0.02129593642659059,0.619171418027009,0.6667096561601967,0.05861450447170731,0.6464571751713694,0.5196187665058352
5b2150d538b0be00014137fb,17,white_high,black,1,0.02129593642659059,0.619171418027009,0.6667096561601967,0.03137637200783787,0.6464571751713694,0.5234626241355029
5b2150d538b0be00014137fb,18,white_high,black,1,0.02129593642659059,0.619171418027009,0.6667096561601967,0.01679578679794913,0.6464571751713694,0.5255191304447979
5b2150d538b0be00014137fb,19,black_high,black,0,0.02129593642659059,0.619171418027009,0.6667096561601967,0.008990792628659986,0.6464571751713694,0.5266196280882427
5b2150d538b0be00014137fb,20,white_high,white,0,0.02129593642659059,0.691003413138791,0.6667096561601967,0.008990792628659986,0.6556855037306053,0.5266196280882427
5b2150d538b0be00014137fb,21,black_high,black,0,0.02129593642659059,0.691003413138791,0.7196576537758532,0.008990792628659986,0.6556855037306053,0.5340778841282533
5b2150d538b0be00014137fb,22,white_high,black,0,0.02129593642659059,0.5356819758149571,0.7196576537758532,0.008990792628659986,0.6355928020744304,0.5340778841282533
5b2150d538b0be00014137fb,23,black_high,black,0,0.02129593642659059,0.5356819758149571,0.7196576537758532,0.005419307606179352,0.6355928020744304,0.5345804530541475
5b2150d538b0be00014137fb,24,black_high,white,0,0.02129593642659059,0.5612315429710472,0.7196576537758532,0.005419307606179352,0.6389328354267528,0.5345804530541475
5b2150d538b0be00014137fb,25,white_high,white,0,0.01283637995269114,0.5612315429710472,0.7196576537758532,0.005419307606179352,0.6400357968363699,0.5345804530541475
5b2150d538b0be00014137fb,26,black_high,black,0,0.01283637995269114,0.5612315429710472,0.7118488855240118,0.005419307606179352,0.6400357968363699,0.5334815363692561
5b2150d538b0be00014137fb,27,white_high,white,0,0.01283637995269114,0.6560794616519181,0.7118488855240118,0.005419307606179352,0.6522988033962299,0.5334815363692561
5b2150d538b0be00014137fb,28,white_high,white,1,0.01283637995269114,0.6560794616519181,0.6674182512152216,0.005419307606179352,0.6522988033962299,0.5272230066940903
5b2150d538b0be00014137fb,29,white_high,white,1,0.01283637995269114,0.6560794616519181,0.7754988797077151,0.005419307606179352,0.6522988033962299,0.5424284981446328
5b2150d538b0be00014137fb,30,black_high,black,1,0.01283637995269114,0.6560794616519181,0.8798244439673258,0.005419307606179352,0.6522988033962299,0.5570314176191526
5b2150d538b0be00014137fb,31,black_high,white,1,0.01283637995269114,0.7229592676509378,0.8798244439673258,0.005419307606179352,0.6608270686146851,0.5570314176191526
5b2150d538b0be00014137fb,32,black_high,black,0,0.006871320268927593,0.7229592676509378,0.8798244439673258,0.005419307606179352,0.6615827639657236,0.5570314176191526
5b2150d538b0be00014137fb,33,black_high,black,0,0.006871320268927593,0.6741151666991885,0.8798244439673258,0.005419307606179352,0.6553708886866936,0.5570314176191526
5b2150d538b0be00014137fb,34,white_high,black,0,0.006871320268927593,0.6049499956473506,0.8798244439673258,0.005419307606179352,0.6464834381392218,0.5570314176191526
5b2150d538b0be00014137fb,35,black_high,black,0,0.006871320268927593,0.6049499956473506,0.8798244439673258,0.0032665523656695227,0.6464834381392218,0.5573318010562569
5b2150d538b0be00014137fb,36,black_high,black,0,0.006871320268927593,0.6824312809969489,0.8798244439673258,0.0032665523656695227,0.6564323408937474,0.5573318010562569
5b2150d538b0be00014137fb,37,white_high,black,0,0.006871320268927593,0.6099626328339818,0.8798244439673258,0.0032665523656695227,0.6471310454795768,0.5573318010562569
5b2150d538b0be00014137fb,38,black_high,white,0,0.006871320268927593,0.6099626328339818,0.8798244439673258,0.0019689534407484636,0.6471310454795768,0.5575128405192529
5b2150d538b0be00014137fb,39,white_high,white,0,0.004141770335041493,0.6099626328339818,0.8798244439673258,0.0019689534407484636,0.6474834625497139,0.5575128405192529
5b2150d538b0be00014137fb,40,black_high,black,0,0.004141770335041493,0.6099626328339818,0.768667524679974,0.0019689534407484636,0.6474834625497139,0.5419538839000642
5b2150d538b0be00014137fb,41,black_high,black,0,0.004141770335041493,0.6060050958936216,0.768667524679974,0.0019689534407484636,0.6469724456428001,0.5419538839000642
5b2150d538b0be00014137fb,42,white_high,black,0,0.004141770335041493,0.7227910612771937,0.768667524679974,0.0019689534407484636,0.6619070003117985,0.5419538839000642
5b2150d538b0be00014137fb,43,black_high,black,0,0.004141770335041493,0.7227910612771937,0.768667524679974,0.0011868101955379543,0.6619070003117985,0.5420636855052502
5b2150d538b0be00014137fb,44,white_high,black,0,0.004141770335041493,0.7931851963260543,0.768667524679974,0.0011868101955379543,0.6707577747390715,0.5420636855052502
5b2150d538b0be00014137fb,45,black_high,black,0,0.004141770335041493,0.7931851963260543,0.768667524679974,0.0007153640157673883,0.6707577747390715,0.5421298677608295
5b2150d538b0be00014137fb,46,black_high,white,0,0.004141770335041493,0.795892295717387,0.768667524679974,0.0007153640157673883,0.6710957856806512,0.5421298677608295
5b2150d538b0be00014137fb,47,white_high,black,0,0.002496501521811177,0.795892295717387,0.768667524679974,0.0007153640157673883,0.6713011289960087,0.5421298677608295
5d83b53430e67e0018bf3b38,0,white_high,black,0,0.5,0.5,0.5,0.5,0.38451495937987457,0.6154850406201253
5d83b53430e67e0018bf3b38,1,black_high,white,0,0.5,0.5,0.5,0.3925182123645033,0.38451495937987457,0.7178075267977471
5d83b53430e67e0018bf3b38,2,white_high,black,0,0.3925182123645033,0.5,0.5,0.3925182123645033,0.49818905894032606,0.7178075267977471
5d83b53430e67e0018bf3b38,3,black_high,black,1,0.3925182123645033,0.5,0.5,0.3081410940756506,0.49818905894032606,0.7853681791893048
5d83b53430e67e0018bf3b38,4,black_high,white,1,0.3925182123645033,0.517399718636498,0.5,0.3081410940756506,0.5169282517773742,0.7853681791893048
5d83b53430e67e0018bf3b38,5,black_high,white,1,0.32422114781606787,0.517399718636498,0.5,0.3081410940756506,0.589538919329043,0.7853681791893048
5d83b53430e67e0018bf3b38,6,black_high,white,1,0.2678075803360476,0.517399718636498,0.5,0.3081410940756506,0.6468380846700462,0.7853681791893048
5d83b53430e67e0018bf3b38,7,black_high,white,0,0.2212098148703619,0.517399718636498,0.5,0.3081410940756506,0.6912519300870898,0.7853681791893048
5d83b53430e67e0018bf3b38,8,white_high,white,0,0.17365776218079435,0.517399718636498,0.5,0.3081410940756506,0.7331963354604799,0.7853681791893048
5d83b53430e67e0018bf3b38,9,black_high,white,0,0.17365776218079435,0.517399718636498,0.5859854301083973,0.3081410940756506,0.7331963354604799,0.8412790585775298
5d83b53430e67e0018bf3b38,10,black_high,black,0,0.13632766874885088,0.517399718636498,0.5859854301083973,0.3081410940756506,0.7634650761110628,0.8412790585775298
5d83b53430e67e0018bf3b38,11,white_high,white,0,0.13632766874885088,0.5996448430180844,0.5859854301083973,0.3081410940756506,0.8214496906002472,0.8412790585775298
5d83b53430e67e0018bf3b38,12,white_high,white,1,0.13632766874885088,0.5996448430180844,0.6104944096852808,0.3081410940756506,0.8214496906002472,0.8548794056582639
5d83b53430e67e0018bf3b38,13,black_high,white,1,0.13632766874885088,0.5996448430180844,0.6608675678369746,0.3081410940756506,0.8214496906002472,0.8797933197709509
5d83b53430e67e0018bf3b38,14,black_high,black,1,0.11260703796285376,0.5996448430180844,0.6608675678369746,0.3081410940756506,0.83595341497906,0.8797933197709509
5d83b53430e67e0018bf3b38,15,black_high,black,0,0.11260703796285376,0.5475074834241614,0.6608675678369746,0.3081410940756506,0.8027768058355379,0.8797933197709509
5d83b53430e67e0018bf3b38,16,black_high,black,0,0.11260703796285376,0.6232805350435736,0.6608675678369746,0.3081410940756506,0.8494480484383824,0.8797933197709509
5d83b53430e67e0018bf3b38,17,white_high,black,1,0.11260703796285376,0.6182760679963853,0.6608675678369746,0.3081410940756506,0.846669178167813,0.8797933197709509
5d83b53430e67e0018bf3b38,18,white_high,white,1,0.11260703796285376,0.6182760679963853,0.6608675678369746,0.2545254107030607,0.846669178167813,0.9021660473750192
5d83b53430e67e0018bf3b38,19,black_high,black,1,0.11260703796285376,0.6182760679963853,0.6850762195654576,0.2545254107030607,0.846669178167813,0.9109955914416997
5d83b53430e67e0018bf3b38,20,white_high,white,0,0.11260703796285376,0.6324958022236973,0.6850762195654576,0.2545254107030607,0.8544565544959577,0.9109955914416997
5d83b53430e67e0018bf3b38,21,black_high,black,0,0.11260703796285376,0.6324958022236973,0.6882842887642261,0.2545254107030607,0.8544565544959577,0.9121102010545858
5d83b53430e67e0018bf3b38,22,black_high,black,0,0.11260703796285376,0.6899994609776903,0.6882842887642261,0.2545254107030607,0.8826531702144638,0.9121102010545858
5d83b53430e67e0018bf3b38,23,white_high,white,0,0.11260703796285376,0.7351419276547617,0.6882842887642261,0.2545254107030607,0.9013518553951091,0.9121102010545858
5d83b53430e67e0018bf3b38,24,white_high,white,0,0.11260703796285376,0.7351419276547617,0.6263136673570125,0.2545254107030607,0.9013518553951091,0.8882133317431717
5d83b53430e67e0018bf3b38,25,white_high,white,0,0.11260703796285376,0.7351419276547617,0.6851462599247555,0.2545254107030607,0.9013518553951091,0.9110200618430988
5d83b53430e67e0018bf3b38,26,black_high,black,0,0.11260703796285376,0.7351419276547617,0.7098356305245754,0.2545254107030607,0.9013518553951091,0.9192760280265279
5d83b53430e67e0018bf3b38,27,black_high,black,0,0.11260703796285376,0.7060913357170802,0.7098356305245754,0.2545254107030607,0.8896474554555971,0.9192760280265279
5d83b53430e67e0018bf3b38,28,white_high,white,0,0.11260703796285376,0.72627827794026,0.7098356305245754,0.2545254107030607,0.8979030350604786,0.9192760280265279
5d83b53430e67e0018bf3b38,29,white_high,white,0,0.11260703796285376,0.72627827794026,0.6862249706948689,0.2545254107030607,0.8979030350604786,0.911396171149749
5d83b53430e67e0018bf3b38,30,white_high,black,0,0.11260703796285376,0.72627827794026,0.6676897427166633,0.2545254107030607,0.8979030350604786,0.9047304254070879
5d83b53430e67e0018bf3b38,31,white_high,white,0,0.11260703796285376,0.72627827794026,0.6676897427166633,0.19981171842101278,0.8979030350604786,0.9232049305909286
5d83b53430e67e0018bf3b38,32,black_high,black,0,0.11260703796285376,0.72627827794026,0.6746352711402149,0.19981171842101278,0.8979030350604786,0.9253002819986669
5d83b53430e67e0018bf3b38,33,black_high,black,0,0.11260703796285376,0.5916512601996609,0.6746352711402149,0.19981171842101278,0.8311745865889119,0.9253002819986669
5d83b53430e67e0018bf3b38,34,black_high,black,1,0.11260703796285376,0.5504532201019503,0.6746352711402149,0.19981171842101278,0.8047789423329026,0.9253002819986669
5d83b53430e67e0018bf3b38,35,black_high,black,0,0.11260703796285376,0.6112733763071501,0.6746352711402149,0.19981171842101278,0.8427104007783599,0.9253002819986669
5d83b53430e67e0018bf3b38,36,white_high,white,0,0.11260703796285376,0.5658572959765911,0.6746352711402149,0.19981171842101278,0.8149978033135986,0.9253002819986669
5d83b53430e67e0018bf3b38,37,white_high,white,0,0.11260703796285376,0.5658572959765911,0.701584121468793,0.19981171842101278,0.8149978033135986,0.9329414238467894
5d83b53430e67e0018bf3b38,38,black_high,black,0,0.11260703796285376,0.5658572959765911,0.7442363081083964,0.19981171842101278,0.8149978033135986,0.9435653390336544
5d83b53430e67e0018bf3b38,39,white_high,white,0,0.11260703796285376,0.551700376175783,0.7442363081083964,0.19981171842101278,0.8056219490350965,0.9435653390336544
5d83b53430e67e0018bf3b38,40,white_high,white,0,0.11260703796285376,0.551700376175783,0.6917343981064276,0.19981171842101278,0.8056219490350965,0.9302365914946726
5d83b53430e67e0018bf3b38,41,white_high,white,0,0.11260703796285376,0.551700376175783,0.6505184863870379,0.19981171842101278,0.8056219490350965,0.9177915836051254
5d83b53430e67e0018bf3b38,42,black_high,black,0,0.11260703796285376,0.551700376175783,0.6826515669901999,0.19981171842101278,0.8056219490350965,0.9276532569225308
5d83b53430e67e0018bf3b38,43,white_high,white,0,0.11260703796285376,0.6050757510514795,0.6826515669901999,0.19981171842101278,0.8391377554595336,0.9276532569225308
5d83b53430e67e0018bf3b38,44,white_high,white,0,0.11260703796285376,0.6050757510514795,0.6863808481753358,0.19981171842101278,0.8391377554595336,0.9287244424384031
5d83b53430e67e0018bf3b38,45,white_high,white,0,0.11260703796285376,0.6050757510514795,0.6463157546895254,0.19981171842101278,0.8391377554595336,0.9164146989311909
5d83b53430e67e0018bf3b38,46,white_high,white,0,0.11260703796285376,0.6050757510514795,0.6793522695242894,0.19981171842101278,0.8391377554595336,0.9266932235617715
5d83b53430e67e0018bf3b38,47,black_high,black,0,0.11260703796285376,0.6050757510514795,0.7267834945427787,0.19981171842101278,0.8391377554595336,0.9394241388717102
5dd0dce9ed7ea418f59810e4,0,black_high,black,0,0.5,0.5,0.5,0.5,0.7385443805334394,0.2614556194665606
5dd0dce9ed7ea418f59810e4,1,white_high,black,0,0.5,0.5,0.5,0.5,0.7385443805334394,0.2614556194665606
5dd0dce9ed7ea418f59810e4,2,white_high,white,0,0.5,0.5,0.5,0.25828245155282226,0.7385443805334394,0.3158111944834163
5dd0dce9ed7ea418f59810e4,3,black_high,black,0,0.5,0.5,0.596687019378871,0.25828245155282226,0.7385443805334394,0.3391782289634249
5dd0dce9ed7ea418f59810e4,4,black_high,black,0,0.5,0.5483435096894356,0.596687019378871,0.25828245155282226,0.7486607075357042,0.3391782289634249
5dd0dce9ed7ea418f59810e4,5,white_high,black,0,0.5,0.7183465991562523,0.596687019378871,0.25828245155282226,0.7821245139158659,0.3391782289634249
5dd0dce9ed7ea418f59810e4,6,black_high,white,0,0.5,0.7183465991562523,0.596687019378871,0.13341964956027197,0.7821245139158659,0.37054028426764823
5dd0dce9ed7ea418f59810e4,7,black_high,black,0,0.25828245155282226,0.7183465991562523,0.596687019378871,0.13341964956027197,0.8239609797944601,0.37054028426764823
5dd0dce9ed7ea418f59810e4,8,black_high,black,0,0.25828245155282226,0.7578207189049031,0.596687019378871,0.13341964956027197,0.8301579713056146,0.37054028426764823
5dd0dce9ed7ea418f59810e4,9,white_high,black,0,0.25828245155282226,0.8748986831269167,0.596687019378871,0.13341964956027197,0.8475173881773215,0.37054028426764823
5dd0dce9ed7ea418f59810e4,10,black_high,black,0,0.25828245155282226,0.8748986831269167,0.596687019378871,0.06891990834749094,0.8475173881773215,0.38719936395548715
5dd0dce9ed7ea418f59810e4,11,black_high,black,0,0.25828245155282226,0.8870335406816316,0.596687019378871,0.06891990834749094,0.8492308137893867,0.38719936395548715
5dd0dce9ed7ea418f59810e4,12,white_high,white,1,0.25828245155282226,0.8933019821985838,0.596687019378871,0.06891990834749094,0.8501096897565172,0.38719936395548715
5dd0dce9ed7ea418f59810e4,13,black_high,black,1,0.25828245155282226,0.8933019821985838,0.7284553523760334,0.06891990834749094,0.8501096897565172,0.4220261966978288
5dd0dce9ed7ea418f59810e4,14,white_high,white,1,0.25828245155282226,0.6789966803767099,0.7284553523760334,0.06891990834749094,0.8176078946677026,0.4220261966978288
5dd0dce9ed7ea418f59810e4,15,white_high,black,1,0.25828245155282226,0.6789966803767099,0.8464225606321361,0.06891990834749094,0.8176078946677026,0.4538885197896715
5dd0dce9ed7ea418f59810e4,16,white_high,black,1,0.25828245155282226,0.6789966803767099,0.8464225606321361,0.03897901556186423,0.8176078946677026,0.4620466096794182
5dd0dce9ed7ea418f59810e4,17,white_high,black,1,0.25828245155282226,0.6789966803767099,0.8464225606321361,0.02204535221537866,0.8176078946677026,0.4666698775505445
5dd0dce9ed7ea418f59810e4,18,white_high,white,1,0.25828245155282226,0.6789966803767099,0.8464225606321361,0.012468184413964129,0.8176078946677026,0.4692872462221223
5dd0dce9ed7ea418f59810e4,19,white_high,black,0,0.25828245155282226,0.6789966803767099,0.7828121714949411,0.012468184413964129,0.8176078946677026,0.4519414715427119
5dd0dce9ed7ea418f59810e4,20,black_high,black,0,0.25828245155282226,0.6789966803767099,0.7828121714949411,0.006440626473702687,0.8176078946677026,0.45358078039109195
5dd0dce9ed7ea418f59810e4,21,black_high,black,0,0.25828245155282226,0.7858374416127694,0.7828121714949411,0.006440626473702687,0.8344501297056136,0.45358078039109195
5dd0dce9ed7ea418f59810e4,22,black_high,white,0,0.25828245155282226,0.8893711387778432,0.7828121714949411,0.006440626473702687,0.8495590546697173,0.45358078039109195
5dd0dce9ed7ea418f59810e4,23,black_high,black,0,0.13341964956027197,0.8893711387778432,0.7828121714949411,0.006440626473702687,0.866250513759918,0.45358078039109195
5dd0dce9ed7ea418f59810e4,24,black_high,black,0,0.13341964956027197,0.7978224839537822,0.7828121714949411,0.006440626473702687,0.8541732714082164,0.45358078039109195
5dd0dce9ed7ea418f59810e4,25,white_high,black,0,0.13341964956027197,0.7988751716345746,0.7828121714949411,0.006440626473702687,0.8543171441858037,0.45358078039109195
5dd0dce9ed7ea418f59810e4,26,black_high,black,0,0.13341964956027197,0.7988751716345746,0.7828121714949411,0.0033270015903278773,0.8543171441858037,0.4544279865555311
5dd0dce9ed7ea418f59810e4,27,black_high,black,0,0.13341964956027197,0.7994189531444036,0.7828121714949411,0.0033270015903278773,0.854391417683474,0.4544279865555311
5dd0dce9ed7ea418f59810e4,28,black_high,black,0,0.13341964956027197,0.7513563418979035,0.7828121714949411,0.0033270015903278773,0.847704606947263,0.4544279865555311
5dd0dce9ed7ea418f59810e4,29,white_high,black,0,0.13341964956027197,0.7748723934657864,0.7828121714949411,0.0033270015903278773,0.8510072756209447,0.4544279865555311
5dd0dce9ed7ea418f59810e4,30,white_high,white,0,0.13341964956027197,0.7748723934657864,0.7828121714949411,0.0017186122541400452,0.8510072756209447,0.45486572722087515
5dd0dce9ed7ea418f59810e4,31,white_high,white,0,0.13341964956027197,0.7748723934657864,0.7427778613442523,0.0017186122541400452,0.8510072756209447,0.44399239891903836
5dd0dce9ed7ea418f59810e4,32,white_high,black,0,0.13341964956027197,0.7748723934657864,0.8187845611792315,0.0017186122541400452,0.8510072756209447,0.46467299132312595
5dd0dce9ed7ea418f59810e4,33,white_high,black,0,0.13341964956027197,0.7748723934657864,0.8187845611792315,0.0008877747725360257,0.8510072756209447,0.4648998578133923
5dd0dce9ed7ea418f59810e4,34,white_high,white,0,0.13341964956027197,0.7748723934657864,0.8187845611792315,0.0004585932893547077,0.8510072756209447,0.4650170547752528
5dd0dce9ed7ea418f59810e4,35,white_high,white,0,0.13341964956027197,0.7748723934657864,0.8580469547148674,0.0004585932893547077,0.8510072756209447,0.47575317254826904
5dd0dce9ed7ea418f59810e4,36,white_high,white,0,0.13341964956027197,0.7748723934657864,0.8783285292272988,0.0004585932893547077,0.8510072756209447,0.4813084971885238
5dd0dce9ed7ea418f59810e4,37,black_high,white,0,0.13341964956027197,0.7748723934657864,0.6954312400424005,0.0004585932893547077,0.8510072756209447,0.43154199097968
5dd0dce9ed7ea418f59810e4,38,white_high,black,0,0.06891990834749094,0.7748723934657864,0.6954312400424005,0.0004585932893547077,0.8597630032556,0.43154199097968
5dd0dce9ed7ea418f59810e4,39,black_high,black,0,0.06891990834749094,0.7748723934657864,0.6954312400424005,0.00023689319808041338,0.8597630032556,0.43160169014781524
5dd0dce9ed7ea418f59810e4,40,white_high,black,0,0.06891990834749094,0.8353634700548127,0.6954312400424005,0.00023689319808041338,0.8675792470759012,0.43160169014781524
5dd0dce9ed7ea418f59810e4,41,white_high,white,1,0.06891990834749094,0.8353634700548127,0.6954312400424005,0.000122370711912795,0.8675792470759012,0.43163252942140184
5dd0dce9ed7ea418f59810e4,42,black_high,white,0,0.06891990834749094,0.8353634700548127,0.7843020968969581,0.000122370711912795,0.8675792470759012,0.45570585594544
5dd0dce9ed7ea418f59810e4,43,black_high,black,1,0.03560160577757156,0.8353634700548127,0.7843020968969581,0.000122370711912795,0.8717247245475962,0.45570585594544
5dd0dce9ed7ea418f59810e4,44,white_high,black,1,0.03560160577757156,0.8200005090348941,0.7843020968969581,0.000122370711912795,0.8698271816620334,0.45570585594544
5dd0dce9ed7ea418f59810e4,45,black_high,black,1,0.03560160577757156,0.8200005090348941,0.7843020968969581,6.920917334822443e-05,0.8698271816620334,0.4557203300151264
5dd0dce9ed7ea418f59810e4,46,black_high,black,1,0.03560160577757156,0.8113116829608309,0.7843020968969581,6.920917334822443e-05,0.8687434559657089,0.4557203300151264
5dd0dce9ed7ea418f59810e4,47,black_high,black,1,0.03560160577757156,0.8498405704111593,0.7843020968969581,6.920917334822443e-05,0.8734912124010664,0.4557203300151264
5e6473fbc15dbe1f71eea95b,0,black_high,white,0,0.5,0.5,0.5,0.5,0.40833417207627076,0.5916658279237292
5e6473fbc15dbe1f71eea95b,1,black_high,white,0,0.2770271282554702,0.5,0.5,0.5,0.42001363352422527,0.5916658279237292
5e6473fbc15dbe1f71eea95b,2,white_high,white,0,0.15348805957894548,0.5,0.5,0.5,0.4265243585479926,0.5916658279237292
5e6473fbc15dbe1f71eea95b,3,white_high,black,0,0.15348805957894548,0.5,0.5445945743489059,0.5,0.4265243585479926,0.5939897948236761
5e6473fbc15dbe1f71eea95b,4,black_high,white,0,0.15348805957894548,0.5,0.5445945743489059,0.2770271282554702,0.4265243585479926,0.6055446922442556
5e6473fbc15dbe1f71eea95b,5,white_high,black,0,0.08504071273331956,0.5,0.5445945743489059,0.2770271282554702,0.43014279950723744,0.6055446922442556
5e6473fbc15dbe1f71eea95b,6,white_high,white,0,0.08504071273331956,0.5,0.5445945743489059,0.15348805957894548,0.43014279950723744,0.6118971822102173
5e6473fbc15dbe1f71eea95b,7,black_high,white,1,0.08504071273331956,0.5,0.48011323938639894,0.15348805957894548,0.43014279950723744,0.6085860886307
5e6473fbc15dbe1f71eea95b,8,white_high,black,1,0.03949841875765101,0.5,0.48011323938639894,0.15348805957894548,0.4325545405005335,0.6085860886307
5e6473fbc15dbe1f71eea95b,9,white_high,black,1,0.03949841875765101,0.5,0.48011323938639894,0.07128980292721761,0.4325545405005335,0.6128051476315606
5e6473fbc15dbe1f71eea95b,10,black_high,white,0,0.03949841875765101,0.5,0.48011323938639894,0.03311160500265177,0.4325545405005335,0.6147590528657029
5e6473fbc15dbe1f71eea95b,11,black_high,white,0,0.021884267038128114,0.5,0.48011323938639894,0.03311160500265177,0.43348818120424426,0.6147590528657029
5e6473fbc15dbe1f71eea95b,12,black_high,black,0,0.012125071303096953,0.5,0.48011323938639894,0.03311160500265177,0.4340056726004642,0.6147590528657029
5e6473fbc15dbe1f71eea95b,13,black_high,black,1,0.012125071303096953,0.5445945743489059,0.48011323938639894,0.03311160500265177,0.43637216080023566,0.6147590528657029
5e6473fbc15dbe1f71eea95b,14,white_high,black,1,0.012125071303096953,0.574266129322369,0.48011323938639894,0.03311160500265177,0.4379483469622541,0.6147590528657029
5e6473fbc15dbe1f71eea95b,15,black_high,black,0,0.012125071303096953,0.574266129322369,0.48011323938639894,0.015379175433700761,0.4379483469622541,0.6156653205478689
5e6473fbc15dbe1f71eea95b,16,white_high,black,0,0.012125071303096953,0.6303366137634624,0.48011323938639894,0.015379175433700761,0.4409302713831412,0.6156653205478689
5e6473fbc15dbe1f71eea95b,17,white_high,black,0,0.012125071303096953,0.6303366137634624,0.48011323938639894,0.008520897610670396,0.4409302713831412,0.6160156180596621
5e6473fbc15dbe1f71eea95b,18,white_high,white,0,0.012125071303096953,0.6303366137634624,0.48011323938639894,0.004721039590485835,0.4409302713831412,0.6162096501047567
5e6473fbc15dbe1f71eea95b,19,white_high,white,0,0.012125071303096953,0.6303366137634624,0.5781708043316321,0.004721039590485835,0.4409302713831412,0.6212038107492849
5e6473fbc15dbe1f71eea95b,20,black_high,white,0,0.012125071303096953,0.6303366137634624,0.6325000155726366,0.004721039590485835,0.4409302713831412,0.623959900334223
5e6473fbc15dbe1f71eea95b,21,white_high,black,0,0.006717947365979522,0.6303366137634624,0.6325000155726366,0.004721039590485835,0.44121806044340617,0.623959900334223
5e6473fbc15dbe1f71eea95b,22,white_high,white,0,0.006717947365979522,0.6303366137634624,0.6325000155726366,0.0026157120802653444,0.44121806044340617,0.624066542312456
5e6473fbc15dbe1f71eea95b,23,black_high,white,0,0.006717947365979522,0.6303366137634624,0.5734121976157852,0.0026157120802653444,0.44121806044340617,0.6210690091724657
5e6473fbc15dbe1f71eea95b,24,black_high,white,0,0.0037221073331374145,0.6303366137634624,0.5734121976157852,0.0026157120802653444,0.4413775282141859,0.6210690091724657
5e6473fbc15dbe1f71eea95b,25,white_high,black,0,0.0020622494111153696,0.6303366137634624,0.5734121976157852,0.0026157120802653444,0.44146588721975233,0.6210690091724657
5e6473fbc15dbe1f71eea95b,26,white_high,white,0,0.0020622494111153696,0.6303366137634624,0.5734121976157852,0.0014492464118781006,0.44146588721975233,0.6211282745242461
5e6473fbc15dbe1f71eea95b,27,black_high,white,0,0.0020622494111153696,0.6303366137634624,0.674458063615566,0.0014492464118781006,0.44146588721975233,0.6262482861352574
5e6473fbc15dbe1f71eea95b,28,white_high,black,1,0.001142598064215651,0.6303366137634624,0.674458063615566,0.0014492464118781006,0.44151484449911665,0.6262482861352574
5e6473fbc15dbe1f71eea95b,29,black_high,black,0,0.001142598064215651,0.6303366137634624,0.674458063615566,0.0006731239640346546,0.44151484449911665,0.6262875048145415
5e6473fbc15dbe1f71eea95b,30,white_high,white,1,0.001142598064215651,0.7505918530304926,0.674458063615566,0.0006731239640346546,0.4479260341930048,0.6262875048145415
5e6473fbc15dbe1f71eea95b,31,white_high,black,1,0.001142598064215651,0.7505918530304926,0.4203690759083825,0.0006731239640346546,0.4479260341930048,0.6133619601597522
5e6473fbc15dbe1f71eea95b,32,white_high,black,1,0.001142598064215651,0.7505918530304926,0.4203690759083825,0.00031264239624409566,0.4479260341930048,0.6133804163821395
5e6473fbc15dbe1f71eea95b,33,white_high,white,1,0.001142598064215651,0.7505918530304926,0.4203690759083825,0.0001452113921830569,0.4479260341930048,0.6133889885372535
5e6473fbc15dbe1f71eea95b,34,black_high,white,0,0.001142598064215651,0.7505918530304926,0.6236747937408849,0.0001452113921830569,0.4479260341930048,0.6237446175366039
5e6473fbc15dbe1f71eea95b,35,black_high,black,1,0.0006330613209598422,0.7505918530304926,0.6236747937408849,0.0001452113921830569,0.44795323762708855,0.6237446175366039
5e6473fbc15dbe1f71eea95b,36,black_high,white,1,0.0006330613209598422,0.5092840608661913,0.6236747937408849,0.0001452113921830569,0.4351078231324114,0.6237446175366039
5e6473fbc15dbe1f71eea95b,37,black_high,white,0,0.00029403470821037054,0.5092840608661913,0.6236747937408849,0.0001452113921830569,0.43512581351792684,0.6237446175366039
5e6473fbc15dbe1f71eea95b,38,black_high,white,0,0.00016291118164590815,0.5092840608661913,0.6236747937408849,0.0001452113921830569,0.43513277160982533,0.6237446175366039
5e6473fbc15dbe1f71eea95b,39,white_high,black,0,9.026163362414241e-05,0.5092840608661913,0.6236747937408849,0.0001452113921830569,0.4351366267812607,0.6237446175366039
5e6473fbc15dbe1f71eea95b,40,black_high,white,0,9.026163362414241e-05,0.5092840608661913,0.6236747937408849,8.045498993290218e-05,0.4351366267812607,0.6237478985927166
5e6473fbc15dbe1f71eea95b,41,black_high,white,0,5.0009842309087125e-05,0.5092840608661913,0.6236747937408849,8.045498993290218e-05,0.43513876275878116,0.6237478985927166
5e6473fbc15dbe1f71eea95b,42,black_high,white,0,2.770816599879064e-05,0.5092840608661913,0.6236747937408849,8.045498993290218e-05,0.4351399462072547,0.6237478985927166
5e6473fbc15dbe1f71eea95b,43,black_high,white,1,1.5351827311741665e-05,0.5092840608661913,0.6236747937408849,8.045498993290218e-05,0.43514060190223713,0.6237478985927166
5e92178e8ee4fe54b65b7c39,0,black_high,black,0,0.5,0.5,0.5,0.5,0.9379284898548191,0.062071510145180746
5e92178e8ee4fe54b65b7c39,1,black_high,black,1,0.5,0.7322600339546999,0.5,0.5,0.9846920970305435,0.062071510145180746
5e92178e8ee4fe54b65b7c39,2,black_high,black,0,0.5,0.6753895411187095,0.5,0.5,0.9783161790391289,0.062071510145180746
5e92178e8ee4fe54b65b7c39,3,white_high,black,0,0.5,0.771862972488307,0.5,0.5,0.9880021538342444,0.062071510145180746
5e92178e8ee4fe54b65b7c39,4,white_high,white,0,0.5,0.771862972488307,0.5,0.11289994340883358,0.9880021538342444,0.42528909496886946
5e92178e8ee4fe54b65b7c39,5,black_high,black,0,0.5,0.771862972488307,0.7322600339546999,0.11289994340883358,0.9880021538342444,0.7590494484618504
5e92178e8ee4fe54b65b7c39,6,white_high,white,0,0.5,0.8710666736907074,0.7322600339546999,0.11289994340883358,0.993501584409643,0.7590494484618504
5e92178e8ee4fe54b65b7c39,7,black_high,black,0,0.5,0.8710666736907074,0.7072843120157053,0.11289994340883358,0.993501584409643,0.7294245852571521
5e92178e8ee4fe54b65b7c39,8,white_high,white,0,0.5,0.8160468468758698,0.7072843120157053,0.11289994340883358,0.9908655542334596,0.7294245852571521
5e92178e8ee4fe54b65b7c39,9,black_high,black,0,0.5,0.8160468468758698,0.469384762873991,0.11289994340883358,0.9908655542334596,0.3794128998081936
5e92178e8ee4fe54b65b7c39,10,white_high,black,1,0.5,0.9584633988448183,0.469384762873991,0.11289994340883358,0.9962219359972188,0.3794128998081936
5e92178e8ee4fe54b65b7c39,11,white_high,white,1,0.5,0.9584633988448183,0.469384762873991,0.09357569502905048,0.9962219359972188,0.4081742005515033
5e92178e8ee4fe54b65b7c39,12,white_high,black,1,0.5,0.9584633988448183,0.4746249466027515,0.09357569502905048,0.9962219359972188,0.4160922544019897
5e92178e8ee4fe54b65b7c39,13,white_high,black,1,0.5,0.9584633988448183,0.4746249466027515,0.07755903533504109,0.9962219359972188,0.44054700958871
5e92178e8ee4fe54b65b7c39,14,black_high,black,0,0.5,0.9584633988448183,0.4746249466027515,0.06428382883220558,0.9962219359972188,0.46104243528386296
5e92178e8ee4fe54b65b7c39,15,white_high,black,1,0.5,0.603520983569203,0.4746249466027515,0.06428382883220558,0.9664642546119296,0.46104243528386296
5e92178e8ee4fe54b65b7c39,16,white_high,white,1,0.5,0.603520983569203,0.4746249466027515,0.05328084125179014,0.9664642546119296,0.47813329122252496
5e92178e8ee4fe54b65b7c39,17,black_high,black,1,0.5,0.603520983569203,0.5474332486994624,0.05328084125179014,0.9664642546119296,0.5906305097527546
5e92178e8ee4fe54b65b7c39,18,black_high,black,1,0.5,0.6371508437824646,0.5474332486994624,0.05328084125179014,0.9726358801186739,0.5906305097527546
5e92178e8ee4fe54b65b7c39,19,white_high,black,1,0.5,0.6821407899932493,0.5474332486994624,0.05328084125179014,0.9791916511941764,0.5906305097527546
5e92178e8ee4fe54b65b7c39,20,black_high,black,0,0.5,0.6821407899932493,0.5474332486994624,0.04416115368467639,0.9791916511941764,0.6043086737463267
5e92178e8ee4fe54b65b7c39,21,black_high,black,0,0.5,0.6959673924018227,0.5474332486994624,0.04416115368467639,0.980877982841579,0.6043086737463267
5e92178e8ee4fe54b65b7c39,22,white_high,black,0,0.5,0.6216694263425182,0.5474332486994624,0.04416115368467639,0.9699453314633752,0.6043086737463267
5e92178e8ee4fe54b65b7c39,23,white_high,white,0,0.5,0.6216694263425182,0.5474332486994624,0.00997158350373753,0.9699453314633752,0.6540039947337725
5e92178e8ee4fe54b65b7c39,24,white_high,black,0,0.5,0.6216694263425182,0.6655504448241994,0.00997158350373753,0.9699453314633752,0.7979235295702373
5e92178e8ee4fe54b65b7c39,25,black_high,black,0,0.5,0.6216694263425182,0.6655504448241994,0.002251582426536851,0.9699453314633752,0.8055758317637145
5e92178e8ee4fe54b65b7c39,26,white_high,white,0,0.5,0.6823129653337776,0.6655504448241994,0.002251582426536851,0.9792135196825564,0.8055758317637145
5e92178e8ee4fe54b65b7c39,27,white_high,white,0,0.5,0.6823129653337776,0.614801283022152,0.002251582426536851,0.9792135196825564,0.7511957351694978
5e92178e8ee4fe54b65b7c39,28,white_high,black,0,0.5,0.6823129653337776,0.3710820940764583,0.002251582426536851,0.9792135196825564,0.3977036279208973
5e92178e8ee4fe54b65b7c39,29,black_high,black,0,0.5,0.6823129653337776,0.3710820940764583,0.0005084070570726693,0.9792135196825564,0.4003107167243301
5e92178e8ee4fe54b65b7c39,30,white_high,black,0,0.5,0.8508462922106934,0.3710820940764583,0.0005084070570726693,0.9926345731521188,0.4003107167243301
5e92178e8ee4fe54b65b7c39,31,white_high,white,0,0.5,0.8508462922106934,0.3710820940764583,0.00011479825594431196,0.9926345731521188,0.40090018486248025
5e92178e8ee4fe54b65b7c39,32,black_high,black,0,0.5,0.8508462922106934,0.7031503853883936,0.00011479825594431196,0.9926345731521188,0.841488806398614
5e92178e8ee4fe54b65b7c39,33,black_high,black,0,0.5,0.656641064389806,0.7031503853883936,0.00011479825594431196,0.9756918444874602,0.841488806398614
5e92178e8ee4fe54b65b7c39,34,black_high,black,0,0.5,0.6902095572466836,0.7031503853883936,0.00011479825594431196,0.9801926656915492,0.841488806398614
5e92178e8ee4fe54b65b7c39,35,black_high,black,0,0.5,0.8526293417708729,0.7031503853883936,0.00011479825594431196,0.9927154342224498,0.841488806398614
5e92178e8ee4fe54b65b7c39,36,black_high,black,0,0.5,0.8893037107333848,0.7031503853883936,0.00011479825594431196,0.9941961850233714,0.841488806398614
5e92178e8ee4fe54b65b7c39,37,black_high,black,1,0.5,0.7427447564577626,0.7031503853883936,0.00011479825594431196,0.9856471727711518,0.841488806398614
5e92178e8ee4fe54b65b7c39,38,white_high,white,1,0.5,0.7696609735388397,0.7031503853883936,0.00011479825594431196,0.9878382618135169,0.841488806398614
5e92178e8ee4fe54b65b7c39,39,black_high,black,1,0.5,0.7696609735388397,0.7368436781515645,0.00011479825594431196,0.9878382618135169,0.8675522862240975
5e92178e8ee4fe54b65b7c39,40,black_high,black,1,0.5,0.791970140796735,0.7368436781515645,0.00011479825594431196,0.9894012439076721,0.8675522862240975
5e92178e8ee4fe54b65b7c39,41,black_high,black,1,0.5,0.7933445524130162,0.7368436781515645,0.00011479825594431196,0.9894907575750158,0.8675522862240975
5e92178e8ee4fe54b65b7c39,42,white_high,white,1,0.5,0.79448371615718,0.7368436781515645,0.00011479825594431196,0.9895643826410635,0.8675522862240975
5e92178e8ee4fe54b65b7c39,43,black_high,black,1,0.5,0.79448371615718,0.7134211577679358,0.00011479825594431196,0.9895643826410635,0.8498474214496277
5e92178e8ee4fe54b65b7c39,44,black_high,black,1,0.5,0.7954278976677591,0.7134211577679358,0.00011479825594431196,0.9896250188671333,0.8498474214496277
5e92178e8ee4fe54b65b7c39,45,white_high,white,1,0.5,0.7619779496797858,0.7134211577679358,0.00011479825594431196,0.9872489200085125,0.8498474214496277
5e92178e8ee4fe54b65b7c39,46,white_high,white,1,0.5,0.7619779496797858,0.7282402179127928,0.00011479825594431196,0.9872489200085125,0.8612641224822019
5e92178e8ee4fe54b65b7c39,47,white_high,white,1,0.5,0.7619779496797858,0.7576390695906132,0.00011479825594431196,0.9872489200085125,0.8817581553336572
5ee7fbc114d0a60f9b076fb6,0,white_high,black,0,0.5,0.5,0.5,0.5,0.7914256096416644,0.20857439035833564
5ee7fbc114d0a60f9b076fb6,1,black_high,black,0,0.5,0.5,0.5,0.3281836693911922,0.7914256096416644,0.22818231078862888
5ee7fbc114d0a60f9b076fb6,2,white_high,black,0,0.5,0.6374530644870462,0.5,0.3281836693911922,0.8061975484187439,0.22818231078862888
5ee7fbc114d0a60f9b076fb6,3,white_high,black,0,0.5,0.6374530644870462,0.5,0.2154090417101347,0.8061975484187439,0.24174014553547948
5ee7fbc114d0a60f9b076fb6,4,black_high,white,0,0.5,0.6374530644870462,0.5,0.14138745945694475,0.8061975484187439,0.2509323393844363
5ee7fbc114d0a60f9b076fb6,5,black_high,black,0,0.3281836693911922,0.6374530644870462,0.5,0.14138745945694475,0.8235266638341796,0.2509323393844363
5ee7fbc114d0a60f9b076fb6,6,black_high,black,0,0.3281836693911922,0.5558564360230844,0.5,0.14138745945694475,0.8154533595311431,0.2509323393844363
5ee7fbc114d0a60f9b076fb6,7,black_high,black,1,0.3281836693911922,0.6397521386316252,0.5,0.14138745945694475,0.8237500662127375,0.2509323393844363
5ee7fbc114d0a60f9b076fb6,8,white_high,black,1,0.3281836693911922,0.7202831558031775,0.5,0.14138745945694475,0.8314355181758357,0.2509323393844363
5ee7fbc114d0a60f9b076fb6,9,black_high,black,1,0.3281836693911922,0.7202831558031775,0.5,0.07033455536111242,0.8314355181758357,0.2599718099644998
5ee7fbc114d0a60f9b076fb6,10,black_high,white,0,0.3281836693911922,0.7603440870009975,0.5,0.07033455536111242,0.8351580952335871,0.2599718099644998
5ee7fbc114d0a60f9b076fb6,11,black_high,black,0,0.2154090417101347,0.7603440870009975,0.5,0.07033455536111242,0.8452831331036734,0.2599718099644998
5ee7fbc114d0a60f9b076fb6,12,white_high,black,0,0.2154090417101347,0.773971153917859,0.5,0.07033455536111242,0.8464715494606752,0.2599718099644998
5ee7fbc114d0a60f9b076fb6,13,black_high,black,0,0.2154090417101347,0.773971153917859,0.5,0.04616530492681565,0.8464715494606752,0.26309437194759944
5ee7fbc114d0a60f9b076fb6,14,black_high,black,0,0.2154090417101347,0.7829155155654888,0.5,0.04616530492681565,0.8472475179484606,0.26309437194759944
5ee7fbc114d0a60f9b076fb6,15,white_high,black,0,0.2154090417101347,0.8575128346607739,0.5,0.04616530492681565,0.853594485365114,0.26309437194759944
5ee7fbc114d0a60f9b076fb6,16,white_high,black,0,0.2154090417101347,0.8575128346607739,0.5,0.030301398338891287,0.853594485365114,0.26515698088889306
5ee7fbc114d0a60f9b076fb6,17,white_high,white,0,0.2154090417101347,0.8575128346607739,0.5,0.019888848189083035,0.853594485365114,0.2665164150014343
5ee7fbc114d0a60f9b076fb6,18,black_high,black,0,0.2154090417101347,0.8575128346607739,0.6374530644870462,0.019888848189083035,0.853594485365114,0.28487231517314354
5ee7fbc114d0a60f9b076fb6,19,white_high,black,0,0.2154090417101347,0.8033862801103618,0.6374530644870462,0.019888848189083035,0.8490113604903079,0.28487231517314354
5ee7fbc114d0a60f9b076fb6,20,white_high,black,1,0.2154090417101347,0.8033862801103618,0.6374530644870462,0.013054390357315277,0.8490113604903079,0.28580462161620307
5ee7fbc114d0a60f9b076fb6,21,white_high,black,1,0.2154090417101347,0.8033862801103618,0.6374530644870462,0.006494032390275502,0.8490113604903079,0.2867012567132895
5ee7fbc114d0a60f9b076fb6,22,white_high,black,0,0.2154090417101347,0.8033862801103618,0.6374530644870462,0.0032305190462084818,0.8490113604903079,0.2871479225486524
5ee7fbc114d0a60f9b076fb6,23,black_high,white,0,0.2154090417101347,0.8033862801103618,0.6374530644870462,0.002120407189245668,0.8490113604903079,0.28729995442366746
5ee7fbc114d0a60f9b076fb6,24,white_high,black,0,0.14138745945694475,0.8033862801103618,0.6374530644870462,0.002120407189245668,0.855249883356674,0.28729995442366746
5ee7fbc114d0a60f9b076fb6,25,white_high,black,1,0.14138745945694475,0.8033862801103618,0.6374530644870462,0.0013917660239402148,0.855249883356674,0.2873997692937877
5ee7fbc114d0a60f9b076fb6,26,black_high,black,1,0.14138745945694475,0.8033862801103618,0.6374530644870462,0.0006923474319187944,0.855249883356674,0.28749560049229206
5ee7fbc114d0a60f9b076fb6,27,black_high,white,1,0.14138745945694475,0.8519385732205617,0.6374530644870462,0.0006923474319187944,0.8592245054816604,0.28749560049229206
5ee7fbc114d0a60f9b076fb6,28,white_high,black,0,0.07033455536111242,0.8519385732205617,0.6374530644870462,0.0006923474319187944,0.8648761740411588,0.28749560049229206
5ee7fbc114d0a60f9b076fb6,29,white_high,black,0,0.07033455536111242,0.8519385732205617,0.6374530644870462,0.00045443424140135716,0.8648761740411588,0.2875282026347999
5ee7fbc114d0a60f9b076fb6,30,black_high,black,0,0.07033455536111242,0.8519385732205617,0.6374530644870462,0.0002982757936802004,0.8648761740411588,0.28754960281493963
5ee7fbc114d0a60f9b076fb6,31,white_high,white,0,0.07033455536111242,0.8340907830849341,0.6374530644870462,0.0002982757936802004,0.8634747957256205,0.28754960281493963
5ee7fbc114d0a60f9b076fb6,32,white_high,black,0,0.07033455536111242,0.8340907830849341,0.590219702144846,0.0002982757936802004,0.8634747957256205,0.28112022439494544
5ee7fbc114d0a60f9b076fb6,33,black_high,black,0,0.07033455536111242,0.8340907830849341,0.590219702144846,0.00019577848892107671,0.8634747957256205,0.28113408114869226
5ee7fbc114d0a60f9b076fb6,34,white_high,white,1,0.07033455536111242,0.7880128104487042,0.590219702144846,0.00019577848892107671,0.8598002095190104,0.28113408114869226
5ee7fbc114d0a60f9b076fb6,35,black_high,black,1,0.07033455536111242,0.7880128104487042,0.7458968030618714,0.00019577848892107671,0.8598002095190104,0.30265160216599346
5ee7fbc114d0a60f9b076fb6,36,black_high,black,1,0.07033455536111242,0.8442908924632769,0.7458968030618714,0.00019577848892107671,0.8642771830462502,0.30265160216599346
5ee7fbc114d0a60f9b076fb6,37,white_high,black,1,0.07033455536111242,0.8220329316328091,0.7458968030618714,0.00019577848892107671,0.8625211229301495,0.30265160216599346
5ee7fbc114d0a60f9b076fb6,38,black_high,black,0,0.07033455536111242,0.8220329316328091,0.7458968030618714,9.739189755883292e-05,0.8625211229301495,0.30266549300633155
5ee7fbc114d0a60f9b076fb6,39,white_high,white,1,0.07033455536111242,0.745735164457878,0.7458968030618714,9.739189755883292e-05,0.8563562141816118,0.30266549300633155
5ee7fbc114d0a60f9b076fb6,40,black_high,black,1,0.07033455536111242,0.745735164457878,0.722831807348772,9.739189755883292e-05,0.8563562141816118,0.2994189382781932
5ee7fbc114d0a60f9b076fb6,41,black_high,white,1,0.07033455536111242,0.773005434185899,0.722831807348772,9.739189755883292e-05,0.8585856696982239,0.2994189382781932
5ee7fbc114d0a60f9b076fb6,42,black_high,black,1,0.03498860292734683,0.773005434185899,0.722831807348772,9.739189755883292e-05,0.8614322546750712,0.2994189382781932
5ee7fbc114d0a60f9b076fb6,43,white_high,white,1,0.03498860292734683,0.8368253283981503,0.722831807348772,9.739189755883292e-05,0.86645011333034,0.2994189382781932
5ee7fbc114d0a60f9b076fb6,44,white_high,black,0,0.03498860292734683,0.8368253283981503,0.7113579027739406,9.739189755883292e-05,0.86645011333034,0.29781135737957226
5ee7fbc114d0a60f9b076fb6,45,white_high,black,0,0.03498860292734683,0.8368253283981503,0.7113579027739406,6.392486061965777e-05,0.86645011333034,0.29781603913222493
5ee7fbc114d0a60f9b076fb6,46,black_high,black,0,0.03498860292734683,0.8368253283981503,0.7113579027739406,4.195819064695961e-05,0.86645011333034,0.29781911210479384
5ee7fbc114d0a60f9b076fb6,47,black_high,black,0,0.03498860292734683,0.686717878313435,0.7113579027739406,4.195819064695961e-05,0.8543973393233508,0.29781911210479384
602e48dbf732e9962e27fdbd,0,black_high,black,0,0.5,0.5,0.5,0.5,0.6603523254294285,0.3396476745705716
602e48dbf732e9962e27fdbd,1,black_high,black,1,0.5,0.5496843133961775,0.5,0.5,0.6665287376564112,0.3396476745705716
602e48dbf732e9962e27fdbd,2,black_high,black,1,0.5,0.6856788300433052,0.5,0.5,0.6831404532959905,0.3396476745705716
602e48dbf732e9962e27fdbd,3,white_high,black,0,0.5,0.7477886101443076,0.5,0.5,0.6905777379730269,0.3396476745705716
602e48dbf732e9962e27fdbd,4,black_high,black,0,0.5,0.7477886101443076,0.5,0.2515784330191125,0.6905777379730269,0.3713206629952141
602e48dbf732e9962e27fdbd,5,white_high,white,0,0.5,0.6743608539163548,0.5,0.2515784330191125,0.681774902305094,0.3713206629952141
602e48dbf732e9962e27fdbd,6,black_high,black,0,0.5,0.6743608539163548,0.4503156866038225,0.2515784330191125,0.681774902305094,0.36488654261866055
602e48dbf732e9962e27fdbd,7,black_high,black,0,0.5,0.7367838010048344,0.4503156866038225,0.2515784330191125,0.6892670026571213,0.36488654261866055
602e48dbf732e9962e27fdbd,8,white_high,black,0,0.5,0.7185080220345662,0.4503156866038225,0.2515784330191125,0.6870835363741882,0.36488654261866055
602e48dbf732e9962e27fdbd,9,black_high,black,1,0.5,0.7185080220345662,0.4503156866038225,0.12658341592070413,0.6870835363741882,0.38116038691979537
602e48dbf732e9962e27fdbd,10,black_high,white,1,0.5,0.708452761236353,0.4503156866038225,0.12658341592070413,0.6858786459136477,0.38116038691979537
602e48dbf732e9962e27fdbd,11,white_high,white,1,0.22835398673522245,0.708452761236353,0.4503156866038225,0.12658341592070413,0.7175134928602013,0.38116038691979537
602e48dbf732e9962e27fdbd,12,white_high,white,1,0.22835398673522245,0.708452761236353,0.4773087779155613,0.12658341592070413,0.7175134928602013,0.384711536327612
602e48dbf732e9962e27fdbd,13,white_high,black,0,0.22835398673522245,0.708452761236353,0.3266491299873817,0.12658341592070413,0.7175134928602013,0.3650579634096047
602e48dbf732e9962e27fdbd,14,white_high,white,0,0.22835398673522245,0.708452761236353,0.3266491299873817,0.06369131484707465,0.7175134928602013,0.3732118874974271
602e48dbf732e9962e27fdbd,15,black_high,black,0,0.22835398673522245,0.708452761236353,0.5618302597079838,0.06369131484707465,0.7175134928602013,0.4043133684425693
602e48dbf732e9962e27fdbd,16,black_high,black,0,0.22835398673522245,0.7042530648530527,0.5618302597079838,0.06369131484707465,0.7170393287037824,0.4043133684425693
602e48dbf732e9962e27fdbd,17,white_high,black,1,0.22835398673522245,0.7021399587825193,0.5618302597079838,0.06369131484707465,0.7168005676320292,0.4043133684425693
602e48dbf732e9962e27fdbd,18,black_high,black,1,0.22835398673522245,0.7021399587825193,0.5618302597079838,0.029088331331475523,0.7168005676320292,0.4089617276960096
602e48dbf732e9962e27fdbd,19,black_high,black,1,0.22835398673522245,0.8096357415447857,0.5618302597079838,0.029088331331475523,0.7287905266142989,0.4089617276960096
602e48dbf732e9962e27fdbd,20,white_high,black,1,0.22835398673522245,0.8587299226467595,0.5618302597079838,0.029088331331475523,0.7341591827296803,0.4089617276960096
602e48dbf732e9962e27fdbd,21,black_high,black,0,0.22835398673522245,0.8587299226467595,0.5618302597079838,0.013284872854035033,0.7341591827296803,0.41109015063710164
602e48dbf732e9962e27fdbd,22,white_high,black,0,0.22835398673522245,0.829550363821611,0.5618302597079838,0.013284872854035033,0.730976461554996,0.41109015063710164
602e48dbf732e9962e27fdbd,23,black_high,black,0,0.22835398673522245,0.829550363821611,0.5618302597079838,0.006684374990952557,0.730976461554996,0.41198010210954256
602e48dbf732e9962e27fdbd,24,black_high,black,0,0.22835398673522245,0.7154998416584161,0.5618302597079838,0.006684374990952557,0.7183080557721295,0.41198010210954256
602e48dbf732e9962e27fdbd,25,white_high,white,0,0.22835398673522245,0.7077988517529373,0.5618302597079838,0.006684374990952557,0.7174396952810623,0.41198010210954256
602e48dbf732e9962e27fdbd,26,white_high,white,0,0.22835398673522245,0.7077988517529373,0.6801632598895312,0.006684374990952557,0.7174396952810623,0.4280274869285967
602e48dbf732e9962e27fdbd,27,black_high,white,0,0.22835398673522245,0.7077988517529373,0.6403346946174242,0.006684374990952557,0.7174396952810623,0.42260755968015506
602e48dbf732e9962e27fdbd,28,white_high,black,0,0.11489787631302892,0.7077988517529373,0.6403346946174242,0.006684374990952557,0.730067268383778,0.42260755968015506
602e48dbf732e9962e27fdbd,29,white_high,black,0,0.11489787631302892,0.7077988517529373,0.6403346946174242,0.003363289171871977,0.730067268383778,0.4230588050846433
602e48dbf732e9962e27fdbd,30,white_high,black,0,0.11489787631302892,0.7077988517529373,0.6403346946174242,0.001692262039299401,0.730067268383778,0.4232859009136109
602e48dbf732e9962e27fdbd,31,black_high,white,0,0.11489787631302892,0.7077988517529373,0.6403346946174242,0.0008514732642093421,0.730067268383778,0.4234001780043152
602e48dbf732e9962e27fdbd,32,white_high,black,0,0.05781165536011123,0.7077988517529373,0.6403346946174242,0.0008514732642093421,0.7362847089752984,0.4234001780043152
602e48dbf732e9962e27fdbd,33,black_high,black,0,0.05781165536011123,0.7077988517529373,0.6403346946174242,0.00042842461913491006,0.7362847089752984,0.423457680407133
602e48dbf732e9962e27fdbd,34,white_high,black,0,0.05781165536011123,0.7039240458067046,0.6403346946174242,0.00042842461913491006,0.7358656119037277,0.423457680407133
602e48dbf732e9962e27fdbd,35,white_high,white,0,0.05781165536011123,0.7039240458067046,0.6403346946174242,0.0002155647886975415,0.7358656119037277,0.42348661392008907
602e48dbf732e9962e27fdbd,36,white_high,black,0,0.05781165536011123,0.7039240458067046,0.7196633053286671,0.0002155647886975415,0.7358656119037277,0.43430445306879234
602e48dbf732e9962e27fdbd,37,white_high,white,0,0.05781165536011123,0.7039240458067046,0.7196633053286671,0.00010846290350924716,0.7358656119037277,0.4343191030871635
602e48dbf732e9962e27fdbd,38,black_high,white,0,0.05781165536011123,0.7039240458067046,0.6105251002927699,0.00010846290350924716,0.7358656119037277,0.4194543844595055
602e48dbf732e9962e27fdbd,39,white_high,white,0,0.029088331331475516,0.7039240458067046,0.6105251002927699,0.00010846290350924716,0.7389621483985904,0.4194543844595055
602e48dbf732e9962e27fdbd,40,black_high,black,0,0.029088331331475516,0.7039240458067046,0.6052957764780481,0.00010846290350924716,0.7389621483985904,0.41874557942230567
602e48dbf732e9962e27fdbd,41,black_high,white,0,0.029088331331475516,0.7516587239864695,0.6052957764780481,0.00010846290350924716,0.7440560108340585,0.41874557942230567
602e48dbf732e9962e27fdbd,42,black_high,black,0,0.014635993631026727,0.7516587239864695,0.6052957764780481,0.00010846290350924716,0.7455853246786481,0.41874557942230567
602e48dbf732e9962e27fdbd,43,white_high,black,1,0.014635993631026727,0.7259924416645657,0.6052957764780481,0.00010846290350924716,0.742865229209377,0.41874557942230567
602e48dbf732e9962e27fdbd,44,white_high,black,0,0.014635993631026727,0.7259924416645657,0.6052957764780481,4.9535872858428676e-05,0.742865229209377,0.4187535647828526
602e48dbf732e9962e27fdbd,45,black_high,white,1,0.014635993631026727,0.7259924416645657,0.6052957764780481,2.4924314543914942e-05,0.742865229209377,0.4187568999739739
602e48dbf732e9962e27fdbd,46,black_high,white,1,0.006684374990952554,0.7259924416645657,0.6052957764780481,2.4924314543914942e-05,0.7437099657634135,0.4187568999739739
60a59d92b7363e85a2945dde,0,black_high,black,0,0.5,0.5,0.5,0.5,0.6870812808104595,0.31291871918954056
60a59d92b7363e85a2945dde,1,white_high,black,0,0.5,0.6010072933828551,0.5,0.5,0.7075962466799929,0.31291871918954056
60a59d92b7363e85a2945dde,2,white_high,black,0,0.5,0.6010072933828551,0.5,0.3316545110285749,0.7075962466799929,0.3487675837960721
60a59d92b7363e85a2945dde,3,white_high,black,0,0.5,0.6010072933828551,0.5,0.21998942937120625,0.7075962466799929,0.3735603772608075
60a59d92b7363e85a2945dde,4,black_high,white,0,0.5,0.6010072933828551,0.5,0.14592097325912526,0.7075962466799929,0.3903895797969844
60a59d92b7363e85a2945dde,5,white_high,black,1,0.3316545110285749,0.6010072933828551,0.5,0.14592097325912526,0.7399649473536577,0.3903895797969844
60a59d92b7363e85a2945dde,6,black_high,black,1,0.3316545110285749,0.6010072933828551,0.5,0.06601307071816893,0.7399649473536577,0.40884162520038136
60a59d92b7363e85a2945dde,7,black_high,white,0,0.3316545110285749,0.6004556886363297,0.5,0.06601307071816893,0.7398627665496719,0.40884162520038136
60a59d92b7363e85a2945dde,8,black_high,black,0,0.21998942937120625,0.6004556886363297,0.5,0.06601307071816893,0.7600116704480037,0.40884162520038136
60a59d92b7363e85a2945dde,9,black_high,black,0,0.21998942937120625,0.5329640667951564,0.5,0.06601307071816893,0.7479627896288026,0.40884162520038136
60a59d92b7363e85a2945dde,10,white_high,white,0,0.21998942937120625,0.6228726562917768,0.5,0.06601307071816893,0.7639253348398796,0.40884162520038136
60a59d92b7363e85a2945dde,11,white_high,white,0,0.21998942937120625,0.6228726562917768,0.56733819558857,0.06601307071816893,0.7639253348398796,0.42459538549609577
60a59d92b7363e85a2945dde,12,black_high,black,1,0.21998942937120625,0.6228726562917768,0.6120042282515175,0.06601307071816893,0.7639253348398796,0.43513226742627137
60a59d92b7363e85a2945dde,13,black_high,white,1,0.21998942937120625,0.5008251801802943,0.6120042282515175,0.06601307071816893,0.7420861655334531,0.43513226742627137
60a59d92b7363e85a2945dde,14,black_high,black,1,0.09952083949263896,0.5008251801802943,0.6120042282515175,0.06601307071816893,0.7636511343417811,0.43513226742627137
60a59d92b7363e85a2945dde,15,black_high,white,1,0.09952083949263896,0.6098954648370634,0.6120042282515175,0.06601307071816893,0.7820737682449799,0.43513226742627137
60a59d92b7363e85a2945dde,16,black_high,black,0,0.04502215184442841,0.6098954648370634,0.6120042282515175,0.06601307071816893,0.7908824040293257,0.43513226742627137
60a59d92b7363e85a2945dde,17,white_high,white,0,0.04502215184442841,0.6739019466924434,0.6120042282515175,0.06601307071816893,0.8008897749760896,0.43513226742627137
60a59d92b7363e85a2945dde,18,white_high,white,0,0.04502215184442841,0.6739019466924434,0.4396170239306398,0.06601307071816893,0.8008897749760896,0.39487151682548693
60a59d92b7363e85a2945dde,19,white_high,black,0,0.04502215184442841,0.6739019466924434,0.5946238183716724,0.06601307071816893,0.8008897749760896,0.43102465142020085
60a59d92b7363e85a2945dde,20,black_high,black,1,0.04502215184442841,0.6739019466924434,0.5946238183716724,0.043787065381058116,0.8008897749760896,0.43627907035896907
60a59d92b7363e85a2945dde,21,white_high,black,0,0.04502215184442841,0.7977156850802549,0.5946238183716724,0.043787065381058116,0.8192163305949154,0.43627907035896907
60a59d92b7363e85a2945dde,22,black_high,black,0,0.04502215184442841,0.7977156850802549,0.5946238183716724,0.02904435551666214,0.8192163305949154,0.4397723585297405
60a59d92b7363e85a2945dde,23,black_high,black,0,0.04502215184442841,0.6638084021273734,0.5946238183716724,0.02904435551666214,0.7993358822498611,0.4397723585297405
60a59d92b7363e85a2945dde,24,white_high,white,0,0.04502215184442841,0.7433319821969924,0.5946238183716724,0.02904435551666214,0.8113334055523168,0.4397723585297405
60a59d92b7363e85a2945dde,25,white_high,black,0,0.04502215184442841,0.7433319821969924,0.6637721258102824,0.02904435551666214,0.8113334055523168,0.45623124847914276
60a59d92b7363e85a2945dde,26,white_high,black,1,0.04502215184442841,0.7433319821969924,0.6637721258102824,0.019265383054037348,0.8113334055523168,0.4585674548673639
60a59d92b7363e85a2945dde,27,white_high,black,1,0.04502215184442841,0.7433319821969924,0.6637721258102824,0.008715451011283945,0.8113334055523168,0.4610898855285891
60a59d92b7363e85a2945dde,28,black_high,white,1,0.04502215184442841,0.7433319821969924,0.6637721258102824,0.003942775812815826,0.8113334055523168,0.46223166869823734
60a59d92b7363e85a2945dde,29,black_high,black,1,0.02036753474987211,0.7433319821969924,0.6637721258102824,0.003942775812815826,0.8149393437541039,0.46223166869823734
60a59d92b7363e85a2945dde,30,black_high,white,0,0.02036753474987211,0.664841839151821,0.6637721258102824,0.003942775812815826,0.8032727291994893,0.46223166869823734
60a59d92b7363e85a2945dde,31,black_high,black,0,0.013509969556652686,0.664841839151821,0.6637721258102824,0.003942775812815826,0.8043137762513696,0.46223166869823734
60a59d92b7363e85a2945dde,32,white_high,black,1,0.013509969556652686,0.6766792747104664,0.6637721258102824,0.003942775812815826,0.8061009975198079,0.46223166869823734
60a59d92b7363e85a2945dde,33,white_high,white,1,0.013509969556652686,0.6766792747104664,0.6637721258102824,0.0017836691514872462,0.8061009975198079,0.4627483299630851
60a59d92b7363e85a2945dde,34,white_high,black,1,0.013509969556652686,0.6766792747104664,0.40980549577245357,0.0017836691514872462,0.8061009975198079,0.40281490512122964
60a59d92b7363e85a2945dde,35,black_high,black,0,0.013509969556652686,0.6766792747104664,0.40980549577245357,0.0008069126404869334,0.8061009975198079,0.40304110033460977
60a59d92b7363e85a2945dde,36,black_high,black,0,0.013509969556652686,0.684531152514536,0.40980549577245357,0.0008069126404869334,0.8072796230555902,0.40304110033460977
60a59d92b7363e85a2945dde,37,black_high,black,0,0.013509969556652686,0.7234084716963507,0.40980549577245357,0.0008069126404869334,0.8130350186120979,0.40304110033460977
60a59d92b7363e85a2945dde,38,white_high,black,0,0.013509969556652686,0.6818579526744738,0.40980549577245357,0.0008069126404869334,0.8068789692306472,0.40304110033460977
60a59d92b7363e85a2945dde,39,white_high,white,0,0.013509969556652686,0.6818579526744738,0.40980549577245357,0.0005352324344469403,0.8068789692306472,0.4031040227991789
60a59d92b7363e85a2945dde,40,black_high,black,0,0.013509969556652686,0.6818579526744738,0.4065040738116117,0.0005352324344469403,0.8068789692306472,0.4023396139715727
60a59d92b7363e85a2945dde,41,white_high,black,0,0.013509969556652686,0.6542971185361056,0.4065040738116117,0.0005352324344469403,0.8027112557191957,0.4023396139715727
60fcd2ade28cc412d542108c,0,white_high,black,0,0.5,0.5,0.5,0.5,0.543549179311034,0.45645082068896614
60fcd2ade28cc412d542108c,1,black_high,black,0,0.5,0.5,0.5,0.32200607982112284,0.543549179311034,0.4704375862220265
60fcd2ade28cc412d542108c,2,white_high,black,0,0.5,0.6423951361431017,0.5,0.32200607982112284,0.5546904169702804,0.4704375862220265
60fcd2ade28cc412d542108c,3,white_high,black,0,0.5,0.6423951361431017,0.5,0.20737583088353465,0.5546904169702804,0.47947127410973245
60fcd2ade28cc412d542108c,4,black_high,white,0,0.5,0.6423951361431017,0.5,0.13355255670491023,0.5546904169702804,0.48529656758492823
60fcd2ade28cc412d542108c,5,black_high,black,0,0.32200607982112284,0.6423951361431017,0.5,0.13355255670491023,0.5685387843107303,0.48529656758492823
60fcd2ade28cc412d542108c,6,black_high,white,0,0.32200607982112284,0.6985005512573969,0.5,0.13355255670491023,0.5728828529817407,0.48529656758492823
60fcd2ade28cc412d542108c,7,black_high,white,0,0.20737583088353465,0.6985005512573969,0.5,0.13355255670491023,0.5817227745011492,0.48529656758492823
60fcd2ade28cc412d542108c,8,white_high,black,0,0.13355255670491023,0.6985005512573969,0.5,0.13355255670491023,0.5873885002300783,0.48529656758492823
60fcd2ade28cc412d542108c,9,white_high,black,1,0.13355255670491023,0.6985005512573969,0.5,0.08600947046927271,0.5873885002300783,0.4890503431709586
60fcd2ade28cc412d542108c,10,black_high,white,1,0.13355255670491023,0.6985005512573969,0.5,0.04600817559307753,0.5873885002300783,0.49220962909995897
60fcd2ade28cc412d542108c,11,white_high,black,1,0.07143991756092846,0.6985005512573969,0.5,0.04600817559307753,0.5921376662394637,0.49220962909995897
60fcd2ade28cc412d542108c,12,black_high,black,1,0.07143991756092846,0.6985005512573969,0.5,0.02461068775164329,0.5921376662394637,0.49389986548932174
60fcd2ade28cc412d542108c,13,black_high,white,0,0.07143991756092846,0.7457059270930104,0.5,0.02461068775164329,0.5957355905798007,0.49389986548932174
60fcd2ade28cc412d542108c,14,white_high,black,0,0.04600817559307753,0.7457059270930104,0.5,0.02461068775164329,0.5976697294720992,0.49389986548932174
60fcd2ade28cc412d542108c,15,white_high,black,1,0.04600817559307753,0.7457059270930104,0.5,0.015849582169216756,0.5976697294720992,0.4945919676428994
60fcd2ade28cc412d542108c,16,white_high,black,1,0.04600817559307753,0.7457059270930104,0.5,0.008478256586624947,0.5976697294720992,0.4951742973363859
60fcd2ade28cc412d542108c,17,black_high,white,1,0.04600817559307753,0.7457059270930104,0.5,0.004535187993047356,0.5976697294720992,0.49548580254154295
60fcd2ade28cc412d542108c,18,white_high,white,1,0.02461068775164329,0.7457059270930104,0.5,0.004535187993047356,0.599294706513064,0.49548580254154295
60fcd2ade28cc412d542108c,19,white_high,black,1,0.02461068775164329,0.7457059270930104,0.6860320481358426,0.004535187993047356,0.599294706513064,0.5101822178644997
60fcd2ade28cc412d542108c,20,black_high,white,0,0.02461068775164329,0.7457059270930104,0.6860320481358426,0.0024259622154781534,0.599294706513064,0.5103487924877154
60fcd2ade28cc412d542108c,21,white_high,black,0,0.015849582169216756,0.7457059270930104,0.6860320481358426,0.0024259622154781534,0.5999594187045685,0.5103487924877154
60fcd2ade28cc412d542108c,22,black_high,white,0,0.015849582169216756,0.7457059270930104,0.6860320481358426,0.0015623491656005725,0.5999594187045685,0.5104169950602783
60fcd2ade28cc412d542108c,23,black_high,white,0,0.01020732364222451,0.7457059270930104,0.6860320481358426,0.0015623491656005725,0.6003873068534006,0.5104169950602783
60fcd2ade28cc412d542108c,24,white_high,white,0,0.00657364054299636,0.7457059270930104,0.6860320481358426,0.0015623491656005725,0.6006627909820589,0.5104169950602783
60fcd2ade28cc412d542108c,25,white_high,white,0,0.00657364054299636,0.7457059270930104,0.7266032531899606,0.0015623491656005725,0.6006627909820589,0.513620565549364
60fcd2ade28cc412d542108c,26,black_high,white,0,0.00657364054299636,0.7457059270930104,0.645935250468825,0.0015623491656005725,0.6006627909820589,0.5072500426553102
60fcd2ade28cc412d542108c,27,white_high,black,1,0.00423350444280691,0.7457059270930104,0.645935250468825,0.0015623491656005725,0.6008401724082737,0.5072500426553102
60fcd2ade28cc412d542108c,28,black_high,black,1,0.00423350444280691,0.7457059270930104,0.645935250468825,0.0008357316276505746,0.6008401724082737,0.5073074387980047
60fcd2ade28cc412d542108c,29,black_high,black,1,0.00423350444280691,0.6779409969863992,0.645935250468825,0.0008357316276505746,0.5956930805265856,0.5073074387980047
60fcd2ade28cc412d542108c,30,black_high,white,1,0.00423350444280691,0.4556601405927332,0.645935250468825,0.0008357316276505746,0.5786670197130902,0.5073074387980047
60fcd2ade28cc412d542108c,31,white_high,white,0,0.0022645856870880136,0.4556601405927332,0.645935250468825,0.0008357316276505746,0.5788187211094818,0.5073074387980047
60fcd2ade28cc412d542108c,32,black_high,black,0,0.0022645856870880136,0.4556601405927332,0.5227865077508091,0.0008357316276505746,0.5788187211094818,0.49757829131203796
60fcd2ade28cc412d542108c,33,white_high,white,0,0.0022645856870880136,0.6138397275279943,0.5227865077508091,0.0008357316276505746,0.5909552097610646,0.49757829131203796
60fcd2ade28cc412d542108c,34,white_high,white,0,0.0022645856870880136,0.6138397275279943,0.6214711401746297,0.0008357316276505746,0.5909552097610646,0.5053749014163772
60fcd2ade28cc412d542108c,35,black_high,black,0,0.0022645856870880136,0.6138397275279943,0.6850252434253955,0.0008357316276505746,0.5909552097610646,0.5103948677321087
60fcd2ade28cc412d542108c,36,black_high,black,0,0.0022645856870880136,0.43091903263528664,0.6850252434253955,0.0008357316276505746,0.5769113941132282,0.5103948677321087
60fcd2ade28cc412d542108c,37,black_high,black,0,0.0022645856870880136,0.5979061531603772,0.6850252434253955,0.0008357316276505746,0.5897374389859639,0.5103948677321087
60fcd2ade28cc412d542108c,38,white_high,black,0,0.0022645856870880136,0.5986515371748544,0.6850252434253955,0.0008357316276505746,0.5897944318322196,0.5103948677321087
60fcd2ade28cc412d542108c,39,black_high,black,0,0.0022645856870880136,0.5986515371748544,0.6850252434253955,0.0005382213304045756,0.5897944318322196,0.5104183631246606
60fcd2ade28cc412d542108c,40,black_high,white,0,0.0022645856870880136,0.6703291416153316,0.6850252434253955,0.0005382213304045756,0.595263502780928,0.5104183631246606
60fcd2ade28cc412d542108c,41,white_high,white,0,0.0014584207190364703,0.6703291416153316,0.6850252434253955,0.0005382213304045756,0.5953248823551586,0.5104183631246606
612376826a580ca0368bb19f,0,black_high,white,0,0.5,0.5,0.5,0.5,0.4465822362022898,0.5534177637977102
612376826a580ca0368bb19f,1,black_high,white,0,0.3561576162963995,0.5,0.5,0.5,0.4808841208206078,0.5534177637977102
612376826a580ca0368bb19f,2,white_high,black,0,0.2536964952918667,0.5,0.5,0.5,0.5054474642824961,0.5534177637977102
612376826a580ca0368bb19f,3,white_high,black,0,0.2536964952918667,0.5,0.5,0.3561576162963995,0.5054474642824961,0.5872184557211921
612376826a580ca0368bb19f,4,white_high,black,1,0.2536964952918667,0.5,0.5,0.2536964952918667,0.5054474642824961,0.61082227510872
612376826a580ca0368bb19f,5,white_high,black,0,0.2536964952918667,0.5,0.5,0.13080705532720574,0.5054474642824961,0.6384535617511256
612376826a580ca0368bb19f,6,white_high,black,0,0.2536964952918667,0.5,0.5,0.0931758580401777,0.5054474642824961,0.6467441665534549
612376826a580ca0368bb19f,7,white_high,white,0,0.2536964952918667,0.5,0.5,0.0663705829919228,0.5054474642824961,0.6525966413426131
612376826a580ca0368bb19f,8,white_high,black,0,0.2536964952918667,0.5,0.3849260930371196,0.0663705829919228,0.5054474642824961,0.6271668648278395
612376826a580ca0368bb19f,9,black_high,white,0,0.2536964952918667,0.5,0.3849260930371196,0.04727677726121117,0.5054474642824961,0.6314397826072383
612376826a580ca0368bb19f,10,white_high,white,0,0.180711878051804,0.5,0.3849260930371196,0.04727677726121117,0.522935210894681,0.6314397826072383
612376826a580ca0368bb19f,11,white_high,white,0,0.180711878051804,0.5,0.44679957993709385,0.04727677726121117,0.522935210894681,0.6451423005361869
612376826a580ca0368bb19f,12,white_high,white,0,0.180711878051804,0.5,0.5484099606310167,0.04727677726121117,0.522935210894681,0.6671292335114056
612376826a580ca0368bb19f,13,white_high,white,1,0.180711878051804,0.5,0.6495570593295713,0.04727677726121117,0.522935210894681,0.6883164823516404
612376826a580ca0368bb19f,14,white_high,white,0,0.180711878051804,0.5,0.6255518429378345,0.04727677726121117,0.522935210894681,0.683354756289974
612376826a580ca0368bb19f,15,black_high,white,0,0.180711878051804,0.5,0.6182009669454382,0.04727677726121117,0.522935210894681,0.6818269252074174
612376826a580ca0368bb19f,16,white_high,white,1,0.12872382344675232,0.5,0.6182009669454382,0.04727677726121117,0.5353602968144997,0.6818269252074174
612376826a580ca0368bb19f,17,white_high,white,0,0.12872382344675232,0.5,0.7062635999451155,0.04727677726121117,0.5353602968144997,0.6998658912967775
612376826a580ca0368bb19f,18,white_high,white,0,0.12872382344675232,0.5,0.7332301343924933,0.04727677726121117,0.5353602968144997,0.7052715486645145
612376826a580ca0368bb19f,19,white_high,white,0,0.12872382344675232,0.5,0.6661333774274386,0.04727677726121117,0.5353602968144997,0.6917177384935933
612376826a580ca0368bb19f,20,black_high,white,0,0.12872382344675232,0.5,0.7046447656058135,0.04727677726121117,0.5353602968144997,0.6995395858788196
612376826a580ca0368bb19f,21,black_high,white,0,0.09169194023870778,0.5,0.7046447656058135,0.04727677726121117,0.5441850876386396,0.6995395858788196
612376826a580ca0368bb19f,22,black_high,white,0,0.06531356573802016,0.5,0.7046447656058135,0.04727677726121117,0.5504545701881179,0.6995395858788196
612376826a580ca0368bb19f,23,white_high,black,0,0.0465238477701429,0.5,0.7046447656058135,0.04727677726121117,0.554910781300612,0.6995395858788196
612376826a580ca0368bb19f,24,white_high,white,0,0.0465238477701429,0.5,0.7046447656058135,0.033675968591057585,0.554910781300612,0.7022747658543641
612376826a580ca0368bb19f,25,black_high,black,0,0.0465238477701429,0.5,0.6457715838114039,0.033675968591057585,0.554910781300612,0.6903329507280707
612376826a580ca0368bb19f,26,white_high,black,0,0.0465238477701429,0.4712315232592799,0.6457715838114039,0.033675968591057585,0.5480846427619335,0.6903329507280707
612376826a580ca0368bb19f,27,black_high,white,0,0.0465238477701429,0.4712315232592799,0.6457715838114039,0.023987905399726978,0.5480846427619335,0.6923161979392033
612376826a580ca0368bb19f,28,black_high,white,0,0.03313964544550131,0.4712315232592799,0.6457715838114039,0.023987905399726978,0.5512628351524006,0.6923161979392033
612376826a580ca0368bb19f,29,black_high,black,0,0.023605874253555162,0.4712315232592799,0.6457715838114039,0.023987905399726978,0.5535241750739772,0.6923161979392033
612376826a580ca0368bb19f,30,black_high,white,0,0.023605874253555162,0.5658132060212537,0.6457715838114039,0.023987905399726978,0.5758238319884258,0.6923161979392033
612376826a580ca0368bb19f,31,white_high,black,1,0.016814823809477512,0.5658132060212537,0.6457715838114039,0.023987905399726978,0.577414259242899,0.6923161979392033
612376826a580ca0368bb19f,32,black_high,white,0,0.016814823809477512,0.5658132060212537,0.6457715838114039,0.012368272037798462,0.577414259242899,0.6946855195969354
612376826a580ca0368bb19f,33,black_high,black,0,0.011977455132854909,0.5658132060212537,0.6457715838114039,0.012368272037798462,0.578546168800355,0.6946855195969354
612376826a580ca0368bb19f,34,black_high,black,0,0.011977455132854909,0.518111272413987,0.6457715838114039,0.012368272037798462,0.5673500181113608,0.6946855195969354
612376826a580ca0368bb19f,35,black_high,black,0,0.011977455132854909,0.3978270282592403,0.6457715838114039,0.012368272037798462,0.5388361267081271,0.6946855195969354
612376826a580ca0368bb19f,36,white_high,black,1,0.011977455132854909,0.5135260660919436,0.6457715838114039,0.012368272037798462,0.5662699986384154,0.6946855195969354
612376826a580ca0368bb19f,37,white_high,white,1,0.011977455132854909,0.5135260660919436,0.6457715838114039,0.00637713675503858,0.5662699986384154,0.6959031482926757
612376826a580ca0368bb19f,38,white_high,white,1,0.011977455132854909,0.5135260660919436,0.6720395844312799,0.00637713675503858,0.5662699986384154,0.7012093430736727
612376826a580ca0368bb19f,39,black_high,white,1,0.011977455132854909,0.5135260660919436,0.7340230335474941,0.00637713675503858,0.5662699986384154,0.7135164471939098
612376826a580ca0368bb19f,40,black_high,black,0,0.0061756297990637025,0.5135260660919436,0.7340230335474941,0.00637713675503858,0.567636478871258,0.7135164471939098
612376826a580ca0368bb19f,41,black_high,black,0,0.0061756297990637025,0.6247087298772288,0.7340230335474941,0.00637713675503858,0.5936011689936109,0.7135164471939098
612376826a580ca0368bb19f,42,black_high,black,0,0.0061756297990637025,0.5312949744474106,0.7340230335474941,0.00637713675503858,0.5718150339603795,0.7135164471939098
612376826a580ca0368bb19f,43,black_high,black,0,0.0061756297990637025,0.5798288404839331,0.7340230335474941,0.00637713675503858,0.5831745795585725,0.7135164471939098
612376826a580ca0368bb19f,44,black_high,black,1,0.0061756297990637025,0.6431687292990865,0.7340230335474941,0.00637713675503858,0.5978660335098235,0.7135164471939098
612376826a580ca0368bb19f,45,black_high,black,1,0.0061756297990637025,0.7191370906404948,0.7340230335474941,0.00637713675503858,0.6152555336665483,0.7135164471939098
612376826a580ca0368bb19f,46,black_high,white,1,0.0061756297990637025,0.7098671701054957,0.7340230335474941,0.00637713675503858,0.6131483452472154,0.7135164471939098
615ab5adc70f6edcacba5860,0,black_high,black,0,0.5,0.5,0.5,0.5,0.18358743178190257,0.8164125682180975
615ab5adc70f6edcacba5860,1,black_high,white,0,0.5,0.7118000756404348,0.5,0.5,0.22590006916611136,0.8164125682180975
615ab5adc70f6edcacba5860,2,black_high,white,0,0.23524990544945656,0.7118000756404348,0.5,0.5,0.2878533835233727,0.8164125682180975
615ab5adc70f6edcacba5860,3,white_high,black,0,0.11068503602795651,0.7118000756404348,0.5,0.5,0.32026480321913525,0.8164125682180975
615ab5adc70f6edcacba5860,4,black_high,black,1,0.11068503602795651,0.7118000756404348,0.5,0.23524990544945656,0.32026480321913525,0.8603265108398654
615ab5adc70f6edcacba5860,5,black_high,white,0,0.11068503602795651,0.7557818825419632,0.5,0.23524990544945656,0.33215920852228253,0.8603265108398654
615ab5adc70f6edcacba5860,6,white_high,white,0,0.052077288520492926,0.7557818825419632,0.5,0.23524990544945656,0.3483457925349782,0.8603265108398654
615ab5adc70f6edcacba5860,7,black_high,white,0,0.052077288520492926,0.7557818825419632,0.3940999621797826,0.23524990544945656,0.3483457925349782,0.8439206870506513
615ab5adc70f6edcacba5860,8,white_high,white,0,0.02450235440102006,0.7557818825419632,0.3940999621797826,0.23524990544945656,0.35608726355055004,0.8439206870506513
615ab5adc70f6edcacba5860,9,white_high,black,0,0.02450235440102006,0.7557818825419632,0.3442740144111826,0.23524990544945656,0.35608726355055004,0.8356735792470329
615ab5adc70f6edcacba5860,10,white_high,white,0,0.02450235440102006,0.7557818825419632,0.3442740144111826,0.11068503602795651,0.35608726355055004,0.8556549599559311
615ab5adc70f6edcacba5860,11,white_high,white,0,0.02450235440102006,0.7557818825419632,0.3737809343183059,0.11068503602795651,0.35608726355055004,0.8600817367862035
615ab5adc70f6edcacba5860,12,black_high,black,0,0.02450235440102006,0.7557818825419632,0.2288138778244907,0.11068503602795651,0.35608726355055004,0.8372062862018913
615ab5adc70f6edcacba5860,13,black_high,white,0,0.02450235440102006,0.8321454030077965,0.2288138778244907,0.11068503602795651,0.3779116055305672,0.8372062862018913
615ab5adc70f6edcacba5860,14,white_high,white,0,0.011528353112258092,0.8321454030077965,0.2288138778244907,0.11068503602795651,0.3816720301488938,0.8372062862018913
615ab5adc70f6edcacba5860,15,black_high,white,0,0.011528353112258092,0.8321454030077965,0.3724069807980133,0.11068503602795651,0.3816720301488938,0.859878157729667
615ab5adc70f6edcacba5860,16,white_high,white,0,0.005424087959293329,0.8321454030077965,0.3724069807980133,0.11068503602795651,0.3834462576473569,0.859878157729667
615ab5adc70f6edcacba5860,17,black_high,black,0,0.005424087959293329,0.8321454030077965,0.2811174518631178,0.11068503602795651,0.3834462576473569,0.8457887680838964
615ab5adc70f6edcacba5860,18,white_high,white,0,0.005424087959293329,0.8151244060364377,0.2811174518631178,0.11068503602795651,0.3785069249971221,0.8457887680838964
615ab5adc70f6edcacba5860,19,white_high,white,0,0.005424087959293329,0.8151244060364377,0.44996582140263336,0.11068503602795651,0.3785069249971221,0.8709870943603538
615ab5adc70f6edcacba5860,20,white_high,white,1,0.005424087959293329,0.8151244060364377,0.4235089095213479,0.11068503602795651,0.3785069249971221,0.8672845102737087
615ab5adc70f6edcacba5860,21,black_high,white,0,0.005424087959293329,0.8151244060364377,0.36191991102015875,0.11068503602795651,0.3785069249971221,0.8583161075507969
615ab5adc70f6edcacba5860,22,black_high,white,0,0.002552032359146583,0.8151244060364377,0.36191991102015875,0.11068503602795651,0.3793386343516242,0.8583161075507969
615ab5adc70f6edcacba5860,23,black_high,black,0,0.0012007307423863743,0.8151244060364377,0.36191991102015875,0.11068503602795651,0.37973019919229156,0.8583161075507969
615ab5adc70f6edcacba5860,24,white_high,white,0,0.0012007307423863743,0.5953159545396676,0.36191991102015875,0.11068503602795651,0.31839264026547115,0.8583161075507969
615ab5adc70f6edcacba5860,25,black_high,white,0,0.0012007307423863743,0.5953159545396676,0.3291333064258622,0.11068503602795651,0.31839264026547115,0.8533386115205236
615ab5adc70f6edcacba5860,26,white_high,white,0,0.0005649435872333007,0.5953159545396676,0.3291333064258622,0.11068503602795651,0.3185624463656167,0.8533386115205236
615ab5adc70f6edcacba5860,27,black_high,white,0,0.0005649435872333007,0.5953159545396676,0.5784573097147717,0.11068503602795651,0.3185624463656167,0.8877362666078472
615ab5adc70f6edcacba5860,28,white_high,black,0,0.0002658058509618216,0.5953159545396676,0.5784573097147717,0.11068503602795651,0.31864235678419245,0.8877362666078472
615ab5adc70f6edcacba5860,29,white_high,white,0,0.0002658058509618216,0.5953159545396676,0.5784573097147717,0.052077288520492926,0.31864235678419245,0.8947250368863776
615ab5adc70f6edcacba5860,30,white_high,white,1,0.0002658058509618216,0.5953159545396676,0.5369141493844376,0.052077288520492926,0.31864235678419245,0.8898119656553543
615ab5adc70f6edcacba5860,31,black_high,white,1,0.0002658058509618216,0.5953159545396676,0.4187744520306479,0.052077288520492926,0.31864235678419245,0.8747307433384646
615ab5adc70f6edcacba5860,32,white_high,white,1,0.00013325900701397387,0.5953159545396676,0.4187744520306479,0.052077288520492926,0.31867776821174837,0.8747307433384646
615ab5adc70f6edcacba5860,33,white_high,white,0,0.00013325900701397387,0.5953159545396676,0.6088765247757819,0.052077288520492926,0.31867776821174837,0.8981990028682397
615ab5adc70f6edcacba5860,34,black_high,white,0,0.00013325900701397387,0.5953159545396676,0.6041764032284449,0.052077288520492926,0.31867776821174837,0.8976689534455756
615ab5adc70f6edcacba5860,35,white_high,white,0,6.269833760065165e-05,0.5953159545396676,0.6041764032284449,0.052077288520492926,0.3186966201677487,0.8976689534455756
615ab5adc70f6edcacba5860,36,black_high,black,0,6.269833760065165e-05,0.5953159545396676,0.5490149780191123,0.052077288520492926,0.3186966201677487,0.8912634383353628
615ab5adc70f6edcacba5860,37,white_high,white,0,6.269833760065165e-05,0.5977961574966717,0.5490149780191123,0.052077288520492926,0.31935964197900135,0.8912634383353628
615ab5adc70f6edcacba5860,38,black_high,white,1,6.269833760065165e-05,0.5977961574966717,0.5760115567993154,0.052077288520492926,0.31935964197900135,0.8944412281777687
615ab5adc70f6edcacba5860,39,black_high,white,1,3.143316138398251e-05,0.5977961574966717,0.5760115567993154,0.052077288520492926,0.31936800463416803,0.8944412281777687
615ab5adc70f6edcacba5860,40,white_high,white,1,1.5758689502817374e-05,0.5977961574966717,0.5760115567993154,0.052077288520492926,0.3193721972083584,0.8944412281777687
6162fc52fa68079d28dc5be9,0,white_high,black,0,0.5,0.5,0.5,0.5,0.6330805062347145,0.36691949376528554
6162fc52fa68079d28dc5be9,1,white_high,white,0,0.5,0.5,0.5,0.2582317731373217,0.6330805062347145,0.4207350582121709
6162fc52fa68079d28dc5be9,2,black_high,white,0,0.5,0.5,0.645060936117607,0.2582317731373217,0.6330805062347145,0.4540456700895893
6162fc52fa68079d28dc5be9,3,white_high,white,0,0.2582317731373217,0.5,0.645060936117607,0.2582317731373217,0.6837703947465357,0.4540456700895893
6162fc52fa68079d28dc5be9,4,white_high,black,0,0.2582317731373217,0.5,0.42985774937561183,0.2582317731373217,0.6837703947465357,0.40486449012731685
6162fc52fa68079d28dc5be9,5,black_high,black,0,0.2582317731373217,0.5,0.42985774937561183,0.13336729731529035,0.6837703947465357,0.4332332290539255
6162fc52fa68079d28dc5be9,6,black_high,white,0,0.2582317731373217,0.5483536453725356,0.42985774937561183,0.13336729731529035,0.6934489513543716,0.4332332290539255
6162fc52fa68079d28dc5be9,7,white_high,black,0,0.13336729731529035,0.5483536453725356,0.42985774937561183,0.13336729731529035,0.7176548284658398,0.4332332290539255
6162fc52fa68079d28dc5be9,8,black_high,black,0,0.13336729731529035,0.5483536453725356,0.42985774937561183,0.06887934732851958,0.7176548284658398,0.44807041830039224
6162fc52fa68079d28dc5be9,9,black_high,white,0,0.13336729731529035,0.4282656044193349,0.42985774937561183,0.06887934732851958,0.6943960068588699,0.44807041830039224
6162fc52fa68079d28dc5be9,10,black_high,black,0,0.06887934732851958,0.4282656044193349,0.42985774937561183,0.06887934732851958,0.707019850756307,0.44807041830039224
6162fc52fa68079d28dc5be9,11,black_high,white,0,0.06887934732851958,0.36624450892347027,0.42985774937561183,0.06887934732851958,0.6948844844492269,0.44807041830039224
6162fc52fa68079d28dc5be9,12,black_high,black,1,0.035573671986370105,0.36624450892347027,0.42985774937561183,0.06887934732851958,0.7014363688333667,0.44807041830039224
6162fc52fa68079d28dc5be9,13,white_high,white,1,0.035573671986370105,0.38162006103796714,0.42985774937561183,0.06887934732851958,0.7044336261777302,0.44807041830039224
6162fc52fa68079d28dc5be9,14,black_high,white,1,0.035573671986370105,0.38162006103796714,0.6440065128853287,0.06887934732851958,0.7044336261777302,0.49786120444969856
6162fc52fa68079d28dc5be9,15,black_high,black,1,0.019369942457139334,0.38162006103796714,0.6440065128853287,0.06887934732851958,0.7075733419232979,0.49786120444969856
6162fc52fa68079d28dc5be9,16,white_high,black,1,0.019369942457139334,0.3444423023369465,0.6440065128853287,0.06887934732851958,0.7003406957412068,0.49786120444969856
6162fc52fa68079d28dc5be9,17,black_high,white,0,0.019369942457139334,0.3444423023369465,0.6440065128853287,0.037504955764755654,0.7003406957412068,0.5051832592693374
6162fc52fa68079d28dc5be9,18,white_high,white,0,0.010003869172549959,0.3444423023369465,0.6440065128853287,0.037504955764755654,0.7021724249891468,0.5051832592693374
6162fc52fa68079d28dc5be9,19,white_high,black,0,0.010003869172549959,0.3444423023369465,0.7677886958215446,0.037504955764755654,0.7021724249891468,0.5340194758958199
6162fc52fa68079d28dc5be9,20,white_high,white,0,0.010003869172549959,0.3444423023369465,0.7677886958215446,0.019369942457139334,0.7021724249891468,0.5382297634814216
6162fc52fa68079d28dc5be9,21,black_high,black,0,0.010003869172549959,0.3444423023369465,0.6383030994962567,0.019369942457139334,0.7021724249891468,0.5080840660669736
6162fc52fa68079d28dc5be9,22,white_high,white,0,0.010003869172549959,0.5647210559322275,0.6383030994962567,0.019369942457139334,0.7433209905813004,0.5080840660669736
6162fc52fa68079d28dc5be9,23,white_high,black,0,0.010003869172549959,0.5647210559322275,0.7648430907167543,0.019369942457139334,0.7433209905813004,0.5375462564339174
6162fc52fa68079d28dc5be9,24,black_high,white,1,0.010003869172549959,0.5647210559322275,0.7648430907167543,0.010003869172549959,0.7433209905813004,0.5397190867854396
6162fc52fa68079d28dc5be9,25,white_high,white,1,0.005447128716295765,0.5647210559322275,0.7648430907167543,0.010003869172549959,0.7441317659494219,0.5397190867854396
6162fc52fa68079d28dc5be9,26,black_high,black,0,0.005447128716295765,0.5647210559322275,0.8264067663157084,0.010003869172549959,0.7441317659494219,0.5539599146740005
6162fc52fa68079d28dc5be9,27,black_high,black,1,0.005447128716295765,0.6784870021830048,0.8264067663157084,0.010003869172549959,0.7638239322765173,0.5539599146740005
6162fc52fa68079d28dc5be9,28,white_high,black,1,0.005447128716295765,0.46053722264952024,0.8264067663157084,0.010003869172549959,0.725178598230689,0.5539599146740005
6162fc52fa68079d28dc5be9,29,black_high,black,1,0.005447128716295765,0.46053722264952024,0.8264067663157084,0.005447128716295765,0.725178598230689,0.5550107523474788
6162fc52fa68079d28dc5be9,30,white_high,white,0,0.005447128716295765,0.38741287000514313,0.8264067663157084,0.005447128716295765,0.711367016933114,0.5550107523474788
6162fc52fa68079d28dc5be9,31,white_high,black,0,0.005447128716295765,0.38741287000514313,0.8136381321770566,0.005447128716295765,0.711367016933114,0.552064943753093
6162fc52fa68079d28dc5be9,32,white_high,black,1,0.005447128716295765,0.38741287000514313,0.8136381321770566,0.0028132434138325563,0.711367016933114,0.5526729047394047
6162fc52fa68079d28dc5be9,33,white_high,black,1,0.005447128716295765,0.38741287000514313,0.8136381321770566,0.0015318172120308904,0.711367016933114,0.5529686303958299
6162fc52fa68079d28dc5be9,34,white_high,white,1,0.005447128716295765,0.38741287000514313,0.8136381321770566,0.0008340778332712559,0.711367016933114,0.5531296379200796
6162fc52fa68079d28dc5be9,35,white_high,black,0,0.005447128716295765,0.38741287000514313,0.5796770900646434,0.0008340778332712559,0.711367016933114,0.49872841005501023
6162fc52fa68079d28dc5be9,36,black_high,black,0,0.005447128716295765,0.38741287000514313,0.5796770900646434,0.00043077079564034356,0.711367016933114,0.4988225345469742
6162fc52fa68079d28dc5be9,37,black_high,black,0,0.005447128716295765,0.2484382700878293,0.5796770900646434,0.00043077079564034356,0.6840171959125348,0.4988225345469742
6162fc52fa68079d28dc5be9,38,white_high,white,0,0.005447128716295765,0.32172389149004066,0.5796770900646434,0.00043077079564034356,0.6986146811793144,0.4988225345469742
6162fc52fa68079d28dc5be9,39,white_high,black,0,0.005447128716295765,0.32172389149004066,0.5411503124916299,0.00043077079564034356,0.6986146811793144,0.4898324344594994
6162fc52fa68079d28dc5be9,40,white_high,white,0,0.005447128716295765,0.32172389149004066,0.5411503124916299,0.00022247741274796152,0.6986146811793144,0.48988102661405863
6162fc52fa68079d28dc5be9,41,black_high,black,1,0.005447128716295765,0.32172389149004066,0.6179599270648083,0.00022247741274796152,0.6986146811793144,0.5078050785999356
6162fc52fa68079d28dc5be9,42,white_high,black,0,0.005447128716295765,0.311828706585827,0.6179599270648083,0.00022247741274796152,0.6966661489459309,0.5078050785999356
6162fc52fa68079d28dc5be9,43,black_high,black,0,0.005447128716295765,0.311828706585827,0.6179599270648083,0.00011490147355381975,0.6966661489459309,0.5078301788712535
6162fc52fa68079d28dc5be9,44,black_high,black,0,0.005447128716295765,0.5962309679863724,0.6179599270648083,0.00011490147355381975,0.7496921414398674,0.5078301788712535
63039f41fa5c21d483996be2,0,white_high,black,0,0.5,0.5,0.5,0.5,0.655488131699071,0.34451186830092906
63039f41fa5c21d483996be2,1,white_high,black,0,0.5,0.5,0.5,0.2760261778726809,0.655488131699071,0.35216533287880075
63039f41fa5c21d483996be2,2,white_high,black,0,0.5,0.5,0.5,0.15238090174200175,0.655488131699071,0.35642350082106167
63039f41fa5c21d483996be2,3,black_high,white,0,0.5,0.5,0.5,0.08412223577727458,0.655488131699071,0.35878404439973255
63039f41fa5c21d483996be2,4,black_high,white,0,0.2760261778726809,0.5,0.5,0.08412223577727458,0.6630617745502366,0.35878404439973255
63039f41fa5c21d483996be2,5,white_high,black,0,0.15238090174200175,0.5,0.5,0.08412223577727458,0.6672075282041441,0.35878404439973255
63039f41fa5c21d483996be2,6,white_high,black,0,0.15238090174200175,0.5,0.5,0.04643987843141119,0.6672075282041441,0.36009013324791816
63039f41fa5c21d483996be2,7,black_high,black,0,0.15238090174200175,0.5,0.5,0.025637244288588764,0.6672075282041441,0.36081205257681315
63039f41fa5c21d483996be2,8,white_high,white,0,0.15238090174200175,0.32082094229814473,0.5,0.025637244288588764,0.6611915154976998,0.36081205257681315
63039f41fa5c21d483996be2,9,black_high,black,0,0.15238090174200175,0.32082094229814473,0.4552052355745362,0.025637244288588764,0.6611915154976998,0.3592583133498476
63039f41fa5c21d483996be2,10,black_high,black,0,0.15238090174200175,0.35628901466999285,0.4552052355745362,0.025637244288588764,0.662386589577915,0.3592583133498476
63039f41fa5c21d483996be2,11,black_high,black,0,0.15238090174200175,0.51025354085301,0.4552052355745362,0.025637244288588764,0.6675501748435434,0.3592583133498476
63039f41fa5c21d483996be2,12,white_high,black,0,0.15238090174200175,0.5952500202335631,0.4552052355745362,0.025637244288588764,0.6703836885556828,0.3592583133498476
63039f41fa5c21d483996be2,13,white_high,black,0,0.15238090174200175,0.5952500202335631,0.4552052355745362,0.01415310110433475,0.6703836885556828,0.35965636948454577
63039f41fa5c21d483996be2,14,white_high,white,0,0.15238090174200175,0.5952500202335631,0.4552052355745362,0.007813252805750282,0.6703836885556828,0.35987620011143723
63039f41fa5c21d483996be2,15,black_high,white,0,0.15238090174200175,0.5952500202335631,0.5200657091993279,0.007813252805750282,0.6703836885556828,0.3621285647502097
63039f41fa5c21d483996be2,16,black_high,white,0,0.08412223577727458,0.5952500202335631,0.5200657091993279,0.007813252805750282,0.6726502983368765,0.3621285647502097
63039f41fa5c21d483996be2,17,black_high,black,0,0.04643987843141119,0.5952500202335631,0.5200657091993279,0.007813252805750282,0.6738981512398099,0.3621285647502097
63039f41fa5c21d483996be2,18,white_high,black,0,0.04643987843141119,0.6869672913311233,0.5200657091993279,0.007813252805750282,0.676925068895865,0.3621285647502097
63039f41fa5c21d483996be2,19,black_high,black,0,0.04643987843141119,0.6869672913311233,0.5200657091993279,0.004313324617448501,0.676925068895865,0.3622502777455449
63039f41fa5c21d483996be2,20,white_high,black,0,0.04643987843141119,0.8271895557539951,0.5200657091993279,0.004313324617448501,0.681524203992163,0.3622502777455449
63039f41fa5c21d483996be2,21,white_high,black,1,0.04643987843141119,0.8271895557539951,0.5200657091993279,0.002381181016156906,0.681524203992163,0.362317477261472
63039f41fa5c21d483996be2,22,black_high,white,1,0.04643987843141119,0.8271895557539951,0.5200657091993279,0.0012114836207072252,0.681524203992163,0.36235816168711765
63039f41fa5c21d483996be2,23,white_high,black,1,0.02362741500353962,0.8271895557539951,0.5200657091993279,0.0012114836207072252,0.6822691231894649,0.36235816168711765
63039f41fa5c21d483996be2,24,black_high,white,1,0.02362741500353962,0.8271895557539951,0.5200657091993279,0.0006163716883694387,0.6822691231894649,0.3623788616328342
63039f41fa5c21d483996be2,25,black_high,black,0,0.012021020696124273,0.8271895557539951,0.5200657091993279,0.0006163716883694387,0.6826477613695908,0.3623788616328342
63039f41fa5c21d483996be2,26,black_high,white,0,0.012021020696124273,0.7254205294547352,0.5200657091993279,0.0006163716883694387,0.6793195367506032,0.3623788616328342
63039f41fa5c21d483996be2,27,white_high,black,0,0.0066362327937591545,0.7254205294547352,0.5200657091993279,0.0006163716883694387,0.679496100848905,0.3623788616328342
63039f41fa5c21d483996be2,28,white_high,black,0,0.0066362327937591545,0.7254205294547352,0.5200657091993279,0.00034026944257909466,0.679496100848905,0.36238846554824955
63039f41fa5c21d483996be2,29,black_high,white,0,0.0066362327937591545,0.7254205294547352,0.5200657091993279,0.00018784654736395034,0.679496100848905,0.36239376745944607
63039f41fa5c21d483996be2,30,black_high,white,0,0.0036635479470693653,0.7254205294547352,0.5200657091993279,0.00018784654736395034,0.6795935514686144,0.36239376745944607
63039f41fa5c21d483996be2,31,white_high,black,1,0.002022470274565727,0.7254205294547352,0.5200657091993279,0.00018784654736395034,0.6796473426031184,0.36239376745944607
63039f41fa5c21d483996be2,32,black_high,white,1,0.002022470274565727,0.7254205294547352,0.5200657091993279,9.55714890189743e-05,0.6796473426031184,0.3623969771914501
63039f41fa5c21d483996be2,33,white_high,black,1,0.0010289808268999611,0.7254205294547352,0.5200657091993279,9.55714890189743e-05,0.6796799048139452,0.3623969771914501
63039f41fa5c21d483996be2,34,white_high,black,1,0.0010289808268999611,0.7254205294547352,0.5200657091993279,4.862431405570149e-05,0.6796799048139452,0.3623986102252
63039f41fa5c21d483996be2,35,black_high,black,0,0.0010289808268999611,0.7254205294547352,0.5200657091993279,2.4738799632159e-05,0.6796799048139452,0.3623994410719645
63039f41fa5c21d483996be2,36,white_high,black,1,0.0010289808268999611,0.5796491698933894,0.5200657091993279,2.4738799632159e-05,0.6748835704370797,0.3623994410719645
63039f41fa5c21d483996be2,37,white_high,white,0,0.0010289808268999611,0.5796491698933894,0.5200657091993279,1.2586464593393038e-05,0.6748835704370797,0.3623998637857318
63039f41fa5c21d483996be2,38,white_high,black,0,0.0010289808268999611,0.5796491698933894,0.6454616153095818,1.2586464593393038e-05,0.6748835704370797,0.36677293686848256
63039f41fa5c21d483996be2,39,white_high,black,1,0.0010289808268999611,0.5796491698933894,0.6454616153095818,6.948387429288214e-06,0.6748835704370797,0.3667731339918708
63039f41fa5c21d483996be2,40,black_high,black,1,0.0010289808268999611,0.5796491698933894,0.6454616153095818,3.5351607054622874e-06,0.6748835704370797,0.36677325332811245
63039f41fa5c21d483996be2,41,black_high,white,1,0.0010289808268999611,0.6878911684277393,0.6454616153095818,3.5351607054622874e-06,0.6784486440005708,0.36677325332811245
63039f41fa5c21d483996be2,42,white_high,black,0,0.0005235189636372173,0.6878911684277393,0.6454616153095818,3.5351607054622874e-06,0.6784652436975896,0.36677325332811245
63039f41fa5c21d483996be2,43,black_high,white,0,0.0005235189636372173,0.6878911684277393,0.6454616153095818,1.951593795388891e-06,0.6784652436975896,0.3667733086941803
63039f41fa5c21d483996be2,44,black_high,white,0,0.0002890098771532962,0.6878911684277393,0.6454616153095818,1.951593795388891e-06,0.6784729449757272,0.3667733086941803
63039f41fa5c21d483996be2,45,black_high,black,0,0.00015954858351615477,0.6878911684277393,0.6454616153095818,1.951593795388891e-06,0.6784771964428907,0.3667733086941803
63039f41fa5c21d483996be2,46,white_high,black,0,0.00015954858351615477,0.5141362333033545,0.6454616153095818,1.951593795388891e-06,0.6727447254498405,0.3667733086941803
650f65aac58fe4dc08bbe23f_2,0,black_high,black,0,0.5,0.5,0.5,0.5,0.4964584598909494,0.5035415401090506
650f65aac58fe4dc08bbe23f_2,1,white_high,white,0,0.5,0.5524189213882681,0.5,0.5,0.5057882981443054,0.5035415401090506
650f65aac58fe4dc08bbe23f_2,2,white_high,black,0,0.5,0.5524189213882681,0.5,0.5,0.5057882981443054,0.5035415401090506
650f65aac58fe4dc08bbe23f_2,3,black_high,white,0,0.5,0.5524189213882681,0.5,0.2379053930586596,0.5057882981443054,0.5500244586932059
650f65aac58fe4dc08bbe23f_2,4,black_high,white,0,0.2379053930586596,0.5524189213882681,0.5,0.2379053930586596,0.5522479098799844,0.5500244586932059
650f65aac58fe4dc08bbe23f_2,5,black_high,black,0,0.11319795209279064,0.5524189213882681,0.5,0.2379053930586596,0.5740868224460388,0.5500244586932059
650f65aac58fe4dc08bbe23f_2,6,white_high,black,0,0.11319795209279064,0.682198252357978,0.5,0.2379053930586596,0.5965099107527518,0.5500244586932059
650f65aac58fe4dc08bbe23f_2,7,black_high,black,0,0.11319795209279064,0.682198252357978,0.5,0.11319795209279064,0.5965099107527518,0.5718877484389207
650f65aac58fe4dc08bbe23f_2,8,white_high,black,0,0.11319795209279064,0.6915297364601873,0.5,0.11319795209279064,0.5981079303669355,0.5718877484389207
650f65aac58fe4dc08bbe23f_2,9,white_high,black,0,0.11319795209279064,0.6915297364601873,0.5,0.05386080657214135,0.5981079303669355,0.5821981263420974
650f65aac58fe4dc08bbe23f_2,10,black_high,black,0,0.11319795209279064,0.6915297364601873,0.5,0.02562755271600345,0.5981079303669355,0.5870793797774431
650f65aac58fe4dc08bbe23f_2,11,white_high,white,1,0.11319795209279064,0.8008076000230371,0.5,0.02562755271600345,0.6166587148250084,0.5870793797774431
650f65aac58fe4dc08bbe23f_2,12,black_high,black,0,0.11319795209279064,0.8008076000230371,0.40136372281916277,0.02562755271600345,0.6166587148250084,0.5699577412199712
650f65aac58fe4dc08bbe23f_2,13,black_high,black,1,0.11319795209279064,0.8003842648018297,0.40136372281916277,0.02562755271600345,0.6165874638259656,0.5699577412199712
650f65aac58fe4dc08bbe23f_2,14,black_high,white,0,0.11319795209279064,0.8001947525543092,0.40136372281916277,0.02562755271600345,0.6165555656439048,0.5699577412199712
650f65aac58fe4dc08bbe23f_2,15,black_high,black,0,0.05386080657214135,0.8001947525543092,0.40136372281916277,0.02562755271600345,0.6264927794041202,0.5699577412199712
650f65aac58fe4dc08bbe23f_2,16,white_high,white,0,0.05386080657214135,0.8525115867542323,0.40136372281916277,0.02562755271600345,0.6351669100851564,0.5699577412199712
650f65aac58fe4dc08bbe23f_2,17,black_high,black,0,0.05386080657214135,0.8525115867542323,0.40064887402663196,0.02562755271600345,0.6351669100851564,0.5698329901575834
650f65aac58fe4dc08bbe23f_2,18,white_high,white,0,0.05386080657214135,0.9298234221503352,0.40064887402663196,0.02562755271600345,0.6478247863193781,0.5698329901575834
650f65aac58fe4dc08bbe23f_2,19,white_high,black,0,0.05386080657214135,0.9298234221503352,0.45272766264897096,0.02562755271600345,0.6478247863193781,0.5788972781238748
650f65aac58fe4dc08bbe23f_2,20,black_high,black,1,0.05386080657214135,0.9298234221503352,0.45272766264897096,0.01219386600406464,0.6478247863193781,0.5812270569173722
650f65aac58fe4dc08bbe23f_2,21,black_high,black,0,0.05386080657214135,0.6685243725297343,0.45272766264897096,0.01219386600406464,0.6043096426874469,0.5812270569173722
650f65aac58fe4dc08bbe23f_2,22,black_high,white,0,0.05386080657214135,0.7898613997263731,0.45272766264897096,0.01219386600406464,0.6247696434804645,0.5812270569173722
650f65aac58fe4dc08bbe23f_2,23,black_high,black,0,0.02562755271600345,0.7898613997263731,0.45272766264897096,0.01219386600406464,0.629470069237923,0.5812270569173722
650f65aac58fe4dc08bbe23f_2,24,white_high,black,0,0.02562755271600345,0.7951759446336764,0.45272766264897096,0.01219386600406464,0.6303521575341092,0.5812270569173722
650f65aac58fe4dc08bbe23f_2,25,black_high,white,0,0.02562755271600345,0.7951759446336764,0.45272766264897096,0.0058019729692032505,0.6303521575341092,0.5823343268300494
650f65aac58fe4dc08bbe23f_2,26,white_high,black,0,0.01219386600406464,0.7951759446336764,0.45272766264897096,0.0058019729692032505,0.6325779416336138,0.5823343268300494
650f65aac58fe4dc08bbe23f_2,27,black_high,white,0,0.01219386600406464,0.7951759446336764,0.45272766264897096,0.0027606413195080354,0.6325779416336138,0.5828608872199419
650f65aac58fe4dc08bbe23f_2,28,white_high,white,0,0.0058019729692032505,0.7951759446336764,0.45272766264897096,0.0027606413195080354,0.6336350192852186,0.5828608872199419
650f65aac58fe4dc08bbe23f_2,29,black_high,black,1,0.0058019729692032505,0.7951759446336764,0.687182997556476,0.0027606413195080354,0.6336350192852186,0.6228008720310205
650f65aac58fe4dc08bbe23f_2,30,white_high,white,1,0.0058019729692032505,0.7975550789449184,0.687182997556476,0.0027606413195080354,0.6340281477647529,0.6228008720310205
650f65aac58fe4dc08bbe23f_2,31,black_high,white,1,0.0058019729692032505,0.7975550789449184,0.6441859659942919,0.0027606413195080354,0.6340281477647529,0.6155828061775781
650f65aac58fe4dc08bbe23f_2,32,white_high,white,1,0.0029405478992729664,0.7975550789449184,0.6441859659942919,0.0027606413195080354,0.6345007336032491,0.6155828061775781
650f65aac58fe4dc08bbe23f_2,33,white_high,black,1,0.0029405478992729664,0.7975550789449184,0.47443985427645596,0.0027606413195080354,0.6345007336032491,0.5866144677860893
650f65aac58fe4dc08bbe23f_2,34,white_high,white,1,0.0029405478992729664,0.7975550789449184,0.47443985427645596,0.0013991444075687016,0.6345007336032491,0.5868495117095636
650f65aac58fe4dc08bbe23f_2,35,black_high,white,0,0.0029405478992729664,0.7975550789449184,0.43772750377788777,0.0013991444075687016,0.6345007336032491,0.58049810022433
650f65aac58fe4dc08bbe23f_2,36,white_high,white,0,0.0013991444075687016,0.7975550789449184,0.43772750377788777,0.0013991444075687016,0.6347552007109245,0.58049810022433
650f65aac58fe4dc08bbe23f_2,37,black_high,white,0,0.0013991444075687016,0.7975550789449184,0.5227889960073371,0.0013991444075687016,0.6347552007109245,0.5951699348207692
650f65aac58fe4dc08bbe23f_2,38,white_high,black,0,0.0006657280004569148,0.7975550789449184,0.5227889960073371,0.0013991444075687016,0.6348762524914657,0.5951699348207692
650f65aac58fe4dc08bbe23f_2,39,white_high,white,0,0.0006657280004569148,0.7975550789449184,0.5227889960073371,0.0006657280004569148,0.6348762524914657,0.5952957414692112
650f65aac58fe4dc08bbe23f_2,40,white_high,black,0,0.0006657280004569148,0.7975550789449184,0.45842432871680744,0.0006657280004569148,0.6348762524914657,0.5842090162206938
650f65aac58fe4dc08bbe23f_2,41,black_high,black,0,0.0006657280004569148,0.7975550789449184,0.45842432871680744,0.00031676056323771566,0.6348762524914657,0.5842693665936612
650f65aac58fe4dc08bbe23f_2,42,white_high,white,0,0.0006657280004569148,0.7464177588025187,0.45842432871680744,0.00031676056323771566,0.6263958270558199,0.5842693665936612
650f65aac58fe4dc08bbe23f_2,43,white_high,white,0,0.0006657280004569148,0.7464177588025187,0.6374746113281932,0.00031676056323771566,0.6263958270558199,0.6148635672477578
650f65aac58fe4dc08bbe23f_2,44,black_high,white,0,0.0006657280004569148,0.7464177588025187,0.7750875884403128,0.00031676056323771566,0.6263958270558199,0.6377886027445211
650f65aac58fe4dc08bbe23f_2,45,white_high,white,0,0.00031676056323771566,0.7464177588025187,0.7750875884403128,0.00031676056323771566,0.6264539694160923,0.6377886027445211
650f65aac58fe4dc08bbe23f_2,46,white_high,black,0,0.00031676056323771566,0.7464177588025187,0.7357274844834389,0.00031676056323771566,0.6264539694160923,0.631290185874954
654fd3d72b14d852c7fff2b4,0,black_high,black,0,0.5,0.5,0.5,0.5,0.5724846799214965,0.42751532007850357
654fd3d72b14d852c7fff2b4,1,black_high,black,1,0.5,0.5,0.5,0.5,0.5724846799214965,0.42751532007850357
654fd3d72b14d852c7fff2b4,2,white_high,white,0,0.5,0.5,0.5,0.5,0.5724846799214965,0.42751532007850357
654fd3d72b14d852c7fff2b4,3,black_high,black,0,0.5,0.5,0.559117808119497,0.5,0.5724846799214965,0.5125178803679701
654fd3d72b14d852c7fff2b4,4,white_high,white,0,0.5,0.6773534243584909,0.559117808119497,0.5,0.7888869680351424,0.5125178803679701
654fd3d72b14d852c7fff2b4,5,white_high,white,0,0.5,0.6773534243584909,0.5241686557509604,0.5,0.7888869680351424,0.4620364723578573
654fd3d72b14d852c7fff2b4,6,black_high,black,0,0.5,0.6773534243584909,0.39164505998005195,0.5,0.7888869680351424,0.2851661340475312
654fd3d72b14d852c7fff2b4,7,black_high,black,0,0.5,0.5133881591333841,0.39164505998005195,0.5,0.591329640994186,0.2851661340475312
654fd3d72b14d852c7fff2b4,8,white_high,black,1,0.5,0.7419446053841651,0.39164505998005195,0.5,0.8444841343897238,0.2851661340475312
654fd3d72b14d852c7fff2b4,9,white_high,white,1,0.5,0.7419446053841651,0.39164505998005195,0.1986807300030886,0.8444841343897238,0.6952051860217812
654fd3d72b14d852c7fff2b4,10,white_high,white,1,0.5,0.7419446053841651,0.3966800688354094,0.1986807300030886,0.8444841343897238,0.7013432860932494
654fd3d72b14d852c7fff2b4,11,black_high,black,1,0.5,0.7419446053841651,0.3986807873053183,0.1986807300030886,0.8444841343897238,0.7037625294099216
654fd3d72b14d852c7fff2b4,12,white_high,white,0,0.5,0.8974587316329816,0.3986807873053183,0.1986807300030886,0.9303346519327189,0.7037625294099216
654fd3d72b14d852c7fff2b4,13,black_high,black,0,0.5,0.8974587316329816,0.45857848505434523,0.1986807300030886,0.9303346519327189,0.7706296844823178
654fd3d72b14d852c7fff2b4,14,black_high,black,0,0.5,0.958078881909494,0.45857848505434523,0.1986807300030886,0.9499131604307218,0.7706296844823178
654fd3d72b14d852c7fff2b4,15,white_high,black,0,0.5,0.8646261118247931,0.45857848505434523,0.1986807300030886,0.9169689866793195,0.7706296844823178
654fd3d72b14d852c7fff2b4,16,black_high,black,0,0.5,0.8646261118247931,0.45857848505434523,0.08122503726944685,0.9169689866793195,0.8689279344827342
654fd3d72b14d852c7fff2b4,17,white_high,white,0,0.5,0.8855383791606174,0.45857848505434523,0.08122503726944685,0.9257293246152264,0.8689279344827342
654fd3d72b14d852c7fff2b4,18,white_high,white,0,0.5,0.8855383791606174,0.6013015930191001,0.08122503726944685,0.9257293246152264,0.9380434188164921
654fd3d72b14d852c7fff2b4,19,black_high,white,0,0.5,0.8855383791606174,0.7778855441140626,0.08122503726944685,0.9257293246152264,0.976777640649829
654fd3d72b14d852c7fff2b4,20,black_high,black,0,0.2044109594025152,0.8855383791606174,0.7778855441140626,0.08122503726944685,0.9857022884800882,0.976777640649829
654fd3d72b14d852c7fff2b4,21,white_high,white,0,0.2044109594025152,0.8349699642999159,0.7778855441140626,0.08122503726944685,0.9809349071733255,0.976777640649829
654fd3d72b14d852c7fff2b4,22,white_high,white,0,0.2044109594025152,0.8349699642999159,0.4362522769944001,0.08122503726944685,0.9809349071733255,0.8535006207621236
654fd3d72b14d852c7fff2b4,23,black_high,black,0,0.2044109594025152,0.8349699642999159,0.533056341680896,0.08122503726944685,0.9809349071733255,0.9107209555245344
654fd3d72b14d852c7fff2b4,24,white_high,white,0,0.2044109594025152,0.873414296025132,0.533056341680896,0.08122503726944685,0.9846791375588293,0.9107209555245344
654fd3d72b14d852c7fff2b4,25,white_high,white,0,0.2044109594025152,0.873414296025132,0.5726319651541556,0.08122503726944685,0.9846791375588293,0.9276721526412176
654fd3d72b14d852c7fff2b4,26,black_high,black,0,0.2044109594025152,0.873414296025132,0.47057573124140506,0.08122503726944685,0.9846791375588293,0.8766339402115909
654fd3d72b14d852c7fff2b4,27,black_high,black,0,0.2044109594025152,0.8891311814882119,0.47057573124140506,0.08122503726944685,0.9859923388942263,0.8766339402115909
654fd3d72b14d852c7fff2b4,28,white_high,white,1,0.2044109594025152,0.6590853562828793,0.47057573124140506,0.08122503726944685,0.9489675379865887,0.8766339402115909
654fd3d72b14d852c7fff2b4,29,black_high,black,1,0.2044109594025152,0.6590853562828793,0.4280440756070883,0.08122503726944685,0.9489675379865887,0.8474616235192439
654fd3d72b14d852c7fff2b4,30,white_high,black,1,0.2044109594025152,0.7440059514363146,0.4280440756070883,0.08122503726944685,0.9681483179467915,0.8474616235192439
654fd3d72b14d852c7fff2b4,31,black_high,black,1,0.2044109594025152,0.7440059514363146,0.4280440756070883,0.03227569939844356,0.9681483179467915,0.8805941434673251
654fd3d72b14d852c7fff2b4,32,black_high,black,0,0.2044109594025152,0.8380139771104596,0.4280440756070883,0.03227569939844356,0.9812615383361916,0.8805941434673251
654fd3d72b14d852c7fff2b4,33,white_high,white,0,0.2044109594025152,0.8155409470637086,0.4280440756070883,0.03227569939844356,0.9787146992749878,0.8805941434673251
654fd3d72b14d852c7fff2b4,34,black_high,black,0,0.2044109594025152,0.8155409470637086,0.4705828409203001,0.03227569939844356,0.9787146992749878,0.904150264946231
654fd3d72b14d852c7fff2b4,35,white_high,white,0,0.2044109594025152,0.8063534797986328,0.4705828409203001,0.03227569939844356,0.9775785666452078,0.904150264946231
654fd3d72b14d852c7fff2b4,36,white_high,white,0,0.2044109594025152,0.8063534797986328,0.6062092368182381,0.03227569939844356,0.9775785666452078,0.953867149665793
654fd3d72b14d852c7fff2b4,37,black_high,black,0,0.2044109594025152,0.8063534797986328,0.7207740883493409,0.03227569939844356,0.9775785666452078,0.9756818689462241
654fd3d72b14d852c7fff2b4,38,black_high,black,0,0.2044109594025152,0.7434796336828691,0.7207740883493409,0.03227569939844356,0.9680542702433074,0.9756818689462241
654fd3d72b14d852c7fff2b4,39,black_high,black,1,0.2044109594025152,0.8360110435101643,0.7207740883493409,0.03227569939844356,0.9810472413170496,0.9756818689462241
654fd3d72b14d852c7fff2b4,40,black_high,black,1,0.2044109594025152,0.8745732548249272,0.7207740883493409,0.03227569939844356,0.9847799795990504,0.9756818689462241
654fd3d72b14d852c7fff2b4,41,white_high,white,0,0.2044109594025152,0.8296325374146458,0.7207740883493409,0.03227569939844356,0.9803486586661204,0.9756818689462241
654fd3d72b14d852c7fff2b4,42,white_high,white,0,0.2044109594025152,0.8296325374146458,0.8267285188993967,0.03227569939844356,0.9803486586661204,0.9866790456790389
654fd3d72b14d852c7fff2b4,43,black_high,black,0,0.2044109594025152,0.8296325374146458,0.8109272043832679,0.03227569939844356,0.9803486586661204,0.9854222546148418
654fd3d72b14d852c7fff2b4,44,white_high,white,0,0.2044109594025152,0.8712322389244144,0.8109272043832679,0.03227569939844356,0.9844874867001684,0.9854222546148418
6550edd3c5d5a51c51ab1224,0,black_high,black,0,0.5,0.5,0.5,0.5,0.5545600196551859,0.4454399803448142
6550edd3c5d5a51c51ab1224,1,black_high,black,1,0.5,0.5500653569281199,0.5,0.5,0.6030699536406259,0.4454399803448142
6550edd3c5d5a51c51ab1224,2,black_high,black,1,0.5,0.8131271802772704,0.5,0.5,0.812256016849973,0.4454399803448142
6550edd3c5d5a51c51ab1224,3,white_high,white,1,0.5,0.7469854799829623,0.5,0.5,0.76881352860945,0.4454399803448142
6550edd3c5d5a51c51ab1224,4,black_high,black,0,0.5,0.7469854799829623,0.5,0.5,0.76881352860945,0.4454399803448142
6550edd3c5d5a51c51ab1224,5,white_high,black,0,0.5,0.7234620317251018,0.5,0.5,0.7517648820617324,0.4454399803448142
6550edd3c5d5a51c51ab1224,6,black_high,black,0,0.5,0.7234620317251018,0.5,0.2496732153594005,0.7517648820617324,0.6849664092100658
6550edd3c5d5a51c51ab1224,7,black_high,black,0,0.5,0.7117156817993409,0.5,0.2496732153594005,0.7429427447702571,0.6849664092100658
6550edd3c5d5a51c51ab1224,8,white_high,white,0,0.5,0.6057194700336983,0.5,0.2496732153594005,0.6546779312998456,0.6849664092100658
6550edd3c5d5a51c51ab1224,9,black_high,white,0,0.5,0.6057194700336983,0.7002614277124796,0.2496732153594005,0.6546779312998456,0.8282582311878615
6550edd3c5d5a51c51ab1224,10,black_high,black,0,0.2496732153594005,0.6057194700336983,0.7002614277124796,0.2496732153594005,0.8369174533739581,0.8282582311878615
6550edd3c5d5a51c51ab1224,11,black_high,black,0,0.2496732153594005,0.6529213538750502,0.7002614277124796,0.2496732153594005,0.8609542833361978,0.8282582311878615
6550edd3c5d5a51c51ab1224,12,white_high,white,0,0.2496732153594005,0.7265568030225528,0.7002614277124796,0.2496732153594005,0.8924640824764666,0.8282582311878615
6550edd3c5d5a51c51ab1224,13,white_high,white,0,0.2496732153594005,0.7265568030225528,0.8503266137794774,0.2496732153594005,0.8924640824764666,0.8975500177933142
6550edd3c5d5a51c51ab1224,14,black_high,black,0,0.2496732153594005,0.7265568030225528,0.8251304149609456,0.2496732153594005,0.8924640824764666,0.8879592647558961
6550edd3c5d5a51c51ab1224,15,black_high,black,0,0.2496732153594005,0.7132610448006139,0.8251304149609456,0.2496732153594005,0.8872816936166397,0.8879592647558961
6550edd3c5d5a51c51ab1224,16,black_high,white,0,0.2496732153594005,0.6064911415325489,0.8251304149609456,0.2496732153594005,0.8373359957445529,0.8879592647558961
6550edd3c5d5a51c51ab1224,17,white_high,white,0,0.12467342893580317,0.6064911415325489,0.8251304149609456,0.2496732153594005,0.8943333611692343,0.8879592647558961
6550edd3c5d5a51c51ab1224,18,black_high,black,0,0.12467342893580317,0.6064911415325489,0.6623527122288708,0.2496732153594005,0.8943333611692343,0.8057349899502082
6550edd3c5d5a51c51ab1224,19,white_high,white,0,0.12467342893580317,0.7033720422118087,0.6623527122288708,0.2496732153594005,0.9256135350934421,0.8057349899502082
6550edd3c5d5a51c51ab1224,20,white_high,black,0,0.12467342893580317,0.7033720422118087,0.6812009612252431,0.2496732153594005,0.9256135350934421,0.8172028380387075
6550edd3c5d5a51c51ab1224,21,white_high,white,1,0.12467342893580317,0.7033720422118087,0.6812009612252431,0.12467342893580317,0.9256135350934421,0.8802459082292305
6550edd3c5d5a51c51ab1224,22,black_high,black,1,0.12467342893580317,0.7033720422118087,0.809125483093931,0.12467342893580317,0.9256135350934421,0.9243970400281175
6550edd3c5d5a51c51ab1224,23,black_high,black,1,0.12467342893580317,0.7598671957939379,0.809125483093931,0.12467342893580317,0.9396825818540574,0.9243970400281175
6550edd3c5d5a51c51ab1224,24,white_high,white,1,0.12467342893580317,0.7833315118076629,0.809125483093931,0.12467342893580317,0.9447609895477981,0.9243970400281175
6550edd3c5d5a51c51ab1224,25,black_high,black,1,0.12467342893580317,0.7833315118076629,0.8622567911214052,0.12467342893580317,0.9447609895477981,0.9379061676677312
6550edd3c5d5a51c51ab1224,26,white_high,white,1,0.12467342893580317,0.8515436970746727,0.8622567911214052,0.12467342893580317,0.9573283421873341,0.9379061676677312
6550edd3c5d5a51c51ab1224,27,black_high,black,1,0.12467342893580317,0.8515436970746727,0.8258573156854858,0.12467342893580317,0.9573283421873341,0.9289192777155232
6550edd3c5d5a51c51ab1224,28,white_high,white,0,0.12467342893580317,0.5875411133587456,0.8258573156854858,0.12467342893580317,0.8869948640775301,0.9289192777155232
6550edd3c5d5a51c51ab1224,29,white_high,black,0,0.12467342893580317,0.5875411133587456,0.7628464013673967,0.12467342893580317,0.8869948640775301,0.9104830654165399
6550edd3c5d5a51c51ab1224,30,white_high,white,0,0.12467342893580317,0.5875411133587456,0.7628464013673967,0.0622552317445674,0.8869948640775301,0.9287634363837243
6550edd3c5d5a51c51ab1224,31,white_high,white,0,0.12467342893580317,0.5875411133587456,0.8315128400625705,0.0622552317445674,0.8869948640775301,0.9448517898559446
6550edd3c5d5a51c51ab1224,32,white_high,white,0,0.12467342893580317,0.5875411133587456,0.8658011811351769,0.0622552317445674,0.8869948640775301,0.9515427770137375
6550edd3c5d5a51c51ab1224,33,white_high,white,0,0.12467342893580317,0.5875411133587456,0.6826615141525723,0.0622552317445674,0.8869948640775301,0.9045531369528115
6550edd3c5d5a51c51ab1224,34,black_high,black,0,0.12467342893580317,0.5875411133587456,0.7414074459061384,0.0622552317445674,0.8869948640775301,0.9229103742618262
6550edd3c5d5a51c51ab1224,35,white_high,white,0,0.12467342893580317,0.6939094132811993,0.7414074459061384,0.0622552317445674,0.922979851003328,0.9229103742618262
6550edd3c5d5a51c51ab1224,36,black_high,black,0,0.12467342893580317,0.6939094132811993,0.6706113033902921,0.0622552317445674,0.922979851003328,0.9003334856335449
6550edd3c5d5a51c51ab1224,37,white_high,white,0,0.12467342893580317,0.7970894011172234,0.6706113033902921,0.0622552317445674,0.9475486204844746,0.9003334856335449
6550edd3c5d5a51c51ab1224,38,white_high,white,0,0.12467342893580317,0.7970894011172234,0.6352595023163448,0.0622552317445674,0.9475486204844746,0.8869848051393577
6550edd3c5d5a51c51ab1224,39,white_high,white,0,0.12467342893580317,0.7970894011172234,0.7678027774149477,0.0622552317445674,0.9475486204844746,0.9300569426277231
6550edd3c5d5a51c51ab1224,40,black_high,white,0,0.12467342893580317,0.7970894011172234,0.5836610041106158,0.0622552317445674,0.9475486204844746,0.8647184859383288
6550edd3c5d5a51c51ab1224,41,black_high,black,0,0.0622552317445674,0.7970894011172234,0.5836610041106158,0.0622552317445674,0.9586039276121715,0.8647184859383288
6550edd3c5d5a51c51ab1224,42,black_high,black,1,0.0622552317445674,0.7985466028366314,0.5836610041106158,0.0622552317445674,0.958833346902994,0.8647184859383288
6550edd3c5d5a51c51ab1224,43,black_high,black,1,0.0622552317445674,0.7409296812987018,0.5836610041106158,0.0622552317445674,0.9487722748780464,0.8647184859383288
6550edd3c5d5a51c51ab1224,44,white_high,white,1,0.0622552317445674,0.7754661322758639,0.5836610041106158,0.0622552317445674,0.9550526362849522,0.8647184859383288
6550edd3c5d5a51c51ab1224,45,black_high,black,1,0.0622552317445674,0.7754661322758639,0.5932138716582455,0.0622552317445674,0.9550526362849522,0.8691026180303275
6550edd3c5d5a51c51ab1224,46,white_high,white,1,0.0622552317445674,0.7898102688670244,0.5932138716582455,0.0622552317445674,0.9574394820061198,0.8691026180303275
656bb5b282d8f0267db9d167,0,black_high,white,0,0.5,0.5,0.5,0.5,0.6020449573547472,0.39795504264525283
656bb5b282d8f0267db9d167,1,black_high,white,0,0.2787719334580395,0.5,0.5,0.5,0.6167717472382485,0.39795504264525283
656bb5b282d8f0267db9d167,2,black_high,black,0,0.15542758176786725,0.5,0.5,0.5,0.6248923541359658,0.39795504264525283
656bb5b282d8f0267db9d167,3,black_high,white,0,0.15542758176786725,0.45575438669160795,0.5,0.5,0.6219871700001781,0.39795504264525283
656bb5b282d8f0267db9d167,4,white_high,black,0,0.08665769496427178,0.45575438669160795,0.5,0.5,0.6264987767900861,0.39795504264525283
656bb5b282d8f0267db9d167,5,black_high,white,1,0.08665769496427178,0.45575438669160795,0.5,0.2787719334580395,0.6264987767900861,0.41286892548023846
656bb5b282d8f0267db9d167,6,black_high,black,1,0.045989800500276665,0.45575438669160795,0.5,0.2787719334580395,0.6291565074160307,0.41286892548023846
656bb5b282d8f0267db9d167,7,white_high,black,1,0.045989800500276665,0.6173066213487949,0.5,0.2787719334580395,0.6396359427392204,0.41286892548023846
656bb5b282d8f0267db9d167,8,black_high,black,0,0.045989800500276665,0.6173066213487949,0.5,0.14794607230318657,0.6396359427392204,0.42176616343913326
656bb5b282d8f0267db9d167,9,black_high,black,1,0.045989800500276665,0.6981404272068437,0.5,0.14794607230318657,0.6448305911539156,0.42176616343913326
656bb5b282d8f0267db9d167,10,white_high,black,1,0.045989800500276665,0.7928718161075501,0.5,0.14794607230318657,0.650875121486154,0.42176616343913326
656bb5b282d8f0267db9d167,11,white_high,black,1,0.045989800500276665,0.7928718161075501,0.5,0.07851593967308146,0.650875121486154,0.4265090853873388
656bb5b282d8f0267db9d167,12,black_high,white,0,0.045989800500276665,0.7928718161075501,0.5,0.0416689181860368,0.650875121486154,0.4290317443678173
656bb5b282d8f0267db9d167,13,black_high,black,0,0.02564133120962328,0.7928718161075501,0.5,0.0416689181860368,0.6521672699466783,0.4290317443678173
656bb5b282d8f0267db9d167,14,white_high,black,0,0.02564133120962328,0.7517801114801225,0.5,0.0416689181860368,0.6495556190784374,0.4290317443678173
656bb5b282d8f0267db9d167,15,white_high,black,0,0.02564133120962328,0.7517801114801225,0.5,0.02323224977565269,0.6495556190784374,0.4302953686368539
656bb5b282d8f0267db9d167,16,white_high,black,0,0.02564133120962328,0.7517801114801225,0.5,0.012952998377077612,0.6495556190784374,0.4310002901716682
656bb5b282d8f0267db9d167,17,black_high,white,0,0.02564133120962328,0.7517801114801225,0.5,0.007221864803313549,0.6495556190784374,0.4313934364853606
656bb5b282d8f0267db9d167,18,white_high,black,0,0.014296166955489308,0.7517801114801225,0.5,0.007221864803313549,0.650277583748745,0.4313934364853606
656bb5b282d8f0267db9d167,19,white_high,white,1,0.014296166955489308,0.7517801114801225,0.5,0.004026506428784565,0.650277583748745,0.43161267038133083
656bb5b282d8f0267db9d167,20,white_high,white,1,0.014296166955489308,0.7517801114801225,0.5,0.004026506428784565,0.650277583748745,0.43161267038133083
656bb5b282d8f0267db9d167,21,black_high,white,0,0.014296166955489308,0.7517801114801225,0.5938587034440788,0.004026506428784565,0.650277583748745,0.4380639317349467
656bb5b282d8f0267db9d167,22,white_high,black,0,0.007970740206441378,0.7517801114801225,0.5938587034440788,0.004026506428784565,0.6506798120727603,0.4380639317349467
656bb5b282d8f0267db9d167,23,black_high,white,0,0.007970740206441378,0.7517801114801225,0.5938587034440788,0.0022449539644669985,0.6506798120727603,0.43818659444117525
656bb5b282d8f0267db9d167,24,white_high,white,0,0.004444037316882792,0.7517801114801225,0.5938587034440788,0.0022449539644669985,0.6509039789484876,0.43818659444117525
656bb5b282d8f0267db9d167,25,white_high,white,1,0.004444037316882792,0.7517801114801225,0.5080847311535491,0.0022449539644669985,0.6509039789484876,0.43228976597121943
656bb5b282d8f0267db9d167,26,white_high,white,1,0.004444037316882792,0.7517801114801225,0.4573612675126794,0.0022449539644669985,0.6509039789484876,0.42881150271961865
656bb5b282d8f0267db9d167,27,black_high,black,1,0.004444037316882792,0.7517801114801225,0.5712300516955523,0.0022449539644669985,0.6509039789484876,0.43662914244178824
656bb5b282d8f0267db9d167,28,black_high,white,1,0.004444037316882792,0.6805506891195123,0.5712300516955523,0.0022449539644669985,0.6463636160648548,0.43662914244178824
656bb5b282d8f0267db9d167,29,black_high,white,0,0.002358479413784185,0.6805506891195123,0.5712300516955523,0.0022449539644669985,0.6464969360119508,0.43662914244178824
656bb5b282d8f0267db9d167,30,white_high,black,0,0.001314955732403202,0.6805506891195123,0.5712300516955523,0.0022449539644669985,0.6465636350417997,0.43662914244178824
656bb5b282d8f0267db9d167,31,white_high,black,0,0.001314955732403202,0.6805506891195123,0.5712300516955523,0.0012516603143975123,0.6465636350417997,0.43669748142695763
656bb5b282d8f0267db9d167,32,black_high,black,0,0.001314955732403202,0.6805506891195123,0.5712300516955523,0.0006978555317545843,0.6465636350417997,0.43673558445285776
656bb5b282d8f0267db9d167,33,black_high,white,0,0.001314955732403202,0.733401769311232,0.5712300516955523,0.0006978555317545843,0.6499342157777676,0.43673558445285776
656bb5b282d8f0267db9d167,34,black_high,black,1,0.0007331455038675461,0.733401769311232,0.5712300516955523,0.0006978555317545843,0.6499712382952613,0.43673558445285776
656bb5b282d8f0267db9d167,35,white_high,black,0,0.0007331455038675461,0.7646558872318191,0.5712300516955523,0.0006978555317545843,0.6519573767006743,0.43673558445285776
656bb5b282d8f0267db9d167,36,white_high,white,0,0.0007331455038675461,0.7646558872318191,0.5712300516955523,0.00038908507172322757,0.6519573767006743,0.4367568288855338
656bb5b282d8f0267db9d167,37,black_high,white,0,0.0007331455038675461,0.7646558872318191,0.6724507183881467,0.00038908507172322757,0.6519573767006743,0.4437332096412593
656bb5b282d8f0267db9d167,38,black_high,black,0,0.0004087607792384489,0.7646558872318191,0.6724507183881467,0.00038908507172322757,0.6519779631842697,0.4437332096412593
656bb5b282d8f0267db9d167,39,white_high,black,0,0.0004087607792384489,0.7360484933861183,0.6724507183881467,0.00038908507172322757,0.6501602716350675,0.4437332096412593
656bb5b282d8f0267db9d167,40,white_high,black,1,0.0004087607792384489,0.7360484933861183,0.6724507183881467,0.00021693199544788828,0.6501602716350675,0.44374509458572037
656bb5b282d8f0267db9d167,41,white_high,black,0,0.0004087607792384489,0.7360484933861183,0.6724507183881467,0.00011512721630651033,0.6501602716350675,0.4437521229199663
656bb5b282d8f0267db9d167,42,black_high,black,1,0.0004087607792384489,0.7360484933861183,0.6724507183881467,6.418847336681565e-05,0.6501602716350675,0.4437556396052808
656bb5b282d8f0267db9d167,43,black_high,black,1,0.0004087607792384489,0.6722018174124114,0.6724507183881467,6.418847336681565e-05,0.6460877959108969,0.4437556396052808
656bb5b282d8f0267db9d167,44,black_high,black,1,0.0004087607792384489,0.7321766760133149,0.6724507183881467,6.418847336681565e-05,0.6499139224502607,0.4437556396052808
656bb5b282d8f0267db9d167,45,white_high,black,1,0.0004087607792384489,0.7170763705545653,0.6724507183881467,6.418847336681565e-05,0.6489523833435704,0.4437556396052808
65ccca52871269168cc029b5,0,black_high,white,0,0.5,0.5,0.5,0.5,0.18271146472260502,0.8172885352773949
65ccca52871269168cc029b5,1,black_high,black,0,0.3105976373776964,0.5,0.5,0.5,0.21570962865213975,0.8172885352773949
65ccca52871269168cc029b5,2,white_high,white,0,0.3105976373776964,0.5757609450489214,0.5,0.5,0.23006380024278938,0.8172885352773949
65ccca52871269168cc029b5,3,white_high,white,0,0.3105976373776964,0.5757609450489214,0.6515218900978429,0.5,0.23006380024278938,0.8407573917879433
65ccca52871269168cc029b5,4,white_high,white,0,0.3105976373776964,0.5757609450489214,0.7456465722486288,0.5,0.23006380024278938,0.8540670463735294
65ccca52871269168cc029b5,5,black_high,white,0,0.3105976373776964,0.5757609450489214,0.8041163800385503,0.5,0.23006380024278938,0.8618615441224738
65ccca52871269168cc029b5,6,black_high,white,0,0.19294178468921397,0.5757609450489214,0.8041163800385503,0.5,0.25365444473972176,0.8618615441224738
65ccca52871269168cc029b5,7,white_high,white,0,0.1198545249518121,0.5757609450489214,0.8041163800385503,0.5,0.2690896660853161,0.8618615441224738
65ccca52871269168cc029b5,8,black_high,white,0,0.1198545249518121,0.5757609450489214,0.7646766033045842,0.5,0.2690896660853161,0.8566431474701419
65ccca52871269168cc029b5,9,black_high,white,1,0.074453064558118,0.5757609450489214,0.7646766033045842,0.5,0.278971438184922,0.8566431474701419
65ccca52871269168cc029b5,10,black_high,white,1,0.037735443515507144,0.5757609450489214,0.7646766033045842,0.5,0.2871238330396438,0.8566431474701419
65ccca52871269168cc029b5,11,white_high,white,0,0.01912565595201908,0.5757609450489214,0.7646766033045842,0.5,0.29130964747840293,0.8566431474701419
65ccca52871269168cc029b5,12,black_high,white,0,0.01912565595201908,0.5757609450489214,0.7780572728844974,0.5,0.29130964747840293,0.8584317360442625
65ccca52871269168cc029b5,13,white_high,white,0,0.011880767103991606,0.5757609450489214,0.7780572728844974,0.5,0.2929488913974043,0.8584317360442625
65ccca52871269168cc029b5,14,black_high,black,0,0.011880767103991606,0.5757609450489214,0.748488809076142,0.5,0.2929488913974043,0.8544542246648362
65ccca52871269168cc029b5,15,black_high,white,1,0.011880767103991606,0.6607037586487752,0.748488809076142,0.5,0.3125632125639912,0.8544542246648362
65ccca52871269168cc029b5,16,white_high,white,1,0.006021592511126359,0.6607037586487752,0.748488809076142,0.5,0.3139423623976744,0.8544542246648362
65ccca52871269168cc029b5,17,black_high,white,1,0.006021592511126359,0.6607037586487752,0.7245758415303196,0.5,0.3139423623976744,0.851170043563094
65ccca52871269168cc029b5,18,white_high,white,1,0.0030519558251310935,0.6607037586487752,0.7245758415303196,0.5,0.3146426231504635,0.851170043563094
65ccca52871269168cc029b5,19,black_high,black,0,0.0030519558251310935,0.6607037586487752,0.7617723717817475,0.5,0.3146426231504635,0.8562524636451848
65ccca52871269168cc029b5,20,white_high,white,0,0.0030519558251310935,0.7513503056058931,0.7617723717817475,0.5,0.3364129819356382,0.8562524636451848
65ccca52871269168cc029b5,21,black_high,white,0,0.0030519558251310935,0.7513503056058931,0.7762531779857157,0.5,0.3364129819356382,0.8581916748362776
65ccca52871269168cc029b5,22,white_high,white,0,0.001895860537333631,0.7513503056058931,0.7762531779857157,0.5,0.33669542945784203,0.8581916748362776
65ccca52871269168cc029b5,23,white_high,black,0,0.001895860537333631,0.7513503056058931,0.7473681138498085,0.5,0.33669542945784203,0.8543016619647341
65ccca52871269168cc029b5,24,white_high,white,0,0.001895860537333631,0.7513503056058931,0.7473681138498085,0.3105976373776964,0.33669542945784203,0.8782523932101413
65ccca52871269168cc029b5,25,black_high,black,0,0.001895860537333631,0.7513503056058931,0.805185793546498,0.3105976373776964,0.33669542945784203,0.8848564807578138
65ccca52871269168cc029b5,26,black_high,white,0,0.001895860537333631,0.8076595122485476,0.805185793546498,0.3105976373776964,0.3505906784706421,0.8848564807578138
65ccca52871269168cc029b5,27,black_high,white,0,0.0011776996073868716,0.8076595122485476,0.805185793546498,0.3105976373776964,0.3507696052381502,0.8848564807578138
65ccca52871269168cc029b5,28,black_high,white,0,0.0007315814311900059,0.8076595122485476,0.805185793546498,0.3105976373776964,0.3508807748358043,0.8848564807578138
65ccca52871269168cc029b5,29,white_high,black,1,0.0004544549281540192,0.8076595122485476,0.805185793546498,0.3105976373776964,0.3509498410150074,0.8848564807578138
65ccca52871269168cc029b5,30,white_high,white,1,0.0004544549281540192,0.8076595122485476,0.805185793546498,0.15742185591523894,0.3509498410150074,0.9008626047073472
65ccca52871269168cc029b5,31,white_high,white,0,0.0004544549281540192,0.8076595122485476,0.7039954093026538,0.15742185591523894,0.3509498410150074,0.8905261574042724
65ccca52871269168cc029b5,32,black_high,white,0,0.0004544549281540192,0.8076595122485476,0.7782428744284438,0.15742185591523894,0.3509498410150074,0.8981984748218497
65ccca52871269168cc029b5,33,white_high,white,0,0.00028230525395857824,0.8076595122485476,0.7782428744284438,0.15742185591523894,0.3509927477430337,0.8981984748218497
65ccca52871269168cc029b5,34,black_high,white,0,0.00028230525395857824,0.8076595122485476,0.8622455214516109,0.15742185591523894,0.3509927477430337,0.9063005714603762
65ccca52871269168cc029b5,35,black_high,white,0,0.00017536668979768993,0.8076595122485476,0.8622455214516109,0.15742185591523894,0.3510194024125998,0.9063005714603762
65ccca52871269168cc029b5,36,black_high,black,0,0.00010893695905181973,0.8076595122485476,0.8622455214516109,0.15742185591523894,0.35103596063533515,0.9063005714603762
65ccca52871269168cc029b5,37,white_high,white,0,0.00010893695905181973,0.7668775802912681,0.8622455214516109,0.15742185591523894,0.3409393665406062,0.9063005714603762
65ccca52871269168cc029b5,38,black_high,black,0,0.00010893695905181973,0.7668775802912681,0.8007861512759654,0.15742185591523894,0.3409393665406062,0.900431844913829
65ccca52871269168cc029b5,39,white_high,white,0,0.00010893695905181973,0.74154403686401,0.8007861512759654,0.15742185591523894,0.33473862169552293,0.900431844913829
65ccca52871269168cc029b5,40,white_high,white,0,0.00010893695905181973,0.74154403686401,0.8004883534578726,0.15742185591523894,0.33473862169552293,0.9004026280785076
65ccca52871269168cc029b5,41,white_high,white,0,0.00010893695905181973,0.74154403686401,0.7624228903359802,0.15742185591523894,0.33473862169552293,0.8966047650455604
65ccca52871269168cc029b5,42,black_high,black,0,0.00010893695905181973,0.74154403686401,0.8145377495622065,0.15742185591523894,0.33473862169552293,0.9017727289028583
65ccca52871269168cc029b5,43,black_high,white,1,0.00010893695905181973,0.8015679044431083,0.8145377495622065,0.15742185591523894,0.3495190665072015,0.9017727289028583
65ccca52871269168cc029b5,44,white_high,white,0,5.5213099547328695e-05,0.8015679044431083,0.8145377495622065,0.15742185591523894,0.3495324312368893,0.9017727289028583
65ccca52871269168cc029b5,45,white_high,white,0,5.5213099547328695e-05,0.8015679044431083,0.7711503088091592,0.15742185591523894,0.3495324312368893,0.8974866787305514
65ccca52871269168cc029b5,46,white_high,white,1,5.5213099547328695e-05,0.8015679044431083,0.8199591806785582,0.15742185591523894,0.3495324312368893,0.9022969225082152
65ccca52871269168cc029b5,47,white_high,black,1,5.5213099547328695e-05,0.8015679044431083,0.8101160179178872,0.15742185591523894,0.3495324312368893,0.9013433413886819
65f2f5ae1f9747ed36bd7226,0,white_high,white,0,0.5,0.5,0.5,0.5,0.40808320053649344,0.5919167994635066
65f2f5ae1f9747ed36bd7226,1,white_high,black,0,0.5,0.5,0.6684349023647917,0.5,0.40808320053649344,0.628145916225032
65f2f5ae1f9747ed36bd7226,2,black_high,white,0,0.5,0.5,0.6684349023647917,0.2894563720440103,0.40808320053649344,0.67144787847752
65f2f5ae1f9747ed36bd7226,3,white_high,white,0,0.2894563720440103,0.5,0.6684349023647917,0.2894563720440103,0.4547677342925601,0.67144787847752
65f2f5ae1f9747ed36bd7226,4,white_high,white,0,0.2894563720440103,0.5,0.7659440138929912,0.2894563720440103,0.4547677342925601,0.6906058625896279
65f2f5ae1f9747ed36bd7226,5,white_high,black,0,0.2894563720440103,0.5,0.6118496532653763,0.2894563720440103,0.4547677342925601,0.6600575330469198
65f2f5ae1f9747ed36bd7226,6,black_high,white,0,0.2894563720440103,0.5,0.6118496532653763,0.16756998263376105,0.4547677342925601,0.6843458121148022
65f2f5ae1f9747ed36bd7226,7,white_high,black,0,0.16756998263376105,0.5,0.6118496532653763,0.16756998263376105,0.48221760604779945,0.6843458121148022
65f2f5ae1f9747ed36bd7226,8,white_high,white,0,0.16756998263376105,0.5,0.6118496532653763,0.09700839847329257,0.48221760604779945,0.6979700862172574
65f2f5ae1f9747ed36bd7226,9,black_high,white,0,0.16756998263376105,0.5,0.6068599152883506,0.09700839847329257,0.48221760604779945,0.6970176489196354
65f2f5ae1f9747ed36bd7226,10,white_high,white,0,0.09700839847329257,0.5,0.6068599152883506,0.09700839847329257,0.4981686336099737,0.6970176489196354
65f2f5ae1f9747ed36bd7226,11,black_high,white,1,0.09700839847329257,0.5,0.6881887435661863,0.09700839847329257,0.4981686336099737,0.7123266474210594
65f2f5ae1f9747ed36bd7226,12,black_high,black,0,0.0478799133769966,0.5,0.6881887435661863,0.09700839847329257,0.5092786772940543,0.7123266474210594
65f2f5ae1f9747ed36bd7226,13,white_high,white,0,0.0478799133769966,0.6263261767735938,0.6881887435661863,0.09700839847329257,0.5377780982703673,0.7123266474210594
65f2f5ae1f9747ed36bd7226,14,white_high,white,0,0.0478799133769966,0.6263261767735938,0.5668361363531799,0.09700839847329257,0.5377780982703673,0.689317042297177
65f2f5ae1f9747ed36bd7226,15,black_high,white,0,0.0478799133769966,0.6263261767735938,0.7071271934652522,0.09700839847329257,0.5377780982703673,0.7158246492203412
65f2f5ae1f9747ed36bd7226,16,black_high,black,0,0.027718292039773825,0.6263261767735938,0.7071271934652522,0.09700839847329257,0.542308662108318,0.7158246492203412
65f2f5ae1f9747ed36bd7226,17,white_high,white,0,0.027718292039773825,0.6994580104197434,0.7071271934652522,0.09700839847329257,0.5586782662153593,0.7158246492203412
65f2f5ae1f9747ed36bd7226,18,black_high,black,0,0.027718292039773825,0.6994580104197434,0.7462347487178134,0.09700839847329257,0.5586782662153593,0.7229661517015654
65f2f5ae1f9747ed36bd7226,19,white_high,white,0,0.027718292039773825,0.7839036865072224,0.7462347487178134,0.09700839847329257,0.577420709123345,0.7229661517015654
65f2f5ae1f9747ed36bd7226,20,white_high,black,0,0.027718292039773825,0.7839036865072224,0.8109833364348453,0.09700839847329257,0.577420709123345,0.734543459931431
65f2f5ae1f9747ed36bd7226,21,black_high,black,0,0.027718292039773825,0.7839036865072224,0.8109833364348453,0.05615939815975795,0.577420709123345,0.7416864447000782
65f2f5ae1f9747ed36bd7226,22,black_high,white,0,0.027718292039773825,0.7906816389861951,0.8109833364348453,0.05615939815975795,0.5789161730874728,0.7416864447000782
65f2f5ae1f9747ed36bd7226,23,black_high,black,0,0.016046472506178605,0.7906816389861951,0.8109833364348453,0.05615939815975795,0.5814879979311139,0.7416864447000782
65f2f5ae1f9747ed36bd7226,24,black_high,white,0,0.016046472506178605,0.7946054820550954,0.8109833364348453,0.05615939815975795,0.5823516097708582,0.7416864447000782
65f2f5ae1f9747ed36bd7226,25,black_high,black,0,0.009289507431484833,0.7946054820550954,0.8109833364348453,0.05615939815975795,0.5838375871423622,0.7416864447000782
65f2f5ae1f9747ed36bd7226,26,black_high,black,1,0.009289507431484833,0.8389857704046811,0.8109833364348453,0.05615939815975795,0.5935586075948444,0.7416864447000782
65f2f5ae1f9747ed36bd7226,27,white_high,black,0,0.009289507431484833,0.8698855349251815,0.8109833364348453,0.05615939815975795,0.6002843234873887,0.7416864447000782
65f2f5ae1f9747ed36bd7226,28,white_high,white,0,0.009289507431484833,0.8698855349251815,0.8109833364348453,0.03251139129499721,0.6002843234873887,0.7457639095283125
65f2f5ae1f9747ed36bd7226,29,white_high,white,0,0.009289507431484833,0.8698855349251815,0.8484671190259362,0.03251139129499721,0.6002843234873887,0.7521395042775364
65f2f5ae1f9747ed36bd7226,30,black_high,black,0,0.009289507431484833,0.8698855349251815,0.7438407816909496,0.03251139129499721,0.6002843234873887,0.7340765270111342
65f2f5ae1f9747ed36bd7226,31,black_high,white,0,0.009289507431484833,0.7141314500220022,0.7438407816909496,0.03251139129499721,0.5660482027995364,0.7340765270111342
65f2f5ae1f9747ed36bd7226,32,black_high,black,0,0.005377814238386945,0.7141314500220022,0.7438407816909496,0.03251139129499721,0.5669172474513983,0.7340765270111342
65f2f5ae1f9747ed36bd7226,33,white_high,black,0,0.005377814238386945,0.7923983276925759,0.7438407816909496,0.03251139129499721,0.584212206248303,0.7340765270111342
65f2f5ae1f9747ed36bd7226,34,white_high,white,0,0.005377814238386945,0.7923983276925759,0.7438407816909496,0.018821258748706222,0.584212206248303,0.7364871387866766
65f2f5ae1f9747ed36bd7226,35,black_high,white,0,0.005377814238386945,0.7923983276925759,0.8095974384140674,0.018821258748706222,0.584212206248303,0.7478685920472838
65f2f5ae1f9747ed36bd7226,36,black_high,black,0,0.003113285197940215,0.7923983276925759,0.8095974384140674,0.018821258748706222,0.584709748004644,0.7478685920472838
65f2f5ae1f9747ed36bd7226,37,white_high,black,0,0.003113285197940215,0.6271643926600594,0.8095974384140674,0.018821258748706222,0.5480160031066744,0.7478685920472838
65f2f5ae1f9747ed36bd7226,38,black_high,black,0,0.003113285197940215,0.6271643926600594,0.8095974384140674,0.010895866549404184,0.5480160031066744,0.7492181277278406
65f2f5ae1f9747ed36bd7226,39,black_high,white,0,0.003113285197940215,0.6578345386875174,0.8095974384140674,0.010895866549404184,0.5548789472320539,0.7492181277278406
65f2f5ae1f9747ed36bd7226,40,white_high,white,0,0.0018023204770681862,0.6578345386875174,0.8095974384140674,0.010895866549404184,0.5551718499618025,0.7492181277278406
65f2f5ae1f9747ed36bd7226,41,black_high,white,0,0.0018023204770681862,0.6578345386875174,0.7634473538173056,0.010895866549404184,0.5551718499618025,0.7412923849315879
65f2f5ae1f9747ed36bd7226,42,black_high,black,0,0.001043386293105574,0.6578345386875174,0.7634473538173056,0.010895866549404184,0.5553413975805874,0.7412923849315879
65f2f5ae1f9747ed36bd7226,43,white_high,black,0,0.001043386293105574,0.7598073282682494,0.7634473538173056,0.010895866549404184,0.5779897997434623,0.7412923849315879
65f2f5ae1f9747ed36bd7226,44,white_high,white,0,0.001043386293105574,0.7598073282682494,0.7634473538173056,0.006307756003332449,0.5779897997434623,0.7420875945236444
65f2f5ae1f9747ed36bd7226,45,black_high,white,0,0.001043386293105574,0.7598073282682494,0.8209479328858957,0.006307756003332449,0.5779897997434623,0.7519175681570117
65f2f5ae1f9747ed36bd7226,46,white_high,white,0,0.0006040296220855756,0.7598073282682494,0.8209479328858957,0.006307756003332449,0.578086746040864,0.7519175681570117
65f2f5ae1f9747ed36bd7226,47,white_high,white,0,0.0006040296220855756,0.7598073282682494,0.8121270253099456,0.006307756003332449,0.578086746040864,0.7504260261684308
65feaaac53eb219f09ad5ea0,0,white_high,black,0,0.5,0.5,0.5,0.5,0.7013177746696708,0.2986822253303292
65feaaac53eb219f09ad5ea0,1,white_high,white,0,0.5,0.5,0.5,0.26558265233218814,0.7013177746696708,0.32419290567828524
65feaaac53eb219f09ad5ea0,2,white_high,white,0,0.5,0.5,0.40623306093287526,0.26558265233218814,0.7013177746696708,0.31385158866629975
65feaaac53eb219f09ad5ea0,3,white_high,black,0,0.5,0.5,0.3095438466422776,0.26558265233218814,0.7013177746696708,0.30337826907202997
65feaaac53eb219f09ad5ea0,4,black_high,white,0,0.5,0.5,0.3095438466422776,0.14106829043959984,0.7013177746696708,0.31690170887672
65feaaac53eb219f09ad5ea0,5,white_high,black,0,0.26558265233218814,0.5,0.3095438466422776,0.14106829043959984,0.725636000507028,0.31690170887672
65feaaac53eb219f09ad5ea0,6,black_high,black,0,0.26558265233218814,0.5,0.3095438466422776,0.07493058146983278,0.725636000507028,0.32421469821917154
65feaaac53eb219f09ad5ea0,7,black_high,white,1,0.26558265233218814,0.6875338781342495,0.3095438466422776,0.07493058146983278,0.7441787633554353,0.32421469821917154
65feaaac53eb219f09ad5ea0,8,black_high,black,1,0.13192555234979395,0.6875338781342495,0.3095438466422776,0.07493058146983278,0.7568817506524744,0.32421469821917154
65feaaac53eb219f09ad5ea0,9,white_high,white,0,0.13192555234979395,0.7944595581201649,0.3095438466422776,0.07493058146983278,0.7667311300007627,0.32421469821917154
65feaaac53eb219f09ad5ea0,10,white_high,black,0,0.13192555234979395,0.7944595581201649,0.3988362992765402,0.07493058146983278,0.7667311300007627,0.33422522012540334
65feaaac53eb219f09ad5ea0,11,white_high,white,0,0.13192555234979395,0.7944595581201649,0.3988362992765402,0.0398005251351026,0.7667311300007627,0.3382055639865739
65feaaac53eb219f09ad5ea0,12,white_high,black,0,0.13192555234979395,0.7944595581201649,0.3993818825506853,0.0398005251351026,0.7667311300007627,0.33826756305290806
65feaaac53eb219f09ad5ea0,13,black_high,black,1,0.13192555234979395,0.7944595581201649,0.3993818825506853,0.02114065805918894,0.7667311300007627,0.3403913687168277
65feaaac53eb219f09ad5ea0,14,white_high,black,0,0.13192555234979395,0.6965958596671127,0.3993818825506853,0.02114065805918894,0.7577273328305214,0.3403913687168277
65feaaac53eb219f09ad5ea0,15,black_high,black,1,0.13192555234979395,0.6965958596671127,0.3993818825506853,0.011229184078814496,0.7577273328305214,0.34152208050842686
65feaaac53eb219f09ad5ea0,16,white_high,black,0,0.13192555234979395,0.5976570463037093,0.3993818825506853,0.011229184078814496,0.7483872368019198,0.34152208050842686
65feaaac53eb219f09ad5ea0,17,white_high,white,0,0.13192555234979395,0.5976570463037093,0.3993818825506853,0.0059645529823558665,0.7483872368019198,0.34212340995248225
65feaaac53eb219f09ad5ea0,18,black_high,black,0,0.13192555234979395,0.5976570463037093,0.5403220860574035,0.0059645529823558665,0.7483872368019198,0.3584054784300681
65feaaac53eb219f09ad5ea0,19,white_high,black,0,0.13192555234979395,0.69252244335322,0.5403220860574035,0.0059645529823558665,0.7573474861498861,0.3584054784300681
65feaaac53eb219f09ad5ea0,20,black_high,black,1,0.13192555234979395,0.69252244335322,0.5403220860574035,0.0031681636020598684,0.7573474861498861,0.3587320068228651
65feaaac53eb219f09ad5ea0,21,black_high,white,1,0.13192555234979395,0.7969375784884625,0.5403220860574035,0.0031681636020598684,0.7669560664147775,0.3587320068228651
65feaaac53eb219f09ad5ea0,22,white_high,black,1,0.06553271160583574,0.7969375784884625,0.5403220860574035,0.0031681636020598684,0.772926407250632,0.3587320068228651
65feaaac53eb219f09ad5ea0,23,black_high,white,0,0.06553271160583574,0.7969375784884625,0.5403220860574035,0.001573753893433817,0.772926407250632,0.3589182412829657
65feaaac53eb219f09ad5ea0,24,black_high,black,1,0.034808702725596455,0.7969375784884625,0.5403220860574035,0.001573753893433817,0.7756524315140623,0.3589182412829657
65feaaac53eb219f09ad5ea0,25,white_high,white,1,0.034808702725596455,0.8488047627922233,0.5403220860574035,0.001573753893433817,0.7802014328449886,0.3589182412829657
65feaaac53eb219f09ad5ea0,26,white_high,black,0,0.034808702725596455,0.8488047627922233,0.46970360657006904,0.001573753893433817,0.7802014328449886,0.35071112417054123
65feaaac53eb219f09ad5ea0,27,white_high,black,0,0.034808702725596455,0.8488047627922233,0.46970360657006904,0.0008359234662725218,0.7802014328449886,0.35079642811791845
65feaaac53eb219f09ad5ea0,28,black_high,black,0,0.034808702725596455,0.8488047627922233,0.46970360657006904,0.00044401354263874556,0.7802014328449886,0.3508417424931621
65feaaac53eb219f09ad5ea0,29,white_high,black,0,0.034808702725596455,0.7790399271640415,0.46970360657006904,0.00044401354263874556,0.7740672773595915,0.3508417424931621
65feaaac53eb219f09ad5ea0,30,black_high,black,1,0.034808702725596455,0.7790399271640415,0.46970360657006904,0.00023584458865081833,0.7740672773595915,0.3508658130109285
65feaaac53eb219f09ad5ea0,31,black_high,white,1,0.034808702725596455,0.7392623010472882,0.46970360657006904,0.00023584458865081833,0.7705159310307955,0.3508658130109285
65feaaac53eb219f09ad5ea0,32,black_high,black,0,0.017290878351159267,0.7392623010472882,0.46970360657006904,0.00023584458865081833,0.7720847349032425,0.3508658130109285
65feaaac53eb219f09ad5ea0,33,black_high,white,1,0.017290878351159267,0.7677382416311697,0.46970360657006904,0.00023584458865081833,0.7746187240084181,0.3508658130109285
65feaaac53eb219f09ad5ea0,34,black_high,white,0,0.008589072580827277,0.7677382416311697,0.46970360657006904,0.00023584458865081833,0.7753890751112534,0.3508658130109285
65feaaac53eb219f09ad5ea0,35,black_high,black,1,0.004562217354179562,0.7677382416311697,0.46970360657006904,0.00023584458865081833,0.7757449298538952,0.3508658130109285
65feaaac53eb219f09ad5ea0,36,black_high,black,1,0.004562217354179562,0.6833223103356034,0.46970360657006904,0.00023584458865081833,0.7682012703333541,0.3508658130109285
65feaaac53eb219f09ad5ea0,37,white_high,black,1,0.004562217354179562,0.7420415131760179,0.46970360657006904,0.00023584458865081833,0.7734672179595631,0.3508658130109285
65feaaac53eb219f09ad5ea0,38,white_high,black,1,0.004562217354179562,0.7420415131760179,0.46970360657006904,0.00011715346372681058,0.7734672179595631,0.3508795375720738
65feaaac53eb219f09ad5ea0,39,black_high,black,0,0.004562217354179562,0.7420415131760179,0.46970360657006904,5.819482287766072e-05,0.7734672179595631,0.35088635520359535
65feaaac53eb219f09ad5ea0,40,white_high,black,0,0.004562217354179562,0.7692144626882533,0.46970360657006904,5.819482287766072e-05,0.7758752836342817,0.35088635520359535
65feaaac53eb219f09ad5ea0,41,black_high,black,0,0.004562217354179562,0.7692144626882533,0.46970360657006904,3.0911070823702076e-05,0.7758752836342817,0.35088951015730196
65feaaac53eb219f09ad5ea0,42,black_high,black,0,0.004562217354179562,0.8774147297616743,0.46970360657006904,3.0911070823702076e-05,0.7852827153567243,0.35088951015730196
65feaaac53eb219f09ad5ea0,43,white_high,black,0,0.004562217354179562,0.8880034880529325,0.46970360657006904,3.0911070823702076e-05,0.7861877647439834,0.35088951015730196
65feaaac53eb219f09ad5ea0,44,white_high,black,0,0.004562217354179562,0.8880034880529325,0.46970360657006904,1.6418888351573825e-05,0.7861877647439834,0.3508911859645486
65feaaac53eb219f09ad5ea0,45,black_high,black,0,0.004562217354179562,0.8880034880529325,0.46970360657006904,8.721143833514091e-06,0.7861877647439834,0.3508920760967105
65ff850ad8ac7b0e4cf9ec57,0,white_high,black,0,0.5,0.5,0.5,0.5,0.4695053991421177,0.5304946008578824
65ff850ad8ac7b0e4cf9ec57,1,black_high,white,1,0.5,0.5,0.5,0.2836571274038713,0.4695053991421177,0.5461964451264527
65ff850ad8ac7b0e4cf9ec57,2,white_high,black,0,0.24727945012235125,0.5,0.5,0.2836571274038713,0.48792201566126864,0.5461964451264527
65ff850ad8ac7b0e4cf9ec57,3,black_high,black,0,0.24727945012235125,0.5,0.5,0.1609227318540321,0.48792201566126864,0.555065651016616
65ff850ad8ac7b0e4cf9ec57,4,black_high,white,0,0.24727945012235125,0.4134628509615485,0.5,0.1609227318540321,0.48160953420832986,0.555065651016616
65ff850ad8ac7b0e4cf9ec57,5,black_high,white,0,0.14028515697543004,0.4134628509615485,0.5,0.1609227318540321,0.48941490716051406,0.555065651016616
65ff850ad8ac7b0e4cf9ec57,6,white_high,black,0,0.07958576929010328,0.4134628509615485,0.5,0.1609227318540321,0.49384554685490295,0.555065651016616
65ff850ad8ac7b0e4cf9ec57,7,white_high,black,0,0.07958576929010328,0.4134628509615485,0.5,0.0912937597033964,0.49384554685490295,0.560082094778405
65ff850ad8ac7b0e4cf9ec57,8,black_high,white,0,0.07958576929010328,0.4134628509615485,0.5,0.05179225125472944,0.49384554685490295,0.5629226153687974
65ff850ad8ac7b0e4cf9ec57,9,white_high,white,0,0.045150141398115864,0.4134628509615485,0.5,0.05179225125472944,0.49635958639812966,0.5629226153687974
65ff850ad8ac7b0e4cf9ec57,10,black_high,white,1,0.045150141398115864,0.4134628509615485,0.5432685745192257,0.05179225125472944,0.49635958639812966,0.5660292868350587
65ff850ad8ac7b0e4cf9ec57,11,white_high,black,0,0.022329404275744997,0.4134628509615485,0.5432685745192257,0.05179225125472944,0.49802576770146995,0.5660292868350587
65ff850ad8ac7b0e4cf9ec57,12,black_high,black,1,0.022329404275744997,0.4134628509615485,0.5432685745192257,0.029382482425392202,0.49802576770146995,0.5676362805628508
65ff850ad8ac7b0e4cf9ec57,13,white_high,black,0,0.022329404275744997,0.40665817276570176,0.5432685745192257,0.029382482425392202,0.4975289401685449,0.5676362805628508
65ff850ad8ac7b0e4cf9ec57,14,black_high,black,0,0.022329404275744997,0.40665817276570176,0.5432685745192257,0.016669101121562967,0.4975289401685449,0.5685473208528983
65ff850ad8ac7b0e4cf9ec57,15,black_high,white,0,0.022329404275744997,0.31724012728250384,0.5432685745192257,0.016669101121562967,0.49100111458624135,0.5685473208528983
65ff850ad8ac7b0e4cf9ec57,16,black_high,white,0,0.012667789346995093,0.31724012728250384,0.5432685745192257,0.016669101121562967,0.4917063375512926,0.5685473208528983
65ff850ad8ac7b0e4cf9ec57,17,white_high,black,0,0.007186617473451981,0.31724012728250384,0.5432685745192257,0.016669101121562967,0.49210643544709337,0.5685473208528983
65ff850ad8ac7b0e4cf9ec57,18,black_high,white,0,0.007186617473451981,0.31724012728250384,0.5432685745192257,0.0094566186810944,0.49210643544709337,0.5690639612538078
65ff850ad8ac7b0e4cf9ec57,19,white_high,black,0,0.004077070536539712,0.31724012728250384,0.5432685745192257,0.0094566186810944,0.4923334212149098,0.5690639612538078
65ff850ad8ac7b0e4cf9ec57,20,black_high,white,0,0.004077070536539712,0.31724012728250384,0.5432685745192257,0.005364874580066047,0.4923334212149098,0.5693569919669264
65ff850ad8ac7b0e4cf9ec57,21,white_high,white,0,0.00231298023323563,0.31724012728250384,0.5432685745192257,0.005364874580066047,0.4924621948878564,0.5693569919669264
65ff850ad8ac7b0e4cf9ec57,22,white_high,black,0,0.00231298023323563,0.31724012728250384,0.5678154536291935,0.005364874580066047,0.4924621948878564,0.5711138928765506
65ff850ad8ac7b0e4cf9ec57,23,white_high,black,1,0.00231298023323563,0.31724012728250384,0.5678154536291935,0.00304356982452717,0.4924621948878564,0.5712799442924241
65ff850ad8ac7b0e4cf9ec57,24,black_high,white,1,0.00231298023323563,0.31724012728250384,0.5678154536291935,0.0015052245452361194,0.4924621948878564,0.5713899789151899
65ff850ad8ac7b0e4cf9ec57,25,black_high,black,1,0.0011439049604367486,0.31724012728250384,0.5678154536291935,0.0015052245452361194,0.49254753467490275,0.5713899789151899
65ff850ad8ac7b0e4cf9ec57,26,white_high,black,1,0.0011439049604367486,0.35907036836444356,0.5678154536291935,0.0015052245452361194,0.49560129323314794,0.5713899789151899
65ff850ad8ac7b0e4cf9ec57,27,white_high,white,1,0.0011439049604367486,0.35907036836444356,0.5678154536291935,0.0007444221957133077,0.49560129323314794,0.5714443949092827
65ff850ad8ac7b0e4cf9ec57,28,black_high,black,0,0.0011439049604367486,0.35907036836444356,0.6346269561175091,0.0007444221957133077,0.49560129323314794,0.5762161735697656
65ff850ad8ac7b0e4cf9ec57,29,white_high,black,0,0.0011439049604367486,0.3767800365291189,0.6346269561175091,0.0007444221957133077,0.49689427501139155,0.5762161735697656
65ff850ad8ac7b0e4cf9ec57,30,black_high,white,0,0.0011439049604367486,0.3767800365291189,0.6346269561175091,0.0004223213232234386,0.49689427501139155,0.576239144854346
65ff850ad8ac7b0e4cf9ec57,31,white_high,white,0,0.0006489535902010543,0.3767800365291189,0.6346269561175091,0.0004223213232234386,0.49693041205754096,0.576239144854346
65ff850ad8ac7b0e4cf9ec57,32,white_high,white,0,0.0006489535902010543,0.3767800365291189,0.40330149320993636,0.0004223213232234386,0.49693041205754096,0.5596627372720319
65ff850ad8ac7b0e4cf9ec57,33,white_high,white,0,0.0006489535902010543,0.3767800365291189,0.5316787077178251,0.0004223213232234386,0.49693041205754096,0.5688809193076924
65ff850ad8ac7b0e4cf9ec57,34,white_high,white,0,0.0006489535902010543,0.3767800365291189,0.6477775060198875,0.0004223213232234386,0.49693041205754096,0.5771767208903654
65ff850ad8ac7b0e4cf9ec57,35,black_high,black,0,0.0006489535902010543,0.3767800365291189,0.7569105837819221,0.0004223213232234386,0.49693041205754096,0.5849353878355692
65ff850ad8ac7b0e4cf9ec57,36,black_high,white,1,0.0006489535902010543,0.47336413276530553,0.7569105837819221,0.0004223213232234386,0.5039822892568423,0.5849353878355692
65ff850ad8ac7b0e4cf9ec57,37,black_high,black,1,0.0003209457738796848,0.47336413276530553,0.7569105837819221,0.0004223213232234386,0.5040062369209654,0.5849353878355692
65ff850ad8ac7b0e4cf9ec57,38,black_high,white,1,0.0003209457738796848,0.3857387748422861,0.7569105837819221,0.0004223213232234386,0.4976084550561656,0.5849353878355692
65ff850ad8ac7b0e4cf9ec57,39,black_high,white,1,0.00015872658896812187,0.3857387748422861,0.7569105837819221,0.0004223213232234386,0.4976202990728283,0.5849353878355692
65ff850ad8ac7b0e4cf9ec57,40,black_high,white,1,7.849964727966728e-05,0.3857387748422861,0.7569105837819221,0.0004223213232234386,0.49762615663767124,0.5849353878355692
65ff850ad8ac7b0e4cf9ec57,41,black_high,white,0,3.88226992282293e-05,0.3857387748422861,0.7569105837819221,0.0004223213232234386,0.4976290535487391,0.5849353878355692
65ff850ad8ac7b0e4cf9ec57,42,white_high,black,0,2.2024670682288028e-05,0.3857387748422861,0.7569105837819221,0.0004223213232234386,0.4976302800139564,0.5849353878355692
660bdc29f5dec2745c7e7ee3,0,black_high,black,0,0.5,0.5,0.5,0.5,0.7190947031399063,0.28090529686009374
660bdc29f5dec2745c7e7ee3,1,white_high,white,0,0.5,0.716808582539207,0.5,0.5,0.950640323530038,0.28090529686009374
660bdc29f5dec2745c7e7ee3,2,white_high,white,0,0.5,0.716808582539207,0.6626064369044053,0.5,0.950640323530038,0.63958062160361
660bdc29f5dec2745c7e7ee3,3,black_high,black,0,0.5,0.716808582539207,0.682874550431521,0.5,0.950640323530038,0.6818306209288868
660bdc29f5dec2745c7e7ee3,4,white_high,white,0,0.5,0.8161022614217637,0.682874550431521,0.5,0.9798108613919302,0.6818306209288868
660bdc29f5dec2745c7e7ee3,5,white_high,white,0,0.5,0.8161022614217637,0.8005612028168461,0.5,0.9798108613919302,0.8650180910867391
660bdc29f5dec2745c7e7ee3,6,white_high,white,1,0.5,0.8161022614217637,0.8544591644835543,0.5,0.9798108613919302,0.9136694227557423
660bdc29f5dec2745c7e7ee3,7,black_high,black,1,0.5,0.8161022614217637,0.8827387539460366,0.5,0.9798108613919302,0.932296168483459
660bdc29f5dec2745c7e7ee3,8,white_high,white,1,0.5,0.7440059932826426,0.8827387539460366,0.5,0.961251795474363,0.932296168483459
660bdc29f5dec2745c7e7ee3,9,white_high,white,1,0.5,0.7440059932826426,0.8313602939837398,0.5,0.961251795474363,0.8951333962162034
660bdc29f5dec2745c7e7ee3,10,white_high,black,1,0.5,0.7440059932826426,0.8739836381747866,0.5,0.961251795474363,0.9269676567063275
660bdc29f5dec2745c7e7ee3,11,white_high,white,0,0.5,0.7440059932826426,0.8739836381747866,0.18951393686804469,0.961251795474363,0.9956402910282215
660bdc29f5dec2745c7e7ee3,12,black_high,black,0,0.5,0.7440059932826426,0.8880850645001658,0.18951393686804469,0.961251795474363,0.9961745066149382
660bdc29f5dec2745c7e7ee3,13,black_high,black,0,0.5,0.8827602376199488,0.8880850645001658,0.18951393686804469,0.9890419096887609,0.9961745066149382
660bdc29f5dec2745c7e7ee3,14,white_high,white,0,0.5,0.8921045587322779,0.8880850645001658,0.18951393686804469,0.989945548063929,0.9961745066149382
660bdc29f5dec2745c7e7ee3,15,black_high,black,0,0.5,0.8921045587322779,0.8403410695572768,0.18951393686804469,0.989945548063929,0.9940467089886925
660bdc29f5dec2745c7e7ee3,16,black_high,black,0,0.5,0.8963840573067189,0.8403410695572768,0.18951393686804469,0.9903343806163861,0.9940467089886925
660bdc29f5dec2745c7e7ee3,17,white_high,white,0,0.5,0.7357375389269968,0.8403410695572768,0.18951393686804469,0.9582812343567627,0.9940467089886925
660bdc29f5dec2745c7e7ee3,18,black_high,black,0,0.5,0.7357375389269968,0.9268796355548085,0.18951393686804469,0.9582812343567627,0.9973308697067146
660bdc29f5dec2745c7e7ee3,19,white_high,white,0,0.5,0.6079627347618886,0.9268796355548085,0.18951393686804469,0.874887148620829,0.9973308697067146
660bdc29f5dec2745c7e7ee3,20,black_high,black,0,0.5,0.6079627347618886,0.8581081507104855,0.18951393686804469,0.874887148620829,0.994949545214125
660bdc29f5dec2745c7e7ee3,21,black_high,black,1,0.5,0.49524247040013325,0.8581081507104855,0.18951393686804469,0.7100636088746295,0.994949545214125
660bdc29f5dec2745c7e7ee3,22,white_high,white,1,0.5,0.7465856141770902,0.8581081507104855,0.18951393686804469,0.9621362815705414,0.994949545214125
660bdc29f5dec2745c7e7ee3,23,black_high,black,0,0.5,0.7465856141770902,0.6978301835577494,0.18951393686804469,0.9621362815705414,0.9779331960774021
660bdc29f5dec2745c7e7ee3,24,white_high,white,0,0.5,0.7755373573707587,0.6978301835577494,0.18951393686804469,0.9708195560932035,0.9779331960774021
660bdc29f5dec2745c7e7ee3,25,white_high,white,0,0.5,0.7755373573707587,0.8074105618953895,0.18951393686804469,0.9708195560932035,0.9919286231909349
660bdc29f5dec2745c7e7ee3,26,white_high,white,0,0.5,0.7755373573707587,0.6949895870748899,0.18951393686804469,0.9708195560932035,0.9773553583766893
660bdc29f5dec2745c7e7ee3,27,black_high,black,0,0.5,0.7755373573707587,0.7519074840202647,0.18951393686804469,0.9708195560932035,0.9865430537489434
660bdc29f5dec2745c7e7ee3,28,white_high,white,0,0.5,0.842998780189583,0.7519074840202647,0.18951393686804469,0.984211580009422,0.9865430537489434
660bdc29f5dec2745c7e7ee3,29,black_high,black,0,0.5,0.842998780189583,0.6695703683014376,0.18951393686804469,0.984211580009422,0.9714831346660444
660bdc29f5dec2745c7e7ee3,30,white_high,white,0,0.5,0.8738946643648386,0.6695703683014376,0.18951393686804469,0.9881105021966583,0.9714831346660444
660bdc29f5dec2745c7e7ee3,31,black_high,black,0,0.5,0.8738946643648386,0.740266027225628,0.18951393686804469,0.9881105021966583,0.9850260248512649
660bdc29f5dec2745c7e7ee3,32,white_high,white,0,0.5,0.779640025134659,0.740266027225628,0.18951393686804469,0.9718821232586233,0.9850260248512649
660bdc29f5dec2745c7e7ee3,33,black_high,black,0,0.5,0.779640025134659,0.6100366852378407,0.18951393686804469,0.9718821232586233,0.9513946957357798
660bdc29f5dec2745c7e7ee3,34,white_high,white,0,0.5,0.6822712770927767,0.6100366852378407,0.18951393686804469,0.9331761011849046,0.9513946957357798
660bdc29f5dec2745c7e7ee3,35,black_high,black,0,0.5,0.6822712770927767,0.6045965864883196,0.18951393686804469,0.9331761011849046,0.948998907872205
660bdc29f5dec2745c7e7ee3,36,black_high,black,0,0.5,0.7460827709369421,0.6045965864883196,0.18951393686804469,0.9619654050249952,0.948998907872205
660bdc29f5dec2745c7e7ee3,37,white_high,white,0,0.5,0.8295092115907522,0.6045965864883196,0.18951393686804469,0.9821370997351416,0.948998907872205
660bdc29f5dec2745c7e7ee3,38,white_high,white,0,0.5,0.8295092115907522,0.6563072836204927,0.18951393686804469,0.9821370997351416,0.967856610729553
660bdc29f5dec2745c7e7ee3,39,white_high,white,1,0.5,0.8295092115907522,0.6799896733843142,0.18951393686804469,0.9821370997351416,0.9740504741440823
660bdc29f5dec2745c7e7ee3,40,black_high,black,1,0.5,0.8295092115907522,0.8787071663292652,0.18951393686804469,0.9821370997351416,0.9958270348297167
660bdc29f5dec2745c7e7ee3,41,black_high,black,0,0.5,0.8111848137248712,0.8787071663292652,0.18951393686804469,0.9788852756072799,0.9958270348297167
660bdc29f5dec2745c7e7ee3,42,black_high,black,0,0.5,0.6425159677963299,0.8787071663292652,0.18951393686804469,0.9060639644001881,0.9958270348297167
660bdc29f5dec2745c7e7ee3,43,black_high,black,0,0.5,0.7278756922829213,0.8787071663292652,0.18951393686804469,0.9552556232565579,0.9958270348297167
660bdc29f5dec2745c7e7ee3,44,black_high,black,0,0.5,0.8211707602246267,0.8787071663292652,0.18951393686804469,0.9807232711938428,0.9958270348297167
660bdc29f5dec2745c7e7ee3,45,black_high,black,0,0.5,0.7012914626660763,0.8787071663292652,0.18951393686804469,0.9434047632894944,0.9958270348297167
660bdc29f5dec2745c7e7ee3,46,black_high,black,0,0.5,0.7547936078257923,0.8787071663292652,0.18951393686804469,0.9648233223127832,0.9958270348297167
660bdc29f5dec2745c7e7ee3,47,white_high,white,0,0.5,0.779296442348296,0.8787071663292652,0.18951393686804469,0.9717945979966393,0.9958270348297167
660d675bbdf59327d9deb4ad,0,white_high,black,0,0.5,0.5,0.5,0.5,0.7790258032384205,0.22097419676157956
660d675bbdf59327d9deb4ad,1,black_high,black,0,0.5,0.5,0.5,0.44866519173265657,0.7790258032384205,0.24845709779176087
660d675bbdf59327d9deb4ad,2,black_high,black,0,0.5,0.46919911503959394,0.5,0.44866519173265657,0.762803971886918,0.24845709779176087
660d675bbdf59327d9deb4ad,3,white_high,black,0,0.5,0.47236143008740783,0.5,0.44866519173265657,0.7645066162442615,0.24845709779176087
660d675bbdf59327d9deb4ad,4,black_high,black,0,0.5,0.47236143008740783,0.5,0.40260090854500297,0.7645066162442615,0.27499197120925717
660d675bbdf59327d9deb4ad,5,white_high,black,0,0.5,0.5059999564223069,0.5,0.40260090854500297,0.7820916005086676,0.27499197120925717
660d675bbdf59327d9deb4ad,6,black_high,black,0,0.5,0.5059999564223069,0.5,0.361266027648171,0.7820916005086676,0.30024486169066045
660d675bbdf59327d9deb4ad,7,white_high,white,1,0.5,0.5259178665041412,0.5,0.361266027648171,0.7920481233859471,0.30024486169066045
660d675bbdf59327d9deb4ad,8,black_high,black,1,0.5,0.5259178665041412,0.5922000471375691,0.361266027648171,0.7920481233859471,0.3609866615279656
660d675bbdf59327d9deb4ad,9,white_high,black,0,0.5,0.5395786189048809,0.5922000471375691,0.361266027648171,0.7986804879510402,0.3609866615279656
660d675bbdf59327d9deb4ad,10,white_high,black,0,0.5,0.5395786189048809,0.5922000471375691,0.3241749831225237,0.7986804879510402,0.386882475169213
660d675bbdf59327d9deb4ad,11,black_high,black,0,0.5,0.5395786189048809,0.5922000471375691,0.2908920619151956,0.7986804879510402,0.41068186991392003
660d675bbdf59327d9deb4ad,12,black_high,white,0,0.5,0.5560490205858817,0.5922000471375691,0.2908920619151956,0.8064649207772894,0.41068186991392003
660d675bbdf59327d9deb4ad,13,white_high,black,0,0.44866519173265657,0.5560490205858817,0.5922000471375691,0.2908920619151956,0.8292529108932024,0.41068186991392003
660d675bbdf59327d9deb4ad,14,white_high,black,0,0.44866519173265657,0.5560490205858817,0.5922000471375691,0.2610262854653781,0.8292529108932024,0.43240320756759343
660d675bbdf59327d9deb4ad,15,black_high,black,0,0.44866519173265657,0.5560490205858817,0.5922000471375691,0.23422681683117402,0.8292529108932024,0.4521207571904561
660d675bbdf59327d9deb4ad,16,white_high,black,0,0.44866519173265657,0.6016292974025279,0.5922000471375691,0.23422681683117402,0.8476535953542987,0.4521207571904561
660d675bbdf59327d9deb4ad,17,black_high,black,1,0.44866519173265657,0.6016292974025279,0.5922000471375691,0.21017883936497705,0.8476535953542987,0.4699446406335541
660d675bbdf59327d9deb4ad,18,black_high,black,1,0.44866519173265657,0.5828888453803857,0.5922000471375691,0.21017883936497705,0.8402929417597093,0.4699446406335541
660d675bbdf59327d9deb4ad,19,black_high,black,1,0.44866519173265657,0.6044841533329128,0.5922000471375691,0.21017883936497705,0.8487501373810461,0.4699446406335541
660d675bbdf59327d9deb4ad,20,black_high,black,1,0.44866519173265657,0.6405372938906072,0.5922000471375691,0.21017883936497705,0.8620454914585968,0.4699446406335541
660d675bbdf59327d9deb4ad,21,white_high,black,1,0.44866519173265657,0.6699422319305479,0.5922000471375691,0.21017883936497705,0.8721500077888886,0.4699446406335541
660d675bbdf59327d9deb4ad,22,white_high,black,1,0.44866519173265657,0.6699422319305479,0.5922000471375691,0.17142184157143614,0.8721500077888886,0.4988129787197605
660d675bbdf59327d9deb4ad,23,white_high,black,1,0.44866519173265657,0.6699422319305479,0.5922000471375691,0.13981163782484549,0.8721500077888886,0.5223726281157435
660d675bbdf59327d9deb4ad,24,black_high,white,1,0.44866519173265657,0.6699422319305479,0.5922000471375691,0.11403035862918248,0.8721500077888886,0.5415191922673765
660d675bbdf59327d9deb4ad,25,white_high,black,0,0.3659312880791817,0.6699422319305479,0.5922000471375691,0.11403035862918248,0.8972386478972096,0.5415191922673765
660d675bbdf59327d9deb4ad,26,white_high,black,0,0.3659312880791817,0.6699422319305479,0.5922000471375691,0.1023229054354115,0.8972386478972096,0.5501768638188311
660d675bbdf59327d9deb4ad,27,black_high,white,0,0.3659312880791817,0.6699422319305479,0.5922000471375691,0.09181745197164279,0.8972386478972096,0.5579200208904178
660d675bbdf59327d9deb4ad,28,white_high,white,0,0.32836126305404806,0.6699422319305479,0.5922000471375691,0.09181745197164279,0.9071219936365643,0.5579200208904178
660d675bbdf59327d9deb4ad,29,black_high,black,0,0.32836126305404806,0.6699422319305479,0.5930008653069435,0.09181745197164279,0.9071219936365643,0.5585091675996818
660d675bbdf59327d9deb4ad,30,black_high,black,0,0.32836126305404806,0.6832952131055958,0.5930008653069435,0.09181745197164279,0.9104240976470334,0.5585091675996818
660d675bbdf59327d9deb4ad,31,white_high,white,0,0.32836126305404806,0.7055442104772753,0.5930008653069435,0.09181745197164279,0.9156914816691661,0.5585091675996818
660d675bbdf59327d9deb4ad,32,white_high,white,0,0.32836126305404806,0.7055442104772753,0.5526516171680795,0.09181745197164279,0.9156914816691661,0.52865491102459
660d675bbdf59327d9deb4ad,33,black_high,black,0,0.32836126305404806,0.7055442104772753,0.5472458958235017,0.09181745197164279,0.9156914816691661,0.5246348442433385
660d675bbdf59327d9deb4ad,34,white_high,white,1,0.32836126305404806,0.7255089118205232,0.5472458958235017,0.09181745197164279,0.9201770144355684,0.5246348442433385
660d675bbdf59327d9deb4ad,35,white_high,white,1,0.32836126305404806,0.7255089118205232,0.5200937387520208,0.09181745197164279,0.9201770144355684,0.5044048628663432
660d675bbdf59327d9deb4ad,36,white_high,white,1,0.32836126305404806,0.7255089118205232,0.4795084325767805,0.09181745197164279,0.9201770144355684,0.47415986894006934
660d675bbdf59327d9deb4ad,37,white_high,white,1,0.32836126305404806,0.7255089118205232,0.5017270889689813,0.09181745197164279,0.9201770144355684,0.49070836733957424
660d675bbdf59327d9deb4ad,38,white_high,white,1,0.32836126305404806,0.7255089118205232,0.5198486230277934,0.09181745197164279,0.9201770144355684,0.504222071409945
660d675bbdf59327d9deb4ad,39,black_high,black,0,0.32836126305404806,0.7255089118205232,0.479308516215209,0.09181745197164279,0.9201770144355684,0.47401117365581363
660d675bbdf59327d9deb4ad,40,black_high,black,0,0.32836126305404806,0.722889921625693,0.479308516215209,0.09181745197164279,0.9196012615975073,0.47401117365581363
660d675bbdf59327d9deb4ad,41,white_high,white,0,0.32836126305404806,0.7102728604964054,0.479308516215209,0.09181745197164279,0.9167741326378128,0.47401117365581363
660d675bbdf59327d9deb4ad,42,black_high,black,0,0.32836126305404806,0.7102728604964054,0.4711659412674585,0.09181745197164279,0.9167741326378128,0.46795904034612157
6613f83d1a9cf059d0af91ec,0,black_high,black,0,0.5,0.5,0.5,0.5,0.4774390781985139,0.5225609218014862
6613f83d1a9cf059d0af91ec,1,black_high,black,1,0.5,0.5779741108610322,0.5,0.5,0.5539944844986586,0.5225609218014862
6613f83d1a9cf059d0af91ec,2,white_high,white,1,0.5,0.7429607634380782,0.5,0.5,0.7040546735551751,0.5225609218014862
6613f83d1a9cf059d0af91ec,3,white_high,white,1,0.5,0.7429607634380782,0.5512339715971865,0.5,0.7040546735551751,0.5725121269729584
6613f83d1a9cf059d0af91ec,4,black_high,white,1,0.5,0.7429607634380782,0.7299206595297192,0.5,0.7040546735551751,0.7302572751995826
6613f83d1a9cf059d0af91ec,5,white_high,white,1,0.24383014201406777,0.7429607634380782,0.7299206595297192,0.5,0.8671160045690666,0.7302572751995826
6613f83d1a9cf059d0af91ec,6,white_high,white,1,0.24383014201406777,0.7429607634380782,0.7658250889217585,0.5,0.8671160045690666,0.7571928508979479
6613f83d1a9cf059d0af91ec,7,black_high,white,1,0.24383014201406777,0.7429607634380782,0.7833342531569485,0.5,0.8671160045690666,0.769646541489728
6613f83d1a9cf059d0af91ec,8,black_high,black,1,0.11890627630920092,0.7429607634380782,0.7833342531569485,0.5,0.9143350053029099,0.769646541489728
6613f83d1a9cf059d0af91ec,9,black_high,black,0,0.11890627630920092,0.7209502581002787,0.7833342531569485,0.5,0.9072959597098106,0.769646541489728
6613f83d1a9cf059d0af91ec,10,white_high,white,0,0.11890627630920092,0.7517694247924029,0.7833342531569485,0.5,0.9170138430690409,0.769646541489728
6613f83d1a9cf059d0af91ec,11,white_high,white,0,0.11890627630920092,0.7517694247924029,0.8288187925470746,0.5,0.9170138430690409,0.799868597715717
6613f83d1a9cf059d0af91ec,12,black_high,black,0,0.11890627630920092,0.7517694247924029,0.8175831939223411,0.5,0.9170138430690409,0.7926901612062944
6613f83d1a9cf059d0af91ec,13,white_high,white,0,0.11890627630920092,0.7315860504525294,0.8175831939223411,0.5,0.9107599515600289,0.7926901612062944
6613f83d1a9cf059d0af91ec,14,black_high,black,0,0.11890627630920092,0.7315860504525294,0.6937668580698344,0.5,0.9107599515600289,0.7013058226283153
6613f83d1a9cf059d0af91ec,15,white_high,black,0,0.11890627630920092,0.719271579454291,0.6937668580698344,0.5,0.906738319150574,0.7013058226283153
6613f83d1a9cf059d0af91ec,16,black_high,black,0,0.11890627630920092,0.719271579454291,0.6937668580698344,0.30506472284741926,0.906738319150574,0.8349805209532797
6613f83d1a9cf059d0af91ec,17,white_high,white,0,0.11890627630920092,0.8287193243816591,0.6937668580698344,0.30506472284741926,0.937352930200195,0.8349805209532797
6613f83d1a9cf059d0af91ec,18,black_high,black,0,0.11890627630920092,0.8287193243816591,0.7741710874302431,0.30506472284741926,0.937352930200195,0.8741372276293181
6613f83d1a9cf059d0af91ec,19,white_high,white,0,0.11890627630920092,0.8565095608962281,0.7741710874302431,0.30506472284741926,0.943481277603433,0.8741372276293181
6613f83d1a9cf059d0af91ec,20,black_high,black,0,0.11890627630920092,0.8565095608962281,0.7842410198909138,0.30506472284741926,0.943481277603433,0.8784367425969554
6613f83d1a9cf059d0af91ec,21,white_high,white,0,0.11890627630920092,0.8734652024965905,0.7842410198909138,0.30506472284741926,0.9469388912171336,0.8784367425969554
6613f83d1a9cf059d0af91ec,22,black_high,black,0,0.11890627630920092,0.8734652024965905,0.8683590930623595,0.30506472284741926,0.9469388912171336,0.9096227771630048
6613f83d1a9cf059d0af91ec,23,white_high,white,0,0.11890627630920092,0.88381033870762,0.8683590930623595,0.30506472284741926,0.9489494043076033,0.9096227771630048
6613f83d1a9cf059d0af91ec,24,white_high,white,0,0.11890627630920092,0.88381033870762,0.8806949509888554,0.30506472284741926,0.9489494043076033,0.9135385413405585
6613f83d1a9cf059d0af91ec,25,white_high,white,0,0.11890627630920092,0.88381033870762,0.8492343657172026,0.30506472284741926,0.9489494043076033,0.9032359480843649
6613f83d1a9cf059d0af91ec,26,black_high,black,0,0.11890627630920092,0.88381033870762,0.8690263916946899,0.30506472284741926,0.9489494043076033,0.9098386224379795
6613f83d1a9cf059d0af91ec,27,white_high,white,1,0.11890627630920092,0.7731610446381446,0.8690263916946899,0.30506472284741926,0.9232046730000636,0.9098386224379795
6613f83d1a9cf059d0af91ec,28,black_high,black,1,0.11890627630920092,0.7731610446381446,0.7824274581820834,0.30506472284741926,0.9232046730000636,0.8776718710569661
6613f83d1a9cf059d0af91ec,29,white_high,white,1,0.11890627630920092,0.8381456790024056,0.7824274581820834,0.30506472284741926,0.9394981535959628,0.8776718710569661
6613f83d1a9cf059d0af91ec,30,white_high,white,1,0.11890627630920092,0.8381456790024056,0.8938985124603513,0.30506472284741926,0.9394981535959628,0.9175589759840347
6613f83d1a9cf059d0af91ec,31,white_high,white,0,0.11890627630920092,0.8381456790024056,0.8970245468534208,0.30506472284741926,0.9394981535959628,0.9184856096445636
6613f83d1a9cf059d0af91ec,32,black_high,black,0,0.11890627630920092,0.8381456790024056,0.8591975329904705,0.30506472284741926,0.9394981535959628,0.9066119972860823
6613f83d1a9cf059d0af91ec,33,black_high,black,0,0.11890627630920092,0.8232738019853909,0.8591975329904705,0.30506472284741926,0.9360815088812677,0.9066119972860823
6613f83d1a9cf059d0af91ec,34,black_high,black,0,0.11890627630920092,0.8531870873350741,0.8591975329904705,0.30506472284741926,0.942779372562872,0.9066119972860823
6613f83d1a9cf059d0af91ec,35,black_high,black,0,0.11890627630920092,0.8714380635443879,0.8591975329904705,0.30506472284741926,0.9465362653636348,0.9066119972860823
6613f83d1a9cf059d0af91ec,36,black_high,black,0,0.11890627630920092,0.8045994106813339,0.8591975329904705,0.30506472284741926,0.9315367292226229,0.9066119972860823
6613f83d1a9cf059d0af91ec,37,white_high,black,0,0.11890627630920092,0.8028062358895252,0.8591975329904705,0.30506472284741926,0.9310849005891412,0.9066119972860823
6613f83d1a9cf059d0af91ec,38,white_high,white,0,0.11890627630920092,0.8028062358895252,0.8591975329904705,0.18612897025194547,0.9310849005891412,0.9394270597605002
6613f83d1a9cf059d0af91ec,39,black_high,black,0,0.11890627630920092,0.8028062358895252,0.91409226885101,0.18612897025194547,0.9310849005891412,0.9506235295214491
6613f83d1a9cf059d0af91ec,40,black_high,black,1,0.11890627630920092,0.7627251117172488,0.91409226885101,0.18612897025194547,0.9202392072063893,0.9506235295214491
6613f83d1a9cf059d0af91ec,41,black_high,black,1,0.11890627630920092,0.833056488990103,0.91409226885101,0.18612897025194547,0.938348647680607,0.9506235295214491
6613f83d1a9cf059d0af91ec,42,white_high,black,0,0.11890627630920092,0.8161203368098866,0.91409226885101,0.18612897025194547,0.9343747724434633,0.9506235295214491
6613f83d1a9cf059d0af91ec,43,black_high,black,0,0.11890627630920092,0.8161203368098866,0.91409226885101,0.11356276544757059,0.9343747724434633,0.9624378136841588
6613f83d1a9cf059d0af91ec,44,white_high,white,0,0.11890627630920092,0.8488225475927463,0.91409226885101,0.11356276544757059,0.9418448744999073,0.9624378136841588
6613f83d1a9cf059d0af91ec,45,white_high,white,0,0.11890627630920092,0.8488225475927463,0.9085981081826494,0.11356276544757059,0.9418448744999073,0.9616475983889119
6613f83d1a9cf059d0af91ec,46,white_high,white,0,0.11890627630920092,0.8488225475927463,0.6323365709658912,0.11356276544757059,0.9418448744999073,0.8941336515860683
6613f83d1a9cf059d0af91ec,47,black_high,black,0,0.11890627630920092,0.8488225475927463,0.6587165495496071,0.11356276544757059,0.9418448744999073,0.9035742180216164
6614fb6af3c5aa23b962ea2d,0,white_high,black,0,0.5,0.5,0.5,0.5,0.45832996937659937,0.5416700306234006
6614fb6af3c5aa23b962ea2d,1,white_high,white,0,0.5,0.5,0.5,0.29231457261868987,0.45832996937659937,0.5471015692046353
6614fb6af3c5aa23b962ea2d,2,white_high,black,0,0.5,0.5,0.583074170952524,0.29231457261868987,0.45832996937659937,0.5492711214559679
6614fb6af3c5aa23b962ea2d,3,white_high,black,0,0.5,0.5,0.583074170952524,0.17089561873049464,0.45832996937659937,0.5524386904698724
6614fb6af3c5aa23b962ea2d,4,black_high,black,0,0.5,0.5,0.583074170952524,0.09991055950322222,0.45832996937659937,0.5542885909529988
6614fb6af3c5aa23b962ea2d,5,white_high,black,0,0.5,0.5,0.583074170952524,0.09991055950322222,0.45832996937659937,0.5542885909529988
6614fb6af3c5aa23b962ea2d,6,white_high,white,0,0.5,0.5,0.583074170952524,0.05841062500255718,0.45832996937659937,0.5553694037955873
6614fb6af3c5aa23b962ea2d,7,black_high,black,0,0.5,0.5,0.5485675815552781,0.05841062500255718,0.45832996937659937,0.5544707599602907
6614fb6af3c5aa23b962ea2d,8,white_high,white,0,0.5,0.583074170952524,0.5485675815552781,0.05841062500255718,0.46050543437096275,0.5544707599602907
6614fb6af3c5aa23b962ea2d,9,white_high,black,0,0.5,0.583074170952524,0.6945423655959571,0.05841062500255718,0.46050543437096275,0.5582698310061287
6614fb6af3c5aa23b962ea2d,10,white_high,black,0,0.5,0.583074170952524,0.6945423655959571,0.03414855376802613,0.46050543437096275,0.5589006160219998
6614fb6af3c5aa23b962ea2d,11,black_high,white,0,0.5,0.583074170952524,0.6945423655959571,0.01996423980049382,0.46050543437096275,0.5592693034117198
6614fb6af3c5aa23b962ea2d,12,black_high,white,0,0.29231457261868987,0.583074170952524,0.6945423655959571,0.01996423980049382,0.4659505049504342,0.5592693034117198
6614fb6af3c5aa23b962ea2d,13,black_high,white,0,0.17089561873049464,0.583074170952524,0.6945423655959571,0.01996423980049382,0.4691376986343748,0.5592693034117198
6614fb6af3c5aa23b962ea2d,14,black_high,white,1,0.09991055950322222,0.583074170952524,0.6945423655959571,0.01996423980049382,0.47100220864536263,0.5592693034117198
6614fb6af3c5aa23b962ea2d,15,black_high,white,0,0.050175950797361424,0.583074170952524,0.6945423655959571,0.01996423980049382,0.47230903476575775,0.5592693034117198
6614fb6af3c5aa23b962ea2d,16,white_high,black,0,0.029334323226134232,0.583074170952524,0.6945423655959571,0.01996423980049382,0.4728567830722261,0.5592693034117198
6614fb6af3c5aa23b962ea2d,17,black_high,white,0,0.029334323226134232,0.583074170952524,0.6945423655959571,0.011671676449876779,0.4728567830722261,0.5594848185556239
6614fb6af3c5aa23b962ea2d,18,black_high,white,0,0.01714970031381187,0.583074170952524,0.6945423655959571,0.011671676449876779,0.4731770430514131,0.5594848185556239
6614fb6af3c5aa23b962ea2d,19,black_high,white,0,0.010026214635541056,0.583074170952524,0.6945423655959571,0.011671676449876779,0.4733642866110672,0.5594848185556239
6614fb6af3c5aa23b962ea2d,20,black_high,white,0,0.005861617292342874,0.583074170952524,0.6945423655959571,0.011671676449876779,0.4734737581272039,0.5594848185556239
6614fb6af3c5aa23b962ea2d,21,black_high,white,0,0.0034268723073310587,0.583074170952524,0.6945423655959571,0.011671676449876779,0.4735377595481364,0.5594848185556239
6614fb6af3c5aa23b962ea2d,22,white_high,black,0,0.002003449427872604,0.583074170952524,0.6945423655959571,0.011671676449876779,0.47357517704709223,0.5594848185556239
6614fb6af3c5aa23b962ea2d,23,black_high,white,0,0.002003449427872604,0.583074170952524,0.6945423655959571,0.006823602226378716,0.47357517704709223,0.5596108046107915
6614fb6af3c5aa23b962ea2d,24,black_high,white,1,0.0011712749265434782,0.583074170952524,0.6945423655959571,0.006823602226378716,0.4735970525450332,0.5596108046107915
6614fb6af3c5aa23b962ea2d,25,white_high,black,0,0.0005882244417071179,0.583074170952524,0.6945423655959571,0.006823602226378716,0.47361237934237804,0.5596108046107915
6614fb6af3c5aa23b962ea2d,26,white_high,black,1,0.0005882244417071179,0.583074170952524,0.6945423655959571,0.00398927673704767,0.47361237934237804,0.5596844561749973
6614fb6af3c5aa23b962ea2d,27,white_high,white,0,0.0005882244417071179,0.583074170952524,0.6945423655959571,0.002003449427872605,0.47361237934237804,0.5597360574649677
6614fb6af3c5aa23b962ea2d,28,black_high,white,1,0.0005882244417071179,0.583074170952524,0.7798834788158703,0.002003449427872605,0.47361237934237804,0.5619523936401084
6614fb6af3c5aa23b962ea2d,29,white_high,black,1,0.00029541142389408653,0.583074170952524,0.7798834788158703,0.002003449427872605,0.4736200766118919,0.5619523936401084
6614fb6af3c5aa23b962ea2d,30,black_high,white,0,0.00029541142389408653,0.583074170952524,0.7798834788158703,0.0010061497044733863,0.4736200766118919,0.5619782794020026
6614fb6af3c5aa23b962ea2d,31,black_high,white,1,0.00017270612824455707,0.583074170952524,0.7798834788158703,0.0010061497044733863,0.4736233022089986,0.5619782794020026
6614fb6af3c5aa23b962ea2d,32,white_high,black,0,8.673451771553947e-05,0.583074170952524,0.7798834788158703,0.0010061497044733863,0.47362556217616364,0.5619782794020026
6614fb6af3c5aa23b962ea2d,33,white_high,black,0,8.673451771553947e-05,0.583074170952524,0.7798834788158703,0.0005882244417071181,0.47362556217616364,0.5619891269070612
6614fb6af3c5aa23b962ea2d,34,white_high,black,0,8.673451771553947e-05,0.583074170952524,0.7798834788158703,0.00034389315256296737,0.47362556217616364,0.5619954686472205
6614fb6af3c5aa23b962ea2d,35,white_high,black,0,8.673451771553947e-05,0.583074170952524,0.7798834788158703,0.00020104995983587543,0.47362556217616364,0.5619991762039656
6614fb6af3c5aa23b962ea2d,36,black_high,white,0,8.673451771553947e-05,0.583074170952524,0.7798834788158703,0.00011753966616885738,0.47362556217616364,0.5620013437464889
6614fb6af3c5aa23b962ea2d,37,white_high,black,0,5.070752695461221e-05,0.583074170952524,0.7798834788158703,0.00011753966616885738,0.4736265092311658,0.5620013437464889
6614fb6af3c5aa23b962ea2d,38,white_high,black,0,5.070752695461221e-05,0.583074170952524,0.7798834788158703,6.871711456378606e-05,0.4736265092311658,0.5620026109539253
6614fb6af3c5aa23b962ea2d,39,black_high,white,0,5.070752695461221e-05,0.583074170952524,0.7798834788158703,4.017402795060534e-05,0.4736265092311658,0.5620033517999511
6614fb6af3c5aa23b962ea2d,40,white_high,white,0,2.964509814057633e-05,0.583074170952524,0.7798834788158703,4.017402795060534e-05,0.4736270629072102,0.5620033517999511
6614fb6af3c5aa23b962ea2d,41,black_high,white,0,2.964509814057633e-05,0.583074170952524,0.5390167825574005,4.017402795060534e-05,0.4736270629072102,0.5557420483150928
6614fb6af3c5aa23b962ea2d,42,black_high,white,0,1.7331388386403375e-05,0.583074170952524,0.5390167825574005,4.017402795060534e-05,0.47362738660239284,0.5557420483150928
6614fb6af3c5aa23b962ea2d,43,black_high,black,1,1.0132434778120055e-05,0.583074170952524,0.5390167825574005,4.017402795060534e-05,0.4736275758440409,0.5557420483150928
6614fb6af3c5aa23b962ea2d,44,black_high,black,1,1.0132434778120055e-05,0.5914997016360086,0.5390167825574005,4.017402795060534e-05,0.4738490661724308,0.5557420483150928
6614fb6af3c5aa23b962ea2d,45,black_high,white,0,1.0132434778120055e-05,0.6455102077370001,0.5390167825574005,4.017402795060534e-05,0.4752691349473365,0.5557420483150928
6631997e0554bb6d25062fd4,0,white_high,black,0,0.5,0.5,0.5,0.5,0.7510703029909305,0.24892969700906944
6631997e0554bb6d25062fd4,1,black_high,white,0,0.5,0.5,0.5,0.1960482110208996,0.7510703029909305,0.43522221775284464
6631997e0554bb6d25062fd4,2,black_high,black,0,0.1960482110208996,0.5,0.5,0.1960482110208996,0.8752373404835518,0.43522221775284464
6631997e0554bb6d25062fd4,3,black_high,black,0,0.1960482110208996,0.6215807155916402,0.5,0.1960482110208996,0.9076759821489492,0.43522221775284464
6631997e0554bb6d25062fd4,4,black_high,black,0,0.1960482110208996,0.6084617213685838,0.5,0.1960482110208996,0.9045785329485686,0.43522221775284464
6631997e0554bb6d25062fd4,5,black_high,black,0,0.1960482110208996,0.6641081684687564,0.5,0.1960482110208996,0.9171042206684588,0.43522221775284464
6631997e0554bb6d25062fd4,6,black_high,black,0,0.1960482110208996,0.7467172990718924,0.5,0.1960482110208996,0.9329526455218297,0.43522221775284464
6631997e0554bb6d25062fd4,7,black_high,white,0,0.1960482110208996,0.5967369702219055,0.5,0.1960482110208996,0.9017319450873512,0.43522221775284464
6631997e0554bb6d25062fd4,8,white_high,black,0,0.07686980208899034,0.5967369702219055,0.5,0.1960482110208996,0.927402076191922,0.43522221775284464
6631997e0554bb6d25062fd4,9,white_high,white,0,0.07686980208899034,0.5967369702219055,0.5,0.07686980208899034,0.927402076191922,0.5175570253290496
6631997e0554bb6d25062fd4,10,white_high,white,0,0.07686980208899034,0.5967369702219055,0.6823710733874603,0.07686980208899034,0.927402076191922,0.6402637028211001
6631997e0554bb6d25062fd4,11,black_high,black,0,0.07686980208899034,0.5967369702219055,0.8146684765424259,0.07686980208899034,0.927402076191922,0.7198583429488156
6631997e0554bb6d25062fd4,12,black_high,black,0,0.07686980208899034,0.7810916510864536,0.8146684765424259,0.07686980208899034,0.9551784510566065,0.7198583429488156
6631997e0554bb6d25062fd4,13,white_high,white,0,0.07686980208899034,0.7925861040442805,0.8146684765424259,0.07686980208899034,0.9565248439803062,0.7198583429488156
6631997e0554bb6d25062fd4,14,black_high,black,0,0.07686980208899034,0.7925861040442805,0.7449610993732692,0.07686980208899034,0.9565248439803062,0.6792343205557316
6631997e0554bb6d25062fd4,15,white_high,black,0,0.07686980208899034,0.7970930379223723,0.7449610993732692,0.07686980208899034,0.9570421531852473,0.6792343205557316
6631997e0554bb6d25062fd4,16,white_high,white,0,0.07686980208899034,0.7970930379223723,0.7449610993732692,0.030140374362154332,0.9570421531852473,0.7068167405449359
6631997e0554bb6d25062fd4,17,white_high,white,0,0.07686980208899034,0.7970930379223723,0.8392098017869648,0.030140374362154332,0.9570421531852473,0.7579737699856895
6631997e0554bb6d25062fd4,18,white_high,white,0,0.07686980208899034,0.7970930379223723,0.8761643807854571,0.030140374362154332,0.9570421531852473,0.7762918967704564
6631997e0554bb6d25062fd4,19,white_high,white,0,0.07686980208899034,0.7970930379223723,0.7082830656013668,0.030140374362154332,0.9570421531852473,0.6852828524664242
6631997e0554bb6d25062fd4,20,white_high,black,0,0.07686980208899034,0.7970930379223723,0.7640381181816536,0.030140374362154332,0.9570421531852473,0.7176693991682802
6631997e0554bb6d25062fd4,21,black_high,black,0,0.07686980208899034,0.7970930379223723,0.7640381181816536,0.01181793294640109,0.9570421531852473,0.7278600549559648
6631997e0554bb6d25062fd4,22,white_high,black,1,0.07686980208899034,0.859650548366171,0.7640381181816536,0.01181793294640109,0.9636412523473962,0.7278600549559648
6631997e0554bb6d25062fd4,23,black_high,black,1,0.07686980208899034,0.859650548366171,0.7640381181816536,0.005930997228161841,0.9636412523473962,0.7310849559639759
6631997e0554bb6d25062fd4,24,white_high,black,1,0.07686980208899034,0.9295636375337729,0.7640381181816536,0.005930997228161841,0.9698617695317315,0.7310849559639759
6631997e0554bb6d25062fd4,25,black_high,black,1,0.07686980208899034,0.9295636375337729,0.7640381181816536,0.0029765550608556973,0.9698617695317315,0.732694283372386
6631997e0554bb6d25062fd4,26,white_high,white,0,0.07686980208899034,0.9148369307105085,0.7640381181816536,0.0029765550608556973,0.9686436064360624,0.732694283372386
6631997e0554bb6d25062fd4,27,black_high,black,0,0.07686980208899034,0.9148369307105085,0.7858994748091364,0.0029765550608556973,0.9686436064360624,0.744410774546016
6631997e0554bb6d25062fd4,28,black_high,black,0,0.07686980208899034,0.9058175074456725,0.7858994748091364,0.0029765550608556973,0.96787415251827,0.744410774546016
6631997e0554bb6d25062fd4,29,black_high,black,0,0.07686980208899034,0.9022810238546497,0.7858994748091364,0.0029765550608556973,0.967567496348725,0.744410774546016
6631997e0554bb6d25062fd4,30,black_high,black,0,0.07686980208899034,0.9008943812920002,0.7858994748091364,0.0029765550608556973,0.9674464870416151,0.744410774546016
6631997e0554bb6d25062fd4,31,white_high,black,0,0.07686980208899034,0.8395603259087143,0.7858994748091364,0.0029765550608556973,0.9616359425072283,0.744410774546016
6631997e0554bb6d25062fd4,32,white_high,white,0,0.07686980208899034,0.8395603259087143,0.7858994748091364,0.0011670965893719287,0.9616359425072283,0.7453652851537218
6631997e0554bb6d25062fd4,33,white_high,white,0,0.07686980208899034,0.8395603259087143,0.8552615923195722,0.0011670965893719287,0.9616359425072283,0.7801584087381511
6631997e0554bb6d25062fd4,34,black_high,black,0,0.07686980208899034,0.8395603259087143,0.882458230420657,0.0011670965893719287,0.9616359425072283,0.792832787886606
6631997e0554bb6d25062fd4,35,black_high,black,0,0.07686980208899034,0.8763018200394345,0.882458230420657,0.0011670965893719287,0.965226502213616,0.792832787886606
6631997e0554bb6d25062fd4,36,white_high,white,0,0.07686980208899034,0.8299176706327396,0.882458230420657,0.0011670965893719287,0.9606361353516156,0.792832787886606
6631997e0554bb6d25062fd4,37,black_high,black,0,0.07686980208899034,0.8299176706327396,0.8931219349116579,0.0011670965893719287,0.9606361353516156,0.7976527272474678
6631997e0554bb6d25062fd4,38,white_high,white,0,0.07686980208899034,0.9333113272025624,0.8931219349116579,0.0011670965893719287,0.9701643774506041,0.7976527272474678
6631997e0554bb6d25062fd4,39,white_high,white,0,0.07686980208899034,0.9333113272025624,0.8365127774924704,0.0011670965893719287,0.9701643774506041,0.771101983932787
6631997e0554bb6d25062fd4,40,black_high,black,0,0.07686980208899034,0.9333113272025624,0.8751068872094261,0.0011670965893719287,0.9701643774506041,0.7894609405023986
6631997e0554bb6d25062fd4,41,white_high,black,0,0.07686980208899034,0.9130612522095883,0.8751068872094261,0.0011670965893719287,0.9684935451473655,0.7894609405023986
6631997e0554bb6d25062fd4,42,black_high,black,0,0.07686980208899034,0.9130612522095883,0.8751068872094261,0.00045761439686992013,0.9684935451473655,0.7897881062801488
6631997e0554bb6d25062fd4,43,white_high,white,0,0.07686980208899034,0.9051212702587651,0.8751068872094261,0.00045761439686992013,0.9678140027219142,0.7897881062801488
6631997e0554bb6d25062fd4,44,black_high,black,1,0.07686980208899034,0.9051212702587651,0.7686587839496928,0.00045761439686992013,0.9678140027219142,0.7365579851275803
6631997e0554bb6d25062fd4,45,white_high,white,0,0.07686980208899034,0.9025701820992861,0.7686587839496928,0.00045761439686992013,0.9675926757290367,0.7365579851275803
6631997e0554bb6d25062fd4,46,white_high,white,1,0.07686980208899034,0.9025701820992861,0.9092919369158757,0.00045761439686992013,0.9675926757290367,0.8051101280410664
6631997e0554bb6d25062fd4,47,black_high,black,1,0.07686980208899034,0.9025701820992861,0.854849708307568,0.00045761439686992013,0.9675926757290367,0.7803000641255886
663636e1e732142a9c211523,0,black_high,black,0,0.5,0.5,0.5,0.5,0.8360676125110674,0.16393238748893266
663636e1e732142a9c211523,1,black_high,black,0,0.5,0.4855222177181546,0.5,0.5,0.8203878904903826,0.16393238748893266
663636e1e732142a9c211523,2,white_high,black,1,0.5,0.458662714952469,0.5,0.5,0.7882465009218366,0.16393238748893266
663636e1e732142a9c211523,3,black_high,black,1,0.5,0.458662714952469,0.5,0.1780737145350595,0.7882465009218366,0.6948446548771314
663636e1e732142a9c211523,4,white_high,white,1,0.5,0.6140483463915594,0.5,0.1780737145350595,0.9239990562032776,0.6948446548771314
663636e1e732142a9c211523,5,black_high,black,1,0.5,0.6140483463915594,0.5643852570929881,0.1780737145350595,0.9239990562032776,0.7880634844173853
663636e1e732142a9c211523,6,white_high,white,1,0.5,0.5406180253570523,0.5643852570929881,0.1780737145350595,0.8742031194730778,0.7880634844173853
663636e1e732142a9c211523,7,white_high,white,1,0.5,0.5406180253570523,0.7160864150626507,0.1780737145350595,0.8742031194730778,0.921925751616752
663636e1e732142a9c211523,8,black_high,black,1,0.5,0.5406180253570523,0.5125733640885536,0.1780737145350595,0.8742031194730778,0.7147647197527452
663636e1e732142a9c211523,9,white_high,white,1,0.5,0.7076217765837834,0.5125733640885536,0.1780737145350595,0.9612355940776077,0.7147647197527452
663636e1e732142a9c211523,10,white_high,white,0,0.5,0.7076217765837834,0.5044779712949009,0.1780737145350595,0.9612355940776077,0.7020285041098264
663636e1e732142a9c211523,11,black_high,black,1,0.5,0.7076217765837834,0.5472630072057177,0.1780737145350595,0.9612355940776077,0.7654636521874842
663636e1e732142a9c211523,12,white_high,white,1,0.5,0.5095587048562971,0.5472630072057177,0.1780737145350595,0.8458041616289161,0.7654636521874842
663636e1e732142a9c211523,13,white_high,white,0,0.5,0.5095587048562971,0.581217855599427,0.1780737145350595,0.8458041616289161,0.8086878042685809
663636e1e732142a9c211523,14,white_high,white,0,0.5,0.5095587048562971,0.6128926581372945,0.1780737145350595,0.8458041616289161,0.8432715434674749
663636e1e732142a9c211523,15,white_high,white,0,0.5,0.5095587048562971,0.596548304879989,0.1780737145350595,0.8458041616289161,0.8261062378572952
663636e1e732142a9c211523,16,black_high,black,0,0.5,0.5095587048562971,0.6404813806300335,0.1780737145350595,0.8458041616289161,0.8690879341698863
663636e1e732142a9c211523,17,black_high,black,0,0.5,0.46474146953270207,0.6404813806300335,0.1780737145350595,0.7958718289762307,0.8690879341698863
663636e1e732142a9c211523,18,black_high,black,0,0.5,0.48432390509138096,0.6404813806300335,0.1780737145350595,0.8190389908761567,0.8690879341698863
663636e1e732142a9c211523,19,white_high,black,0,0.5,0.5300268028280825,0.6404813806300335,0.1780737145350595,0.8650602208573647,0.8690879341698863
663636e1e732142a9c211523,20,black_high,black,0,0.5,0.5300268028280825,0.6404813806300335,0.1522925898434787,0.8650602208573647,0.8898582601418661
663636e1e732142a9c211523,21,white_high,black,1,0.5,0.5112018054065883,0.6404813806300335,0.1522925898434787,0.8474293780192367,0.8898582601418661
663636e1e732142a9c211523,22,black_high,black,1,0.5,0.5112018054065883,0.6404813806300335,0.05423861433918506,0.8474293780192367,0.9445996019442005
663636e1e732142a9c211523,23,black_high,white,1,0.5,0.5039894941965002,0.6404813806300335,0.05423861433918506,0.8401901438698075,0.9445996019442005
663636e1e732142a9c211523,24,white_high,white,1,0.1780737145350595,0.5039894941965002,0.6404813806300335,0.05423861433918506,0.9838851229639805,0.9445996019442005
663636e1e732142a9c211523,25,white_high,white,0,0.1780737145350595,0.5039894941965002,0.6788025967295834,0.05423861433918506,0.9838851229639805,0.9580358001810405
663636e1e732142a9c211523,26,black_high,black,0,0.1780737145350595,0.5039894941965002,0.6673937283426338,0.05423861433918506,0.9838851229639805,0.9543996261692155
663636e1e732142a9c211523,27,black_high,black,0,0.1780737145350595,0.5178896861944294,0.6673937283426338,0.05423861433918506,0.9854806101545311,0.9543996261692155
663636e1e732142a9c211523,28,black_high,black,0,0.1780737145350595,0.5008218740944492,0.6673937283426338,0.05423861433918506,0.9834980710684368,0.9543996261692155
663636e1e732142a9c211523,29,black_high,black,0,0.1780737145350595,0.5296584495161147,0.6673937283426338,0.05423861433918506,0.9867089929150026,0.9543996261692155
663636e1e732142a9c211523,30,white_high,white,0,0.1780737145350595,0.5687979106125368,0.6673937283426338,0.05423861433918506,0.9901013999773622,0.9543996261692155
663636e1e732142a9c211523,31,black_high,black,0,0.1780737145350595,0.5687979106125368,0.6576366110815689,0.05423861433918506,0.9901013999773622,0.9510536787460996
663636e1e732142a9c211523,32,black_high,black,0,0.1780737145350595,0.5733152811814405,0.6576366110815689,0.05423861433918506,0.9904330041443516,0.9510536787460996
663636e1e732142a9c211523,33,white_high,white,0,0.1780737145350595,0.6206119835200503,0.6576366110815689,0.05423861433918506,0.9933077039391549,0.9510536787460996
663636e1e732142a9c211523,34,black_high,black,0,0.1780737145350595,0.6206119835200503,0.6927254548600815,0.05423861433918506,0.9933077039391549,0.9620982441218231
663636e1e732142a9c211523,35,black_high,black,0,0.1780737145350595,0.6465833899857384,0.6927254548600815,0.05423861433918506,0.9945022776154033,0.9620982441218231
663636e1e732142a9c211523,36,black_high,black,0,0.1780737145350595,0.6543169304859456,0.6927254548600815,0.05423861433918506,0.994815145297015,0.9620982441218231
663636e1e732142a9c211523,37,white_high,white,0,0.1780737145350595,0.6898863903935453,0.6927254548600815,0.05423861433918506,0.996040810203975,0.9620982441218231
663636e1e732142a9c211523,38,white_high,white,0,0.1780737145350595,0.6898863903935453,0.7227342122311242,0.05423861433918506,0.996040810203975,0.9696075384611489
663636e1e732142a9c211523,39,white_high,white,0,0.1780737145350595,0.6898863903935453,0.7339205847626548,0.05423861433918506,0.996040810203975,0.9720204713733651
663636e1e732142a9c211523,40,white_high,white,0,0.1780737145350595,0.6898863903935453,0.7579652009156795,0.05423861433918506,0.996040810203975,0.9765933997350484
663636e1e732142a9c211523,41,black_high,black,0,0.1780737145350595,0.6898863903935453,0.7350953430460279,0.05423861433918506,0.996040810203975,0.9722628066991411
663636e1e732142a9c211523,42,black_high,black,1,0.1780737145350595,0.705828399055049,0.7350953430460279,0.05423861433918506,0.9964919460708456,0.9722628066991411
663636e1e732142a9c211523,43,white_high,white,1,0.1780737145350595,0.7664610264320385,0.7350953430460279,0.05423861433918506,0.9977866234707151,0.9722628066991411
663636e1e732142a9c211523,44,white_high,white,1,0.1780737145350595,0.7664610264320385,0.5193433449192124,0.05423861433918506,0.9977866234707151,0.8714075964474501
664c9a37d570871d534dd3c2,0,black_high,black,0,0.5,0.5,0.5,0.5,0.26849397501400557,0.7315060249859945
664c9a37d570871d534dd3c2,1,white_high,white,0,0.5,0.6163956121691196,0.5,0.5,0.4152428151052112,0.7315060249859945
664c9a37d570871d534dd3c2,2,white_high,white,0,0.5,0.6163956121691196,0.5872967091268397,0.5,0.4152428151052112,0.8171616918926395
664c9a37d570871d534dd3c2,3,black_high,white,0,0.5,0.6163956121691196,0.6782899365480392,0.5,0.4152428151052112,0.8821709725260978
664c9a37d570871d534dd3c2,4,white_high,white,0,0.35450548478860044,0.6163956121691196,0.6782899365480392,0.5,0.6183607945523192,0.8821709725260978
664c9a37d570871d534dd3c2,5,black_high,white,0,0.35450548478860044,0.6163956121691196,0.7428051329469025,0.5,0.6183607945523192,0.915207339240828
664c9a37d570871d534dd3c2,6,black_high,black,0,0.25134827749040123,0.6163956121691196,0.7428051329469025,0.5,0.7441175019908061,0.915207339240828
664c9a37d570871d534dd3c2,7,white_high,white,0,0.25134827749040123,0.5534268627962795,0.7428051329469025,0.5,0.6705024164353975,0.915207339240828
664c9a37d570871d534dd3c2,8,white_high,white,0,0.25134827749040123,0.5534268627962795,0.7012504057712844,0.5,0.6705024164353975,0.8950441504686159
664c9a37d570871d534dd3c2,9,black_high,black,0,0.25134827749040123,0.5534268627962795,0.7299854544505432,0.5,0.6705024164353975,0.9093938515918184
664c9a37d570871d534dd3c2,10,black_high,black,0,0.25134827749040123,0.4796824257080984,0.7299854544505432,0.5,0.5725688114344158,0.9093938515918184
664c9a37d570871d534dd3c2,11,white_high,white,0,0.25134827749040123,0.5728913260786818,0.7299854544505432,0.5,0.694410068235567,0.9093938515918184
664c9a37d570871d534dd3c2,12,white_high,white,0,0.25134827749040123,0.5728913260786818,0.6630622100486327,0.5,0.694410068235567,0.8728961981647655
664c9a37d570871d534dd3c2,13,black_high,black,0,0.25134827749040123,0.5728913260786818,0.5283161865211425,0.5,0.694410068235567,0.7618456610781528
664c9a37d570871d534dd3c2,14,black_high,white,0,0.25134827749040123,0.5225818467345341,0.5283161865211425,0.5,0.6307817946789533,0.7618456610781528
664c9a37d570871d534dd3c2,15,black_high,black,0,0.1782086859250287,0.5225818467345341,0.5283161865211425,0.5,0.7211677618344526,0.7618456610781528
664c9a37d570871d534dd3c2,16,black_high,black,0,0.1782086859250287,0.48691187400581587,0.5283161865211425,0.5,0.6787468264654574,0.7618456610781528
664c9a37d570871d534dd3c2,17,white_high,white,0,0.1782086859250287,0.5198192781411949,0.5283161865211425,0.5,0.7180072250137057,0.7618456610781528
664c9a37d570871d534dd3c2,18,white_high,white,1,0.1782086859250287,0.5198192781411949,0.5200764868600841,0.5,0.7180072250137057,0.7532659505018641
664c9a37d570871d534dd3c2,19,black_high,white,1,0.1782086859250287,0.5198192781411949,0.6494767016750066,0.5,0.7180072250137057,0.8641018559714548
664c9a37d570871d534dd3c2,20,white_high,white,1,0.05004176744866934,0.5198192781411949,0.6494767016750066,0.5,0.8404101907622971,0.8641018559714548
664c9a37d570871d534dd3c2,21,white_high,white,1,0.05004176744866934,0.5198192781411949,0.6858128399724428,0.5,0.8404101907622971,0.8865328526289267
664c9a37d570871d534dd3c2,22,black_high,black,0,0.05004176744866934,0.5198192781411949,0.8398553218831373,0.5,0.8404101907622971,0.9492711672970137
664c9a37d570871d534dd3c2,23,white_high,white,1,0.05004176744866934,0.4849531825689289,0.8398553218831373,0.5,0.8120824098902971,0.9492711672970137
664c9a37d570871d534dd3c2,24,black_high,black,1,0.05004176744866934,0.4849531825689289,0.8831111150392227,0.5,0.8120824098902971,0.959861506546368
664c9a37d570871d534dd3c2,25,white_high,white,1,0.05004176744866934,0.4957747887830506,0.8831111150392227,0.5,0.8212669730128014,0.959861506546368
664c9a37d570871d534dd3c2,26,white_high,white,1,0.05004176744866934,0.4957747887830506,0.607579253089036,0.5,0.8212669730128014,0.8337212380646616
664c9a37d570871d534dd3c2,27,black_high,black,1,0.05004176744866934,0.4957747887830506,0.4582891493550434,0.5,0.8212669730128014,0.6826080547919301
664c9a37d570871d534dd3c2,28,black_high,black,1,0.05004176744866934,0.7145722488625189,0.4582891493550434,0.5,0.9407827954498993,0.6826080547919301
664c9a37d570871d534dd3c2,29,black_high,white,1,0.05004176744866934,0.560252812722234,0.4582891493550434,0.5,0.8688164813840978,0.6826080547919301
664c9a37d570871d534dd3c2,30,white_high,black,1,0.014051944081110587,0.560252812722234,0.4582891493550434,0.5,0.8903763375977529,0.6826080547919301
664c9a37d570871d534dd3c2,31,black_high,black,1,0.014051944081110587,0.560252812722234,0.4582891493550434,0.14040215601421807,0.8903763375977529,0.9429262237287117
664c9a37d570871d534dd3c2,32,white_high,white,1,0.014051944081110587,0.6607583872185578,0.4582891493550434,0.14040215601421807,0.9348954852186189,0.9429262237287117
664c9a37d570871d534dd3c2,33,black_high,black,0,0.014051944081110587,0.6607583872185578,0.7759656884691477,0.14040215601421807,0.9348954852186189,0.9901053423306723
664c9a37d570871d534dd3c2,34,white_high,white,1,0.014051944081110587,0.6430783630317767,0.7759656884691477,0.14040215601421807,0.928521581013282,0.9901053423306723
664c9a37d570871d534dd3c2,35,black_high,black,0,0.014051944081110587,0.6430783630317767,0.2898140801054072,0.14040215601421807,0.928521581013282,0.8640587207942647
664c9a37d570871d534dd3c2,36,white_high,black,1,0.014051944081110587,0.6014441288986787,0.2898140801054072,0.14040215601421807,0.911180830761732,0.8640587207942647
664c9a37d570871d534dd3c2,37,black_high,black,1,0.014051944081110587,0.6014441288986787,0.2898140801054072,0.03942553082688166,0.911180830761732,0.9184849876413199
664c9a37d570871d534dd3c2,38,white_high,white,1,0.014051944081110587,0.7442446552161867,0.2898140801054072,0.03942553082688166,0.9584250714239805,0.9184849876413199
66723b1f7c3cf6961f0868a3,0,white_high,black,0,0.5,0.5,0.5,0.5,0.8113238988606776,0.18867610113932237
66723b1f7c3cf6961f0868a3,1,black_high,black,0,0.5,0.5,0.5,0.2641165267753483,0.8113238988606776,0.2157124774976499
66723b1f7c3cf6961f0868a3,2,white_high,white,0,0.5,0.641530083934791,0.5,0.2641165267753483,0.826255658674826,0.2157124774976499
66723b1f7c3cf6961f0868a3,3,white_high,black,0,0.5,0.641530083934791,0.5,0.2641165267753483,0.826255658674826,0.2157124774976499
66723b1f7c3cf6961f0868a3,4,black_high,black,1,0.5,0.641530083934791,0.5,0.13951507943174657,0.826255658674826,0.2310861278317047
66723b1f7c3cf6961f0868a3,5,black_high,black,1,0.5,0.6200604337432775,0.5,0.13951507943174657,0.824052114398488,0.2310861278317047
66723b1f7c3cf6961f0868a3,6,black_high,black,1,0.5,0.5579932460545435,0.5,0.13951507943174657,0.817558316234186,0.2310861278317047
66723b1f7c3cf6961f0868a3,7,black_high,black,1,0.5,0.683102561011645,0.5,0.13951507943174657,0.8304604068459129,0.2310861278317047
66723b1f7c3cf6961f0868a3,8,black_high,black,0,0.5,0.795231208519965,0.5,0.13951507943174657,0.8413972827680486,0.2310861278317047
66723b1f7c3cf6961f0868a3,9,black_high,black,0,0.5,0.7503042720698242,0.5,0.13951507943174657,0.8370855027149463,0.2310861278317047
66723b1f7c3cf6961f0868a3,10,black_high,black,0,0.5,0.7265723792420883,0.5,0.13951507943174657,0.8347700238347618,0.2310861278317047
66723b1f7c3cf6961f0868a3,11,black_high,black,0,0.5,0.7612131036720858,0.5,0.13951507943174657,0.8381410596840343,0.2310861278317047
66723b1f7c3cf6961f0868a3,12,black_high,black,0,0.5,0.6379813953801605,0.5,0.13951507943174657,0.8258929472057805,0.2310861278317047
66723b1f7c3cf6961f0868a3,13,white_high,black,0,0.5,0.6672397231047088,0.5,0.13951507943174657,0.8288656312609111,0.2310861278317047
66723b1f7c3cf6961f0868a3,14,white_high,black,1,0.5,0.6672397231047088,0.5,0.07369647642459948,0.8288656312609111,0.2395104240477006
66723b1f7c3cf6961f0868a3,15,white_high,white,0,0.5,0.6672397231047088,0.5,0.03559788814176232,0.8288656312609111,0.24448192463062968
66723b1f7c3cf6961f0868a3,16,white_high,black,0,0.5,0.6672397231047088,0.6887067785797214,0.03559788814176232,0.8288656312609111,0.27011931383984755
66723b1f7c3cf6961f0868a3,17,black_high,black,1,0.5,0.6672397231047088,0.6887067785797214,0.01880398115307924,0.8288656312609111,0.272481200928397
66723b1f7c3cf6961f0868a3,18,black_high,black,0,0.5,0.7875689218433454,0.6887067785797214,0.01880398115307924,0.8406685158340002,0.272481200928397
66723b1f7c3cf6961f0868a3,19,white_high,black,0,0.5,0.7934334936263829,0.6887067785797214,0.01880398115307924,0.8412265437370756,0.272481200928397
66723b1f7c3cf6961f0868a3,20,white_high,white,0,0.5,0.7934334936263829,0.6887067785797214,0.009932884383400797,0.8412265437370756,0.2737340285818269
66723b1f7c3cf6961f0868a3,21,black_high,black,0,0.5,0.7934334936263829,0.7883879364546028,0.009932884383400797,0.8412265437370756,0.2880555164672067
66723b1f7c3cf6961f0868a3,22,white_high,white,0,0.5,0.8437080489320345,0.7883879364546028,0.009932884383400797,0.8459453918369296,0.2880555164672067
66723b1f7c3cf6961f0868a3,23,black_high,black,0,0.5,0.8437080489320345,0.8410428188603205,0.009932884383400797,0.8459453918369296,0.29579803273646754
66723b1f7c3cf6961f0868a3,24,black_high,white,0,0.5,0.6343812575723905,0.8410428188603205,0.009932884383400797,0.8255243667411256,0.29579803273646754
66723b1f7c3cf6961f0868a3,25,white_high,black,0,0.2641165267753483,0.6343812575723905,0.8410428188603205,0.009932884383400797,0.848391408923557,0.29579803273646754
66723b1f7c3cf6961f0868a3,26,white_high,black,0,0.2641165267753483,0.6343812575723905,0.8410428188603205,0.005246877848409831,0.848391408923557,0.29649289929048284
66723b1f7c3cf6961f0868a3,27,black_high,black,0,0.2641165267753483,0.6343812575723905,0.8410428188603205,0.0027715743074730338,0.848391408923557,0.2968603317018224
66723b1f7c3cf6961f0868a3,28,white_high,black,0,0.2641165267753483,0.4766312327375858,0.8410428188603205,0.0027715743074730338,0.8333860350342224,0.2968603317018224
66723b1f7c3cf6961f0868a3,29,black_high,black,0,0.2641165267753483,0.4766312327375858,0.8410428188603205,0.001464037159579138,0.8333860350342224,0.2970545278053631
66723b1f7c3cf6961f0868a3,30,white_high,white,0,0.2641165267753483,0.44047915006632904,0.8410428188603205,0.001464037159579138,0.8297842546503219,0.2970545278053631
66723b1f7c3cf6961f0868a3,31,black_high,white,0,0.2641165267753483,0.44047915006632904,0.7745034788879849,0.001464037159579138,0.8297842546503219,0.28726606508324765
66723b1f7c3cf6961f0868a3,32,white_high,black,0,0.13951507943174657,0.44047915006632904,0.7745034788879849,0.001464037159579138,0.8419407696070582,0.28726606508324765
66723b1f7c3cf6961f0868a3,33,black_high,black,0,0.13951507943174657,0.44047915006632904,0.7745034788879849,0.0007733528193161766,0.8419407696070582,0.2873666765382424
66723b1f7c3cf6961f0868a3,34,black_high,black,0,0.13951507943174657,0.5629125089794649,0.7745034788879849,0.0007733528193161766,0.8531894046927072,0.2873666765382424
66723b1f7c3cf6961f0868a3,35,white_high,black,0,0.13951507943174657,0.5804091613696887,0.7745034788879849,0.0007733528193161766,0.8547416410811879,0.2873666765382424
66723b1f7c3cf6961f0868a3,36,white_high,black,0,0.13951507943174657,0.5804091613696887,0.7745034788879849,0.0004085105212194241,0.8547416410811879,0.2874198313212078
66723b1f7c3cf6961f0868a3,37,black_high,black,0,0.13951507943174657,0.5804091613696887,0.7745034788879849,0.00021578876003132305,0.8547416410811879,0.2874479118022404
66723b1f7c3cf6961f0868a3,38,white_high,black,0,0.13951507943174657,0.6840048607785524,0.7745034788879849,0.00021578876003132305,0.8636547409566729,0.2874479118022404
66723b1f7c3cf6961f0868a3,39,white_high,black,0,0.13951507943174657,0.6840048607785524,0.7745034788879849,0.00011398675563326428,0.8636547409566729,0.28746274550109
66723b1f7c3cf6961f0868a3,40,black_high,white,0,0.13951507943174657,0.6840048607785524,0.7745034788879849,6.021157199249626e-05,0.8636547409566729,0.2874705813354503
66723b1f7c3cf6961f0868a3,41,white_high,black,0,0.07369647642459948,0.6840048607785524,0.7745034788879849,6.021157199249626e-05,0.8690751101313966,0.2874705813354503
66723b1f7c3cf6961f0868a3,42,white_high,black,1,0.07369647642459948,0.6840048607785524,0.7745034788879849,3.18057425326839e-05,0.8690751101313966,0.28747472053359163
66723b1f7c3cf6961f0868a3,43,black_high,white,1,0.07369647642459948,0.6840048607785524,0.7745034788879849,1.5363248283689254e-05,0.8690751101313966,0.2874771164926046
66723b1f7c3cf6961f0868a3,44,white_high,black,1,0.03559788814176232,0.6840048607785524,0.7745034788879849,1.5363248283689254e-05,0.8721282735955329,0.2874771164926046
66723b1f7c3cf6961f0868a3,45,black_high,black,1,0.03559788814176232,0.6840048607785524,0.7745034788879849,7.42096800864607e-06,0.8721282735955329,0.28747827382602836
66723b1f7c3cf6961f0868a3,46,white_high,black,0,0.03559788814176232,0.6922738073183246,0.7745034788879849,7.42096800864607e-06,0.8727828567871802,0.28747827382602836
66723b1f7c3cf6961f0868a3,47,white_high,white,0,0.03559788814176232,0.6922738073183246,0.7745034788879849,3.920000591509146e-06,0.8727828567871802,0.2874787839809809
667a7ab2a6179deb78e9dd1a,0,white_high,black,0,0.5,0.5,0.5,0.5,0.5733673090314323,0.4266326909685677
667a7ab2a6179deb78e9dd1a,1,white_high,black,0,0.5,0.5,0.5,0.25308498282343306,0.5733673090314323,0.43515946433043473
667a7ab2a6179deb78e9dd1a,2,black_high,white,0,0.5,0.5,0.5,0.1281040170614748,0.5733673090314323,0.4394904577062166
667a7ab2a6179deb78e9dd1a,3,black_high,white,0,0.25308498282343306,0.5,0.5,0.1281040170614748,0.5818506914300392,0.4394904577062166
667a7ab2a6179deb78e9dd1a,4,white_high,black,0,0.1281040170614748,0.5,0.5,0.1281040170614748,0.5861266656299676,0.4394904577062166
667a7ab2a6179deb78e9dd1a,5,white_high,black,0,0.1281040170614748,0.5,0.5,0.06484240591523226,0.5861266656299676,0.44168623696036885
667a7ab2a6179deb78e9dd1a,6,black_high,white,0,0.1281040170614748,0.5,0.5,0.03282127837457326,0.5861266656299676,0.4427985498374579
667a7ab2a6179deb78e9dd1a,7,white_high,black,0,0.06484240591523226,0.5,0.5,0.03282127837457326,0.5882861390455769,0.4427985498374579
667a7ab2a6179deb78e9dd1a,8,white_high,black,0,0.06484240591523226,0.5,0.5,0.016613145347343976,0.5882861390455769,0.44336178868514753
667a7ab2a6179deb78e9dd1a,9,white_high,white,0,0.06484240591523226,0.5,0.5,0.008409075209751494,0.5882861390455769,0.4436469388814487
667a7ab2a6179deb78e9dd1a,10,black_high,white,0,0.06484240591523226,0.5,0.5,0.008409075209751494,0.5882861390455769,0.4436469388814487
667a7ab2a6179deb78e9dd1a,11,black_high,white,0,0.03282127837457326,0.5,0.5,0.008409075209751494,0.5893779106245501,0.4436469388814487
667a7ab2a6179deb78e9dd1a,12,black_high,white,1,0.016613145347343976,0.5,0.5,0.008409075209751494,0.5899301979021853,0.4436469388814487
667a7ab2a6179deb78e9dd1a,13,black_high,white,1,0.00847112725730624,0.5,0.5,0.008409075209751494,0.5902075492713938,0.4436469388814487
667a7ab2a6179deb78e9dd1a,14,black_high,white,1,0.004319470847279944,0.5,0.5,0.008409075209751494,0.5903489500703598,0.4436469388814487
667a7ab2a6179deb78e9dd1a,15,white_high,black,1,0.0022025201409185745,0.5,0.5,0.008409075209751494,0.5904210453074773,0.4436469388814487
667a7ab2a6179deb78e9dd1a,16,white_high,black,1,0.0022025201409185745,0.5,0.5,0.0042878301928209305,0.5904210453074773,0.4437901956863764
667a7ab2a6179deb78e9dd1a,17,white_high,black,1,0.0022025201409185745,0.5,0.5,0.002186386410380329,0.5904210453074773,0.44386324665911264
667a7ab2a6179deb78e9dd1a,18,white_high,black,1,0.0022025201409185745,0.5,0.5,0.0011148495440652855,0.5904210453074773,0.4439004966559994
667a7ab2a6179deb78e9dd1a,19,black_high,white,0,0.0022025201409185745,0.5,0.5,0.0005684674493043388,0.5904210453074773,0.4439194908615633
667a7ab2a6179deb78e9dd1a,20,white_high,white,0,0.0011148495440652855,0.5,0.5,0.0005684674493043388,0.59045808569294,0.4439194908615633
667a7ab2a6179deb78e9dd1a,21,black_high,black,0,0.0011148495440652855,0.5,0.40123399312937325,0.0005684674493043388,0.59045808569294,0.4404887459823535
667a7ab2a6179deb78e9dd1a,22,black_high,white,0,0.0011148495440652855,0.40123399312937325,0.40123399312937325,0.0005684674493043388,0.5870904947062693,0.4404887459823535
667a7ab2a6179deb78e9dd1a,23,black_high,white,0,0.0005643033554209499,0.40123399312937325,0.40123399312937325,0.0005684674493043388,0.5871092894072114,0.4404887459823535
667a7ab2a6179deb78e9dd1a,24,black_high,white,0,0.0002856334100278335,0.40123399312937325,0.40123399312937325,0.0005684674493043388,0.5871188026235737,0.4404887459823535
667a7ab2a6179deb78e9dd1a,25,black_high,white,0,0.0001445790533413857,0.40123399312937325,0.40123399312937325,0.0005684674493043388,0.5871236179031775,0.4404887459823535
667a7ab2a6179deb78e9dd1a,26,black_high,black,0,7.318157446306563e-05,0.40123399312937325,0.40123399312937325,0.0005684674493043388,0.5871260552467358,0.4404887459823535
667a7ab2a6179deb78e9dd1a,27,black_high,black,1,7.318157446306563e-05,0.30185860338927656,0.40123399312937325,0.0005684674493043388,0.5837295280169675,0.4404887459823535
667a7ab2a6179deb78e9dd1a,28,white_high,black,0,7.318157446306563e-05,0.49698567811360994,0.40123399312937325,0.0005684674493043388,0.5903909066360512,0.4404887459823535
667a7ab2a6179deb78e9dd1a,29,black_high,white,0,7.318157446306563e-05,0.49698567811360994,0.40123399312937325,0.00028774114928573877,0.5903909066360512,0.44049848942491454
667a7ab2a6179deb78e9dd1a,30,white_high,black,0,3.704231503195351e-05,0.49698567811360994,0.40123399312937325,0.00028774114928573877,0.5903921373948818,0.44049848942491454
667a7ab2a6179deb78e9dd1a,31,white_high,black,0,3.704231503195351e-05,0.49698567811360994,0.40123399312937325,0.00014564592764915217,0.5903921373948818,0.44050342128037484
667a7ab2a6179deb78e9dd1a,32,white_high,black,0,3.704231503195351e-05,0.49698567811360994,0.40123399312937325,7.37215941947773e-05,0.5903921373948818,0.44050591764196034
667a7ab2a6179deb78e9dd1a,33,black_high,white,0,3.704231503195351e-05,0.49698567811360994,0.40123399312937325,3.7315656801002635e-05,0.5903921373948818,0.4405071812263653
667a7ab2a6179deb78e9dd1a,34,white_high,black,0,1.87497073272043e-05,0.49698567811360994,0.40123399312937325,3.7315656801002635e-05,0.5903927603676052,0.4405071812263653
667a7ab2a6179deb78e9dd1a,35,black_high,black,0,1.87497073272043e-05,0.49698567811360994,0.40123399312937325,1.888806472105375e-05,0.5903927603676052,0.4405078208151339
667a7ab2a6179deb78e9dd1a,36,white_high,black,0,1.87497073272043e-05,0.3009422270530638,0.40123399312937325,1.888806472105375e-05,0.583700032525894,0.4405078208151339
667a7ab2a6179deb78e9dd1a,37,black_high,white,1,1.87497073272043e-05,0.3009422270530638,0.40123399312937325,9.56057107099156e-06,0.583700032525894,0.4405081445558342
667a7ab2a6179deb78e9dd1a,38,white_high,black,0,9.560571070991563e-06,0.3009422270530638,0.40123399312937325,9.56057107099156e-06,0.5837003469786468,0.4405081445558342
667a7ab2a6179deb78e9dd1a,39,white_high,black,0,9.560571070991563e-06,0.3009422270530638,0.40123399312937325,4.83927393056822e-06,0.5837003469786468,0.4405083084236726
667a7ab2a6179deb78e9dd1a,40,white_high,black,0,9.560571070991563e-06,0.3009422270530638,0.40123399312937325,2.4494951191914906e-06,0.5837003469786468,0.44050839136865577
667a7ab2a6179deb78e9dd1a,41,white_high,black,0,9.560571070991563e-06,0.3009422270530638,0.40123399312937325,1.239860860333323e-06,0.5837003469786468,0.4405084333529162
667a7ab2a6179deb78e9dd1a,42,white_high,black,0,9.560571070991563e-06,0.3009422270530638,0.40123399312937325,6.27580329081812e-07,0.5837003469786468,0.44050845460408833
667a7ab2a6179deb78e9dd1a,43,white_high,black,0,9.560571070991563e-06,0.3009422270530638,0.40123399312937325,3.176623136119897e-07,0.5837003469786468,0.4405084653607934
667a7ab2a6179deb78e9dd1a,44,black_high,white,1,9.560571070991563e-06,0.3009422270530638,0.40123399312937325,1.6079112236828484e-07,0.5837003469786468,0.44050847080551453
667a7ab2a6179deb78e9dd1a,45,black_high,black,0,4.874983785526093e-06,0.3009422270530638,0.40123399312937325,1.6079112236828484e-07,0.5837005073196776,0.44050847080551453
667a7ab2a6179deb78e9dd1a,46,black_high,white,1,4.874983785526093e-06,0.5473919442116478,0.40123399312937325,1.6079112236828484e-07,0.5921087587940047,0.44050847080551453
667bd577710d52a05ac09036,0,black_high,black,0,0.5,0.5,0.5,0.5,0.6529621025398138,0.3470378974601862
667bd577710d52a05ac09036,1,black_high,black,0,0.5,0.6054471258053141,0.5,0.5,0.6780905940284112,0.3470378974601862
667bd577710d52a05ac09036,2,black_high,black,0,0.5,0.6303729478564668,0.5,0.5,0.6838894633748904,0.3470378974601862
667bd577710d52a05ac09036,3,white_high,black,0,0.5,0.6750896606248761,0.5,0.5,0.6941498231707319,0.3470378974601862
667bd577710d52a05ac09036,4,white_high,black,0,0.5,0.6750896606248761,0.5,0.3681910927433574,0.6941498231707319,0.37967496567429715
667bd577710d52a05ac09036,5,white_high,black,0,0.5,0.6750896606248761,0.5,0.2711293615510952,0.6941498231707319,0.40444390769816263
667bd577710d52a05ac09036,6,black_high,black,0,0.5,0.6750896606248761,0.5,0.19965483180861315,0.6941498231707319,0.4230076163927538
667bd577710d52a05ac09036,7,white_high,black,0,0.5,0.7343800327523875,0.5,0.19965483180861315,0.7074616834342821,0.4230076163927538
667bd577710d52a05ac09036,8,white_high,white,0,0.5,0.7343800327523875,0.5,0.14702226139020902,0.7074616834342821,0.43682112496528575
667bd577710d52a05ac09036,9,white_high,white,0,0.5,0.7343800327523875,0.5790853443539856,0.14702226139020902,0.7074616834342821,0.4577561272271571
667bd577710d52a05ac09036,10,white_high,white,0,0.5,0.7343800327523875,0.4527899129100433,0.14702226139020902,0.7074616834342821,0.4244255872070644
667bd577710d52a05ac09036,11,black_high,black,1,0.5,0.7343800327523875,0.4652353328916795,0.14702226139020902,0.7074616834342821,0.42768471681141557
667bd577710d52a05ac09036,12,white_high,white,1,0.5,0.827753566515378,0.4652353328916795,0.14702226139020902,0.727719637068742,0.42768471681141557
667bd577710d52a05ac09036,13,white_high,white,1,0.5,0.827753566515378,0.37207864900263216,0.14702226139020902,0.727719637068742,0.4034603996063975
667bd577710d52a05ac09036,14,white_high,white,0,0.5,0.827753566515378,0.3878202002985772,0.14702226139020902,0.727719637068742,0.40752429572345006
667bd577710d52a05ac09036,15,black_high,black,0,0.5,0.827753566515378,0.3910310124770759,0.14702226139020902,0.727719637068742,0.40835478580098167
667bd577710d52a05ac09036,16,white_high,black,1,0.5,0.820437231965645,0.3910310124770759,0.14702226139020902,0.7261643694698849,0.40835478580098167
667bd577710d52a05ac09036,17,white_high,black,0,0.5,0.820437231965645,0.3910310124770759,0.06413377689180509,0.7261643694698849,0.4299626130851429
667bd577710d52a05ac09036,18,black_high,black,1,0.5,0.820437231965645,0.3910310124770759,0.0472269707911048,0.7261643694698849,0.43440577974798494
667bd577710d52a05ac09036,19,black_high,black,1,0.5,0.5270241595079701,0.3910310124770759,0.0472269707911048,0.6594907977172177,0.43440577974798494
667bd577710d52a05ac09036,20,white_high,black,1,0.5,0.4554102421546329,0.3910310124770759,0.0472269707911048,0.6420638085000828,0.43440577974798494
667bd577710d52a05ac09036,21,white_high,black,0,0.5,0.4554102421546329,0.3910310124770759,0.020601261192369453,0.6420638085000828,0.44142426060841733
667bd577710d52a05ac09036,22,black_high,black,0,0.5,0.4554102421546329,0.3910310124770759,0.015170401740619663,0.6420638085000828,0.44285879640551
667bd577710d52a05ac09036,23,black_high,black,1,0.5,0.41444133376484815,0.3910310124770759,0.015170401740619663,0.6319190591025257,0.44285879640551
667bd577710d52a05ac09036,24,black_high,white,0,0.5,0.29354319900953285,0.3910310124770759,0.015170401740619663,0.601324277515648,0.44285879640551
667bd577710d52a05ac09036,25,black_high,white,0,0.3681910927433574,0.29354319900953285,0.3910310124770759,0.015170401740619663,0.6346326491696636,0.44285879640551
667bd577710d52a05ac09036,26,black_high,black,0,0.2711293615510952,0.29354319900953285,0.3910310124770759,0.015170401740619663,0.6583811940098484,0.44285879640551
667bd577710d52a05ac09036,27,white_high,black,0,0.2711293615510952,0.42705423403202963,0.3910310124770759,0.015170401740619663,0.6897751815819362,0.44285879640551
667bd577710d52a05ac09036,28,black_high,white,0,0.2711293615510952,0.42705423403202963,0.3910310124770759,0.01117121358846897,0.6897751815819362,0.4439157741096365
667bd577710d52a05ac09036,29,black_high,white,0,0.19965483180861315,0.42705423403202963,0.3910310124770759,0.01117121358846897,0.7059121170304689,0.4439157741096365
667bd577710d52a05ac09036,30,white_high,black,0,0.14702226139020902,0.42705423403202963,0.3910310124770759,0.01117121358846897,0.7174763006631898,0.4439157741096365
667bd577710d52a05ac09036,31,black_high,white,0,0.14702226139020902,0.42705423403202963,0.3910310124770759,0.008226282676815667,0.7174763006631898,0.4446944388903701
667bd577710d52a05ac09036,32,black_high,white,0,0.10826457415772117,0.42705423403202963,0.3910310124770759,0.008226282676815667,0.7258133749390359,0.4446944388903701
667bd577710d52a05ac09036,33,black_high,black,0,0.07972410372905123,0.42705423403202963,0.3910310124770759,0.008226282676815667,0.7318538268058706,0.4446944388903701
667bd577710d52a05ac09036,34,white_high,black,0,0.07972410372905123,0.41992225598317506,0.3910310124770759,0.008226282676815667,0.7303523058738903,0.4446944388903701
667bd577710d52a05ac09036,35,black_high,white,0,0.07972410372905123,0.41992225598317506,0.3910310124770759,0.0060576880159850235,0.7303523058738903,0.4452680076635945
669533c82c03a4d6320159d3,0,white_high,white,0,0.5,0.5,0.5,0.5,0.18180111518877526,0.8181988848112247
669533c82c03a4d6320159d3,1,black_high,black,0,0.5,0.5,0.7180703258271889,0.5,0.18180111518877526,0.9208012392218513
669533c82c03a4d6320159d3,2,white_high,white,1,0.5,0.7180703258271889,0.7180703258271889,0.5,0.36468181880987516,0.9208012392218513
669533c82c03a4d6320159d3,3,white_high,white,0,0.5,0.7180703258271889,0.7137099391912175,0.5,0.36468181880987516,0.9194061894867082
669533c82c03a4d6320159d3,4,white_high,white,1,0.5,0.7180703258271889,0.849124386721011,0.5,0.36468181880987516,0.9536316553435543
669533c82c03a4d6320159d3,5,white_high,white,1,0.5,0.7180703258271889,0.8614007201064761,0.5,0.36468181880987516,0.9559377704342059
669533c82c03a4d6320159d3,6,white_high,white,1,0.5,0.7180703258271889,0.8707147626874129,0.5,0.36468181880987516,0.9576140016657297
669533c82c03a4d6320159d3,7,white_high,white,1,0.5,0.7180703258271889,0.8053910355631201,0.5,0.36468181880987516,0.9444502002158288
669533c82c03a4d6320159d3,8,white_high,white,0,0.5,0.7180703258271889,0.828220267759529,0.5,0.36468181880987516,0.9494385333212012
669533c82c03a4d6320159d3,9,black_high,black,0,0.5,0.7180703258271889,0.735016815866296,0.5,0.36468181880987516,0.9260157158692076
669533c82c03a4d6320159d3,10,white_high,white,0,0.5,0.8503152035755196,0.735016815866296,0.5,0.5051145574644813,0.9260157158692076
669533c82c03a4d6320159d3,11,white_high,white,1,0.5,0.8503152035755196,0.7095630543816498,0.5,0.5051145574644813,0.9180586838552903
669533c82c03a4d6320159d3,12,white_high,white,0,0.5,0.8503152035755196,0.7555156686626858,0.5,0.5051145574644813,0.9319003719201294
669533c82c03a4d6320159d3,13,white_high,white,1,0.5,0.8503152035755196,0.7151612688167319,0.5,0.5051145574644813,0.9198729952452712
669533c82c03a4d6320159d3,14,black_high,black,1,0.5,0.8503152035755196,0.7356329345300134,0.5,0.5051145574644813,0.9261992165075601
669533c82c03a4d6320159d3,15,black_high,black,0,0.5,0.8140440034255016,0.7356329345300134,0.5,0.4657035577603927,0.9261992165075601
669533c82c03a4d6320159d3,16,black_high,black,1,0.5,0.876525510691507,0.7356329345300134,0.5,0.5335823982866645,0.9261992165075601
669533c82c03a4d6320159d3,17,black_high,black,0,0.5,0.882189927063734,0.7356329345300134,0.5,0.5397124154692602,0.9261992165075601
669533c82c03a4d6320159d3,18,white_high,white,1,0.5,0.8951360884244591,0.7356329345300134,0.5,0.5536747763644492,0.9261992165075601
669533c82c03a4d6320159d3,19,white_high,white,1,0.5,0.8951360884244591,0.7752948621855066,0.5,0.5536747763644492,0.9371644447166766
669533c82c03a4d6320159d3,20,black_high,black,1,0.5,0.8951360884244591,0.6847358585863468,0.5,0.5536747763644492,0.9095542485773026
669533c82c03a4d6320159d3,21,white_high,white,1,0.5,0.8963097548671872,0.6847358585863468,0.5,0.5549367269066534,0.9095542485773026
669533c82c03a4d6320159d3,22,black_high,white,1,0.5,0.8963097548671872,0.7366792985884996,0.5,0.5549367269066534,0.9265098990215307
669533c82c03a4d6320159d3,23,white_high,white,0,0.3793495292317686,0.8963097548671872,0.7366792985884996,0.5,0.6782488432618423,0.9265098990215307
669533c82c03a4d6320159d3,24,black_high,white,0,0.3793495292317686,0.8963097548671872,0.8553972938256027,0.5,0.6782488432618423,0.9548240235537744
669533c82c03a4d6320159d3,25,white_high,white,0,0.10359994442522702,0.8963097548671872,0.8553972938256027,0.5,0.8749945609514103,0.9548240235537744
669533c82c03a4d6320159d3,26,white_high,white,0,0.10359994442522702,0.8963097548671872,0.8151289407772904,0.5,0.8749945609514103,0.9466322783080346
669533c82c03a4d6320159d3,27,white_high,white,0,0.10359994442522702,0.8963097548671872,0.8768218059039401,0.5,0.8749945609514103,0.9586798113078773
669533c82c03a4d6320159d3,28,black_high,black,0,0.10359994442522702,0.8963097548671872,0.8209799517569225,0.5,0.8749945609514103,0.9479042211813556
669533c82c03a4d6320159d3,29,white_high,white,0,0.10359994442522702,0.7536119808440436,0.8209799517569225,0.5,0.789980421540032,0.9479042211813556
669533c82c03a4d6320159d3,30,white_high,white,0,0.10359994442522702,0.7536119808440436,0.7330394934296236,0.5,0.789980421540032,0.9254239645361383
669533c82c03a4d6320159d3,31,black_high,black,0,0.10359994442522702,0.7536119808440436,0.636332941162683,0.5,0.789980421540032,0.8906642344201333
669533c82c03a4d6320159d3,32,black_high,white,0,0.10359994442522702,0.6419512651319753,0.636332941162683,0.5,0.6982197320705019,0.8906642344201333
669533c82c03a4d6320159d3,33,black_high,white,1,0.028293032303600654,0.6419512651319753,0.636332941162683,0.5,0.7625276224232587,0.8906642344201333
669533c82c03a4d6320159d3,34,black_high,black,1,0.02146589696982026,0.6419512651319753,0.636332941162683,0.5,0.767866037976658,0.8906642344201333
669533c82c03a4d6320159d3,35,black_high,black,1,0.02146589696982026,0.7042186678179227,0.636332941162683,0.5,0.8126470320075764,0.8906642344201333
669533c82c03a4d6320159d3,36,black_high,white,1,0.02146589696982026,0.7273307934550747,0.636332941162683,0.5,0.8274828451408697,0.8906642344201333
669533c82c03a4d6320159d3,37,black_high,black,0,0.01628615582007793,0.7273307934550747,0.636332941162683,0.5,0.8306773100870494,0.8906642344201333
669533c82c03a4d6320159d3,38,black_high,black,0,0.01628615582007793,0.7074640100088622,0.636332941162683,0.5,0.8181658952872713,0.8906642344201333
669533c82c03a4d6320159d3,39,white_high,white,0,0.01628615582007793,0.7020384130268289,0.636332941162683,0.5,0.8146264878599,0.8906642344201333
669533c82c03a4d6320159d3,40,black_high,black,0,0.01628615582007793,0.7020384130268289,0.6826125953797247,0.5,0.8146264878599,0.9087911585788064
669533c82c03a4d6320159d3,41,black_high,black,0,0.01628615582007793,0.8459369056018515,0.6826125953797247,0.5,0.8915464677703692,0.9087911585788064
669533c82c03a4d6320159d3,42,black_high,black,0,0.01628615582007793,0.7398552104191599,0.6826125953797247,0.5,0.8382065733225226,0.9087911585788064
669533c82c03a4d6320159d3,43,black_high,white,0,0.01628615582007793,0.710884414679102,0.6826125953797247,0.5,0.8203700678457863,0.9087911585788064
669533c82c03a4d6320159d3,44,black_high,black,0,0.004447731466222057,0.710884414679102,0.6826125953797247,0.5,0.8278378079255287,0.9087911585788064
669533c82c03a4d6320159d3,45,white_high,white,0,0.004447731466222057,0.9210428476545908,0.6826125953797247,0.5,0.9230862007250313,0.9087911585788064
669533c82c03a4d6320159d3,46,white_high,white,0,0.004447731466222057,0.9210428476545908,0.8406317359006259,0.5,0.9230862007250313,0.95196958150639
669533c82c03a4d6320159d3,47,black_high,black,0,0.004447731466222057,0.9210428476545908,0.7384063743356504,0.5,0.9230862007250313,0.9270200628323249
66b0cd32e02e57ac86e82550,0,white_high,white,0,0.5,0.5,0.5,0.5,0.25455279397475616,0.7454472060252438
66b0cd32e02e57ac86e82550,1,white_high,white,0,0.5,0.5,0.5653730658441967,0.5,0.25455279397475616,0.8035227511430496
66b0cd32e02e57ac86e82550,2,black_high,white,0,0.5,0.5,0.5729186286660299,0.5,0.25455279397475616,0.809537564693411
66b0cd32e02e57ac86e82550,3,black_high,white,1,0.39104489025967226,0.5,0.5729186286660299,0.5,0.37335790624131016,0.809537564693411
66b0cd32e02e57ac86e82550,4,black_high,white,0,0.3097356788622982,0.5,0.5729186286660299,0.5,0.47441249907336247,0.809537564693411
66b0cd32e02e57ac86e82550,5,black_high,black,0,0.24224110910042498,0.5,0.5729186286660299,0.5,0.5603005237832237,0.809537564693411
66b0cd32e02e57ac86e82550,6,white_high,white,1,0.24224110910042498,0.5435820438961311,0.5729186286660299,0.5,0.6142084110506625,0.809537564693411
66b0cd32e02e57ac86e82550,7,black_high,black,0,0.24224110910042498,0.5435820438961311,0.6201352211496667,0.5,0.6142084110506625,0.8439914886084247
66b0cd32e02e57ac86e82550,8,black_high,white,1,0.24224110910042498,0.5776671150414406,0.6201352211496667,0.5,0.6545665734740496,0.8439914886084247
66b0cd32e02e57ac86e82550,9,white_high,black,1,0.19187238152057745,0.5776671150414406,0.6201352211496667,0.5,0.710229900881213,0.8439914886084247
66b0cd32e02e57ac86e82550,10,black_high,white,0,0.19187238152057745,0.5776671150414406,0.6201352211496667,0.39603596233749416,0.710229900881213,0.9019756034321554
66b0cd32e02e57ac86e82550,11,white_high,white,0,0.15006142875115236,0.5776671150414406,0.6201352211496667,0.39603596233749416,0.752149206532327,0.9019756034321554
66b0cd32e02e57ac86e82550,12,white_high,black,0,0.15006142875115236,0.5776671150414406,0.6593295945857823,0.39603596233749416,0.752149206532327,0.9183105095211455
66b0cd32e02e57ac86e82550,13,white_high,white,1,0.15006142875115236,0.5776671150414406,0.6593295945857823,0.30973567886229825,0.752149206532327,0.945859296844157
66b0cd32e02e57ac86e82550,14,white_high,white,1,0.15006142875115236,0.5776671150414406,0.6677861137062485,0.30973567886229825,0.752149206532327,0.948029572793404
66b0cd32e02e57ac86e82550,15,black_high,white,1,0.15006142875115236,0.5776671150414406,0.6952770926145482,0.30973567886229825,0.752149206532327,0.9545296748158147
66b0cd32e02e57ac86e82550,16,black_high,black,1,0.11885944469040387,0.5776671150414406,0.6952770926145482,0.30973567886229825,0.7806596812124718,0.9545296748158147
66b0cd32e02e57ac86e82550,17,white_high,white,1,0.11885944469040387,0.5823107488273288,0.6952770926145482,0.30973567886229825,0.7846948445401458,0.9545296748158147
66b0cd32e02e57ac86e82550,18,white_high,white,0,0.11885944469040387,0.5823107488273288,0.6962591176571434,0.30973567886229825,0.7846948445401458,0.9547469325070257
66b0cd32e02e57ac86e82550,19,white_high,white,0,0.11885944469040387,0.5823107488273288,0.6752832722014611,0.30973567886229825,0.7846948445401458,0.9498846348924895
66b0cd32e02e57ac86e82550,20,white_high,white,1,0.11885944469040387,0.5823107488273288,0.7024603217289499,0.30973567886229825,0.7846948445401458,0.9560961735901161
66b0cd32e02e57ac86e82550,21,black_high,white,1,0.11885944469040387,0.5823107488273288,0.701948751767169,0.30973567886229825,0.7846948445401458,0.9559863357490287
66b0cd32e02e57ac86e82550,22,white_high,white,0,0.09414522912172851,0.5823107488273288,0.701948751767169,0.30973567886229825,0.8052600812062014,0.9559863357490287
66b0cd32e02e57ac86e82550,23,black_high,black,0,0.09414522912172851,0.5823107488273288,0.7233151207899374,0.30973567886229825,0.8052600812062014,0.9603574142659483
66b0cd32e02e57ac86e82550,24,black_high,black,1,0.09414522912172851,0.6297474613289451,0.7233151207899374,0.30973567886229825,0.8404860004683193,0.9603574142659483
66b0cd32e02e57ac86e82550,25,black_high,black,1,0.09414522912172851,0.6027693214165112,0.7233151207899374,0.30973567886229825,0.8211297820889325,0.9603574142659483
66b0cd32e02e57ac86e82550,26,white_high,white,1,0.09414522912172851,0.6229863092769209,0.7233151207899374,0.30973567886229825,0.8358003534546876,0.9603574142659483
66b0cd32e02e57ac86e82550,27,white_high,white,1,0.09414522912172851,0.6229863092769209,0.7184672525981156,0.30973567886229825,0.8358003534546876,0.9594036772874815
66b0cd32e02e57ac86e82550,28,white_high,white,0,0.09414522912172851,0.6229863092769209,0.7354201998413498,0.30973567886229825,0.8358003534546876,0.9626459702740945
66b0cd32e02e57ac86e82550,29,black_high,black,0,0.09414522912172851,0.6229863092769209,0.7059107543718071,0.30973567886229825,0.8358003534546876,0.9568302036374211
66b0cd32e02e57ac86e82550,30,white_high,white,0,0.09414522912172851,0.5526042917331402,0.7059107543718071,0.30973567886229825,0.7803545690536322,0.9568302036374211
66b0cd32e02e57ac86e82550,31,white_high,white,0,0.09414522912172851,0.5526042917331402,0.7482047844854814,0.30973567886229825,0.7803545690536322,0.9649249324340878
66b0cd32e02e57ac86e82550,32,white_high,white,1,0.09414522912172851,0.5526042917331402,0.7812825132143636,0.30973567886229825,0.7803545690536322,0.9702160674719456
66b0cd32e02e57ac86e82550,33,white_high,white,1,0.09414522912172851,0.5526042917331402,0.8267600192816247,0.30973567886229825,0.7803545690536322,0.9762442592402109
66b0cd32e02e57ac86e82550,34,white_high,white,1,0.09414522912172851,0.5526042917331402,0.8211958599767363,0.30973567886229825,0.7803545690536322,0.9755760047768353
66b0cd32e02e57ac86e82550,35,black_high,black,1,0.09414522912172851,0.5526042917331402,0.7959958380744139,0.30973567886229825,0.7803545690536322,0.9723130936208466
66b0cd32e02e57ac86e82550,36,black_high,black,0,0.09414522912172851,0.45849515246922823,0.7959958380744139,0.30973567886229825,0.6871743477947836,0.9723130936208466
66b0cd32e02e57ac86e82550,37,white_high,white,0,0.09414522912172851,0.4893305048522354,0.7959958380744139,0.30973567886229825,0.7200028967690785,0.9723130936208466
66b0cd32e02e57ac86e82550,38,white_high,white,0,0.09414522912172851,0.4893305048522354,0.7968683858784544,0.30973567886229825,0.7200028967690785,0.9724328451043814
66b0cd32e02e57ac86e82550,39,white_high,white,0,0.09414522912172851,0.4893305048522354,0.7539687527028781,0.30973567886229825,0.7200028967690785,0.9659080430703623
66b0cd32e02e57ac86e82550,40,black_high,black,0,0.09414522912172851,0.4893305048522354,0.6550443221640345,0.30973567886229825,0.7200028967690785,0.9447271659578212
66b0cd32e02e57ac86e82550,41,black_high,black,0,0.09414522912172851,0.5570285627258292,0.6550443221640345,0.30973567886229825,0.7842042023480688,0.9447271659578212
66b0cd32e02e57ac86e82550,42,black_high,black,0,0.09414522912172851,0.6535565658459052,0.6550443221640345,0.30973567886229825,0.8561268243043337,0.9447271659578212
66b0cd32e02e57ac86e82550,43,black_high,black,0,0.09414522912172851,0.6636770647758593,0.6550443221640345,0.30973567886229825,0.8623789262457537,0.9447271659578212
66b0cd32e02e57ac86e82550,44,black_high,black,0,0.09414522912172851,0.6280101596666023,0.6550443221640345,0.30973567886229825,0.8392924484492751,0.9447271659578212
66b0cd32e02e57ac86e82550,45,black_high,black,0,0.09414522912172851,0.5783244157298337,0.6550443221640345,0.30973567886229825,0.8020465446495229,0.9447271659578212
66b0ce2b37f5b9ab41e82585,0,white_high,black,0,0.5,0.5,0.5,0.5,0.8894985284956678,0.11050147150433222
66b0ce2b37f5b9ab41e82585,1,black_high,black,1,0.5,0.5,0.5,0.4131093059277583,0.8894985284956678,0.19101796885961198
66b0ce2b37f5b9ab41e82585,2,black_high,black,1,0.5,0.7215675455462405,0.5,0.4131093059277583,0.9764146596747779,0.19101796885961198
66b0ce2b37f5b9ab41e82585,3,black_high,black,1,0.5,0.6542289888343372,0.5,0.4131093059277583,0.9617846921331862,0.19101796885961198
66b0ce2b37f5b9ab41e82585,4,black_high,black,1,0.5,0.7903661881103211,0.5,0.4131093059277583,0.9856812228874745,0.19101796885961198
66b0ce2b37f5b9ab41e82585,5,black_high,black,0,0.5,0.7403106518603868,0.5,0.4131093059277583,0.9794029363091286,0.19101796885961198
66b0ce2b37f5b9ab41e82585,6,white_high,black,0,0.5,0.6290365779363897,0.5,0.4131093059277583,0.9543206870159295,0.19101796885961198
66b0ce2b37f5b9ab41e82585,7,white_high,white,0,0.5,0.6290365779363897,0.5,0.3413185972882284,0.9543206870159295,0.28642818470022097
66b0ce2b37f5b9ab41e82585,8,white_high,white,0,0.5,0.6290365779363897,0.48262186118555167,0.3413185972882284,0.9543206870159295,0.2609109591269963
66b0ce2b37f5b9ab41e82585,9,white_high,black,0,0.5,0.6290365779363897,0.48564185827209405,0.3413185972882284,0.9543206870159295,0.265238207651726
66b0ce2b37f5b9ab41e82585,10,black_high,black,0,0.5,0.6290365779363897,0.48564185827209405,0.2820037776519521,0.9543206870159295,0.35881412250858774
66b0ce2b37f5b9ab41e82585,11,black_high,black,0,0.5,0.6413686999300867,0.48564185827209405,0.2820037776519521,0.958133553502969,0.35881412250858774
66b0ce2b37f5b9ab41e82585,12,white_high,white,0,0.5,0.5994233122016069,0.48564185827209405,0.2820037776519521,0.9437724877121944,0.35881412250858774
66b0ce2b37f5b9ab41e82585,13,white_high,black,0,0.5,0.5994233122016069,0.5576495913305382,0.2820037776519521,0.9437724877121944,0.4879281238021633
66b0ce2b37f5b9ab41e82585,14,black_high,black,0,0.5,0.5994233122016069,0.5576495913305382,0.23299676970960762,0.9437724877121944,0.5778417832631058
66b0ce2b37f5b9ab41e82585,15,white_high,black,0,0.5,0.5995235298077377,0.5576495913305382,0.23299676970960762,0.9438117818609401,0.5778417832631058
66b0ce2b37f5b9ab41e82585,16,black_high,black,0,0.5,0.5995235298077377,0.5576495913305382,0.19250626763629147,0.9438117818609401,0.6486681899419636
66b0ce2b37f5b9ab41e82585,17,white_high,black,0,0.5,0.6517407479025036,0.5576495913305382,0.19250626763629147,0.9611029662318775,0.6486681899419636
66b0ce2b37f5b9ab41e82585,18,black_high,black,0,0.5,0.6517407479025036,0.5576495913305382,0.1590522612199433,0.9611029662318775,0.7027552684638131
66b0ce2b37f5b9ab41e82585,19,black_high,black,0,0.5,0.6775054465372694,0.5576495913305382,0.1590522612199433,0.9676292450012193,0.7027552684638131
66b0ce2b37f5b9ab41e82585,20,white_high,black,0,0.5,0.7161708588926097,0.5576495913305382,0.1590522612199433,0.975478418548909,0.7027552684638131
66b0ce2b37f5b9ab41e82585,21,white_high,white,0,0.5,0.7161708588926097,0.5576495913305382,0.13141193847762256,0.975478418548909,0.7435964519622755
66b0ce2b37f5b9ab41e82585,22,black_high,black,0,0.5,0.7161708588926097,0.5997655817665001,0.13141193847762256,0.975478418548909,0.7983527065635779
66b0ce2b37f5b9ab41e82585,23,black_high,black,0,0.5,0.74811694221566,0.5997655817665001,0.13141193847762256,0.9805352195553264,0.7983527065635779
66b0ce2b37f5b9ab41e82585,24,black_high,black,0,0.5,0.7571332520186032,0.5997655817665001,0.13141193847762256,0.9817672085105447,0.7983527065635779
66b0ce2b37f5b9ab41e82585,25,black_high,black,0,0.5,0.7819608338024984,0.5997655817665001,0.13141193847762256,0.9847774265380665,0.7983527065635779
66b0ce2b37f5b9ab41e82585,26,white_high,white,0,0.5,0.6634487334441308,0.5997655817665001,0.13141193847762256,0.9642120058344031,0.7983527065635779
66b0ce2b37f5b9ab41e82585,27,black_high,black,0,0.5,0.6634487334441308,0.599806319292524,0.13141193847762256,0.9642120058344031,0.7984011743590639
66b0ce2b37f5b9ab41e82585,28,black_high,black,0,0.5,0.7045569409135455,0.599806319292524,0.13141193847762256,0.973339101961863,0.7984011743590639
66b0ce2b37f5b9ab41e82585,29,black_high,black,0,0.5,0.6863868905814489,0.599806319292524,0.13141193847762256,0.9696234672443681,0.7984011743590639
66b0ce2b37f5b9ab41e82585,30,black_high,black,0,0.5,0.6887525956331674,0.599806319292524,0.13141193847762256,0.9701342658941279,0.7984011743590639
66b0ce2b37f5b9ab41e82585,31,white_high,white,1,0.5,0.7080853239915063,0.599806319292524,0.13141193847762256,0.9740075576902931,0.7984011743590639
66b0ce2b37f5b9ab41e82585,32,black_high,black,1,0.5,0.7080853239915063,0.7660892618496422,0.13141193847762256,0.9740075576902931,0.9312050508888592
66b0ce2b37f5b9ab41e82585,33,white_high,white,1,0.5,0.758998596898706,0.7660892618496422,0.13141193847762256,0.9820123683490869,0.9312050508888592
66b0ce2b37f5b9ab41e82585,34,black_high,black,1,0.5,0.758998596898706,0.6740892866256121,0.13141193847762256,0.9820123683490869,0.8727356224448514
66b0ce2b37f5b9ab41e82585,35,white_high,white,1,0.5,0.6709262747483501,0.6740892866256121,0.13141193847762256,0.9660709645376144,0.8727356224448514
66b0ce2b37f5b9ab41e82585,36,white_high,white,0,0.5,0.6709262747483501,0.7438336059264604,0.13141193847762256,0.9660709645376144,0.9198901086328997
66b0ce2b37f5b9ab41e82585,37,black_high,black,0,0.5,0.6709262747483501,0.6840817245978368,0.13141193847762256,0.9660709645376144,0.8807153030838466
66b0ce2b37f5b9ab41e82585,38,white_high,white,0,0.5,0.6238443306377681,0.6840817245978368,0.13141193847762256,0.952618276537678,0.8807153030838466
66b0ce2b37f5b9ab41e82585,39,white_high,white,0,0.5,0.6238443306377681,0.7389824410374359,0.13141193847762256,0.952618276537678,0.9172077334764356
66b0ce2b37f5b9ab41e82585,40,black_high,black,0,0.5,0.6238443306377681,0.7669642959495865,0.13141193847762256,0.952618276537678,0.9316182185264009
66b0ce2b37f5b9ab41e82585,41,white_high,white,0,0.5,0.6718350462035058,0.7669642959495865,0.13141193847762256,0.9662904403062835,0.9316182185264009
66b0ce2b37f5b9ab41e82585,42,black_high,black,0,0.5,0.6718350462035058,0.7031927312000043,0.13141193847762256,0.9662904403062835,0.894775169536165
66cc85c87017ef38adbaebc6,0,white_high,white,0,0.5,0.5,0.5,0.5,0.37629661602618736,0.6237033839738126
66cc85c87017ef38adbaebc6,1,white_high,white,0,0.5,0.5,0.7561043005436872,0.5,0.37629661602618736,0.717215879788211
66cc85c87017ef38adbaebc6,2,white_high,white,0,0.5,0.5,0.8482350691949463,0.5,0.37629661602618736,0.7471982014622033
66cc85c87017ef38adbaebc6,3,black_high,white,0,0.5,0.5,0.6892998972784825,0.5,0.37629661602618736,0.6941788649454119
66cc85c87017ef38adbaebc6,4,white_high,black,0,0.179869624320391,0.5,0.6892998972784825,0.5,0.5066115316728899,0.6941788649454119
66cc85c87017ef38adbaebc6,5,white_high,white,0,0.179869624320391,0.5,0.6892998972784825,0.179869624320391,0.5066115316728899,0.7943705251453562
66cc85c87017ef38adbaebc6,6,black_high,black,0,0.179869624320391,0.5,0.8242029033584257,0.179869624320391,0.5066115316728899,0.8285735823319542
66cc85c87017ef38adbaebc6,7,black_high,black,0,0.179869624320391,0.6280521502718436,0.8242029033584257,0.179869624320391,0.5595030893386548,0.8285735823319542
66cc85c87017ef38adbaebc6,8,white_high,white,0,0.179869624320391,0.8021696848693167,0.8242029033584257,0.179869624320391,0.6291003790651225,0.8285735823319542
66cc85c87017ef38adbaebc6,9,black_high,black,0,0.179869624320391,0.8021696848693167,0.8727328094050073,0.179869624320391,0.6291003790651225,0.8397219840701463
66cc85c87017ef38adbaebc6,10,black_high,black,0,0.179869624320391,0.8648065959405971,0.8727328094050073,0.179869624320391,0.6530336602848266,0.8397219840701463
66cc85c87017ef38adbaebc6,11,black_high,black,0,0.179869624320391,0.887339551266559,0.8727328094050073,0.179869624320391,0.6614648074462166,0.8397219840701463
66cc85c87017ef38adbaebc6,12,black_high,black,0,0.179869624320391,0.8954455396851768,0.8727328094050073,0.179869624320391,0.6644732608640574,0.8397219840701463
66cc85c87017ef38adbaebc6,13,black_high,white,0,0.179869624320391,0.8983615818683812,0.8727328094050073,0.179869624320391,0.6655522776085671,0.8397219840701463
66cc85c87017ef38adbaebc6,14,black_high,black,0,0.06470616350631718,0.8983615818683812,0.8727328094050073,0.179869624320391,0.7067032824637794,0.8397219840701463
66cc85c87017ef38adbaebc6,15,black_high,white,0,0.06470616350631718,0.899410596692372,0.8727328094050073,0.179869624320391,0.7070643146009901,0.8397219840701463
66cc85c87017ef38adbaebc6,16,white_high,black,0,0.023277346642190132,0.899410596692372,0.8727328094050073,0.179869624320391,0.7211117371007612,0.8397219840701463
66cc85c87017ef38adbaebc6,17,black_high,black,0,0.023277346642190132,0.899410596692372,0.8727328094050073,0.06470616350631718,0.7211117371007612,0.8638274797677463
66cc85c87017ef38adbaebc6,18,white_high,white,0,0.023277346642190132,0.6436836679532802,0.8727328094050073,0.06470616350631718,0.6283661205670171,0.8638274797677463
66cc85c87017ef38adbaebc6,19,white_high,white,0,0.023277346642190132,0.6436836679532802,0.9542169964787341,0.06470616350631718,0.6283661205670171,0.8789790946157053
66cc85c87017ef38adbaebc6,20,white_high,white,0,0.023277346642190132,0.6436836679532802,0.7914518313049761,0.06470616350631718,0.6283661205670171,0.8471525789397518
66cc85c87017ef38adbaebc6,21,black_high,black,0,0.023277346642190132,0.6436836679532802,0.7969248882163975,0.06470616350631718,0.6283661205670171,0.8483260022705855
66cc85c87017ef38adbaebc6,22,black_high,black,0,0.023277346642190132,0.7437668801592301,0.7969248882163975,0.06470616350631718,0.6662904388780237,0.8483260022705855
66cc85c87017ef38adbaebc6,23,white_high,white,0,0.023277346642190132,0.8437968148556763,0.7969248882163975,0.06470616350631718,0.7021604359922508,0.8483260022705855
66cc85c87017ef38adbaebc6,24,black_high,white,0,0.023277346642190132,0.8437968148556763,0.7988937615974805,0.06470616350631718,0.7021604359922508,0.8487463157286391
66cc85c87017ef38adbaebc6,25,white_high,white,0,0.008373775191412507,0.8437968148556763,0.7988937615974805,0.06470616350631718,0.7073114821079287,0.8487463157286391
66cc85c87017ef38adbaebc6,26,white_high,white,1,0.008373775191412507,0.8437968148556763,0.8636281177641819,0.06470616350631718,0.7073114821079287,0.8620387447310862
66cc85c87017ef38adbaebc6,27,black_high,white,0,0.008373775191412507,0.8437968148556763,0.8313200380496407,0.06470616350631718,0.7073114821079287,0.8555316665935339
66cc85c87017ef38adbaebc6,28,black_high,black,0,0.0030123755956455557,0.8437968148556763,0.8313200380496407,0.06470616350631718,0.7091516908048269,0.8555316665935339
66cc85c87017ef38adbaebc6,29,white_high,white,0,0.0030123755956455557,0.8797815084049623,0.8313200380496407,0.06470616350631718,0.7213241030208409,0.8555316665935339
66cc85c87017ef38adbaebc6,30,white_high,white,0,0.0030123755956455557,0.8797815084049623,0.8112670469553784,0.06470616350631718,0.7213241030208409,0.8513658761158617
66cc85c87017ef38adbaebc6,31,black_high,black,0,0.0030123755956455557,0.8797815084049623,0.8040531990061283,0.06470616350631718,0.7213241030208409,0.8498432078841262
66cc85c87017ef38adbaebc6,32,black_high,white,1,0.0030123755956455557,0.8287005398890294,0.8040531990061283,0.06470616350631718,0.7039527759523246,0.8498432078841262
66cc85c87017ef38adbaebc6,33,white_high,black,1,0.0014827991396052101,0.8287005398890294,0.8040531990061283,0.06470616350631718,0.7044819845845144,0.8498432078841262
66cc85c87017ef38adbaebc6,34,white_high,black,1,0.0014827991396052101,0.8287005398890294,0.8040531990061283,0.03185069076811445,0.7044819845845144,0.8566752207848575
66cc85c87017ef38adbaebc6,35,black_high,black,1,0.0014827991396052101,0.8287005398890294,0.8040531990061283,0.015678050550887782,0.7044819845845144,0.8599420589252975
66cc85c87017ef38adbaebc6,36,white_high,white,0,0.0014827991396052101,0.8649038525409356,0.8040531990061283,0.015678050550887782,0.7168454898817664,0.8599420589252975
66cc85c87017ef38adbaebc6,37,black_high,black,0,0.0014827991396052101,0.8649038525409356,0.8014580947650561,0.015678050550887782,0.7168454898817664,0.8594220846737721
66cc85c87017ef38adbaebc6,38,black_high,black,0,0.0014827991396052101,0.8233484631469683,0.8014580947650561,0.015678050550887782,0.7026278556160791,0.8594220846737721
66cc85c87017ef38adbaebc6,39,black_high,white,0,0.0014827991396052101,0.8724254337253292,0.8014580947650561,0.015678050550887782,0.7193745199631922,0.8594220846737721
66cc85c87017ef38adbaebc6,40,white_high,white,0,0.0005334210483667763,0.8724254337253292,0.8014580947650561,0.015678050550887782,0.7196927546244852,0.8594220846737721
66cc85c87017ef38adbaebc6,41,black_high,black,0,0.0005334210483667763,0.8724254337253292,0.8005245339152284,0.015678050550887782,0.7196927546244852,0.8592346349962191
66cc85c87017ef38adbaebc6,42,white_high,white,0,0.0005334210483667763,0.8260542711108327,0.8005245339152284,0.015678050550887782,0.7038948546335744,0.8592346349962191
66cc85c87017ef38adbaebc6,43,white_high,white,0,0.0005334210483667763,0.8260542711108327,0.8642147705724726,0.015678050550887782,0.7038948546335744,0.8715505858796359
66cc85c87017ef38adbaebc6,44,white_high,white,0,0.0005334210483667763,0.8260542711108327,0.6950484230455379,0.015678050550887782,0.7038948546335744,0.8366825734947512
66cc85c87017ef38adbaebc6,45,white_high,white,1,0.0005334210483667763,0.8260542711108327,0.8262708736986584,0.015678050550887782,0.7038948546335744,0.8643280971497544
66cc85c87017ef38adbaebc6,46,black_high,white,1,0.0005334210483667763,0.8260542711108327,0.8637078838370935,0.015678050550887782,0.7038948546335744,0.8714562997226157
66cc85c87017ef38adbaebc6,47,white_high,white,1,0.00026256894150547056,0.8260542711108327,0.8637078838370935,0.015678050550887782,0.7039886157016115,0.8714562997226157
67911b9be5af0ac0763a28c7,0,white_high,white,0,0.5,0.5,0.5,0.5,0.8243891521181593,0.1756108478818406
67911b9be5af0ac0763a28c7,1,black_high,black,0,0.5,0.5,0.6653524142958664,0.5,0.8243891521181593,0.5029887430086291
67911b9be5af0ac0763a28c7,2,white_high,black,0,0.5,0.5826762071479332,0.6653524142958664,0.5,0.9109699461037295,0.5029887430086291
67911b9be5af0ac0763a28c7,3,white_high,white,1,0.5,0.5826762071479332,0.6653524142958664,0.293309482130167,0.9109699461037295,0.8765182659656046
67911b9be5af0ac0763a28c7,4,black_high,black,1,0.5,0.5826762071479332,0.6279748519941885,0.293309482130167,0.9109699461037295,0.8330789836377449
67911b9be5af0ac0763a28c7,5,black_high,black,0,0.5,0.7069720529018502,0.6279748519941885,0.293309482130167,0.9706004258632055,0.8330789836377449
67911b9be5af0ac0763a28c7,6,white_high,white,1,0.5,0.662751834878085,0.6279748519941885,0.293309482130167,0.9560682075386671,0.8330789836377449
67911b9be5af0ac0763a28c7,7,black_high,black,0,0.5,0.662751834878085,0.5547811061318668,0.293309482130167,0.9560682075386671,0.7145955458803067
67911b9be5af0ac0763a28c7,8,black_high,black,0,0.5,0.7608257271035175,0.5547811061318668,0.293309482130167,0.9820925154471515,0.7145955458803067
67911b9be5af0ac0763a28c7,9,white_high,black,0,0.5,0.6943434214598805,0.5547811061318668,0.293309482130167,0.9670072749869708,0.7145955458803067
67911b9be5af0ac0763a28c7,10,white_high,white,0,0.5,0.6943434214598805,0.5547811061318668,0.1720609046149335,0.9670072749869708,0.8870032782219596
67911b9be5af0ac0763a28c7,11,white_high,white,0,0.5,0.6943434214598805,0.5321356357401111,0.1720609046149335,0.9670072749869708,0.8637830298160034
67911b9be5af0ac0763a28c7,12,white_high,white,0,0.5,0.6943434214598805,0.6842037876495778,0.1720609046149335,0.9670072749869708,0.9637434607032557
67911b9be5af0ac0763a28c7,13,black_high,black,0,0.5,0.6943434214598805,0.7734098494196923,0.1720609046149335,0.9670072749869708,0.9840294312190737
67911b9be5af0ac0763a28c7,14,black_high,black,0,0.5,0.7380198473295044,0.7734098494196923,0.1720609046149335,0.9778936878614878,0.9840294312190737
67911b9be5af0ac0763a28c7,15,black_high,black,0,0.5,0.8049793706097031,0.7734098494196923,0.1720609046149335,0.9881157168598159,0.9840294312190737
67911b9be5af0ac0763a28c7,16,white_high,white,1,0.5,0.844259096803699,0.7734098494196923,0.1720609046149335,0.9917623315480568,0.9840294312190737
67911b9be5af0ac0763a28c7,17,white_high,white,1,0.5,0.844259096803699,0.845811631221861,0.1720609046149335,0.9917623315480568,0.9918636409388318
67911b9be5af0ac0763a28c7,18,black_high,black,1,0.5,0.844259096803699,0.8768040459911391,0.1720609046149335,0.9917623315480568,0.9939119695853456
67911b9be5af0ac0763a28c7,19,black_high,black,1,0.5,0.6473640627435184,0.8768040459911391,0.1720609046149335,0.9495579943465947,0.9939119695853456
67911b9be5af0ac0763a28c7,20,black_high,black,0,0.5,0.7918562836689238,0.8768040459911391,0.1720609046149335,0.9865721743895518,0.9939119695853456
67911b9be5af0ac0763a28c7,21,black_high,black,0,0.5,0.8365608451346007,0.8768040459911391,0.1720609046149335,0.9911479581042377,0.9939119695853456
67911b9be5af0ac0763a28c7,22,white_high,white,0,0.5,0.8627853886793085,0.8768040459911391,0.1720609046149335,0.993072901891742,0.9939119695853456
67911b9be5af0ac0763a28c7,23,black_high,black,1,0.5,0.8627853886793085,0.6797022956144587,0.1720609046149335,0.993072901891742,0.9622315878475608
67911b9be5af0ac0763a28c7,24,black_high,black,0,0.5,0.7124883056539797,0.6797022956144587,0.1720609046149335,0.9720481347980946,0.9622315878475608
67911b9be5af0ac0763a28c7,25,white_high,white,0,0.5,0.7900020840760372,0.6797022956144587,0.1720609046149335,0.9863387014968105,0.9622315878475608
67911b9be5af0ac0763a28c7,26,black_high,black,0,0.5,0.7900020840760372,0.6880929816764914,0.1720609046149335,0.9863387014968105,0.9650026408189667
67911b9be5af0ac0763a28c7,27,white_high,white,0,0.5,0.8354731364898896,0.6880929816764914,0.1720609046149335,0.9910575659109399,0.9650026408189667
67911b9be5af0ac0763a28c7,28,black_high,black,0,0.5,0.8354731364898896,0.6930151172436345,0.1720609046149335,0.9910575659109399,0.9665359191526538
67911b9be5af0ac0763a28c7,29,black_high,black,0,0.5,0.7794711110127979,0.6930151172436345,0.1720609046149335,0.9849347713279983,0.9665359191526538
67911b9be5af0ac0763a28c7,30,white_high,white,0,0.5,0.8292954679788788,0.6930151172436345,0.1720609046149335,0.9905265613029188,0.9665359191526538
67911b9be5af0ac0763a28c7,31,white_high,white,0,0.5,0.8292954679788788,0.7785787424599142,0.1720609046149335,0.9905265613029188,0.98477720303734
67911b9be5af0ac0763a28c7,32,black_high,black,0,0.5,0.8292954679788788,0.7460957805147144,0.1720609046149335,0.9905265613029188,0.9794371659588974
67911b9be5af0ac0763a28c7,33,black_high,black,0,0.5,0.6518328627874252,0.7460957805147144,0.1720609046149335,0.9515374427943585,0.9794371659588974
67911b9be5af0ac0763a28c7,34,white_high,white,0,0.5,0.6304061402830075,0.7460957805147144,0.1720609046149335,0.9413294968039507,0.9794371659588974
67911b9be5af0ac0763a28c7,35,black_high,black,0,0.5,0.6304061402830075,0.8510549697442132,0.1720609046149335,0.9413294968039507,0.9922528854065721
67911b9be5af0ac0763a28c7,36,black_high,black,0,0.5,0.7005130256679055,0.8510549697442132,0.1720609046149335,0.968812780640854,0.9922528854065721
67911b9be5af0ac0763a28c7,37,white_high,white,0,0.5,0.7416390541599123,0.8510549697442132,0.1720609046149335,0.9786191354813728,0.9922528854065721
67911b9be5af0ac0763a28c7,38,black_high,black,0,0.5,0.7416390541599123,0.7886117098977264,0.1720609046149335,0.9786191354813728,0.9861315708160798
67911b9be5af0ac0763a28c7,39,white_high,white,0,0.5,0.7657643623980344,0.7886117098977264,0.1720609046149335,0.9828929547655401,0.9861315708160798
67911b9be5af0ac0763a28c7,40,white_high,white,0,0.5,0.7657643623980344,0.8346575166294747,0.1720609046149335,0.9828929547655401,0.9909699236042371
67911b9be5af0ac0763a28c7,41,black_high,black,0,0.5,0.7657643623980344,0.7376545493610845,0.1720609046149335,0.9828929547655401,0.9777723593309348
67911b9be5af0ac0763a28c7,42,black_high,black,0,0.5,0.5732262078593098,0.7376545493610845,0.1720609046149335,0.9034776230893744,0.9777723593309348
67911b9be5af0ac0763a28c7,43,white_high,white,0,0.5,0.7083082965070067,0.7376545493610845,0.1720609046149335,0.9709576521639028,0.9777723593309348
67911b9be5af0ac0763a28c7,44,white_high,white,0,0.5,0.7083082965070067,0.8047650798938223,0.1720609046149335,0.9709576521639028,0.9880665972683668
67911b9be5af0ac0763a28c7,45,white_high,white,0,0.5,0.7083082965070067,0.8027952862319317,0.1720609046149335,0.9709576521639028,0.9878457156178103
67911b9be5af0ac0763a28c7,46,white_high,white,0,0.5,0.7083082965070067,0.7603016643402204,0.1720609046149335,0.9709576521639028,0.9819673318518893
67911b9be5af0ac0763a28c7,47,white_high,white,0,0.5,0.7083082965070067,0.7353740998784344,0.1720609046149335,0.9709576521639028,0.9773004427142128
67cc3f4c640c0ff4df30a225,0,black_high,black,0,0.5,0.5,0.5,0.5,0.30863073019836146,0.6913692698016385
67cc3f4c640c0ff4df30a225,1,white_high,white,0,0.5,0.5,0.5,0.5,0.30863073019836146,0.6913692698016385
67cc3f4c640c0ff4df30a225,2,black_high,black,0,0.5,0.5,0.5992001178996781,0.5,0.30863073019836146,0.7562545700404751
67cc3f4c640c0ff4df30a225,3,black_high,white,0,0.5,0.6488001768495172,0.5992001178996781,0.5,0.42117765365855875,0.7562545700404751
67cc3f4c640c0ff4df30a225,4,black_high,black,0,0.25199970525080473,0.6488001768495172,0.5992001178996781,0.5,0.6216063449207698,0.7562545700404751
67cc3f4c640c0ff4df30a225,5,white_high,white,0,0.25199970525080473,0.6741953193143699,0.5992001178996781,0.5,0.6410115548513807,0.7562545700404751
67cc3f4c640c0ff4df30a225,6,white_high,white,0,0.25199970525080473,0.6741953193143699,0.599596859892967,0.5,0.6410115548513807,0.7564946228102655
67cc3f4c640c0ff4df30a225,7,white_high,white,0,0.25199970525080473,0.6741953193143699,0.5005966997240276,0.5,0.6410115548513807,0.691787178299858
67cc3f4c640c0ff4df30a225,8,black_high,black,1,0.25199970525080473,0.6741953193143699,0.5003007363091564,0.5,0.6410115548513807,0.6915799346518623
67cc3f4c640c0ff4df30a225,9,black_high,black,0,0.25199970525080473,0.45842210618476,0.5003007363091564,0.5,0.46786002391486947,0.6915799346518623
67cc3f4c640c0ff4df30a225,10,black_high,white,1,0.25199970525080473,0.6774450018265767,0.5003007363091564,0.5,0.6434632657086622,0.6915799346518623
67cc3f4c640c0ff4df30a225,11,black_high,black,1,0.15730233611410027,0.6774450018265767,0.5003007363091564,0.5,0.7112305345112372,0.6915799346518623
67cc3f4c640c0ff4df30a225,12,white_high,white,0,0.15730233611410027,0.5356073412181968,0.5003007363091564,0.5,0.607220067042429,0.6915799346518623
67cc3f4c640c0ff4df30a225,13,white_high,white,0,0.15730233611410027,0.5356073412181968,0.6489517477720484,0.5,0.607220067042429,0.785095890899319
67cc3f4c640c0ff4df30a225,14,black_high,white,0,0.15730233611410027,0.5356073412181968,0.5750715930702969,0.5,0.607220067042429,0.7413558011691174
67cc3f4c640c0ff4df30a225,15,white_high,white,0,0.07928028467203257,0.5356073412181968,0.5750715930702969,0.5,0.6663735403939999,0.7413558011691174
67cc3f4c640c0ff4df30a225,16,white_high,white,0,0.07928028467203257,0.5356073412181968,0.43863592075316826,0.5,0.6663735403939999,0.6468082243439067
67cc3f4c640c0ff4df30a225,17,white_high,white,0,0.07928028467203257,0.5356073412181968,0.3698724223339447,0.5,0.6663735403939999,0.5936928376560551
67cc3f4c640c0ff4df30a225,18,white_high,white,1,0.07928028467203257,0.5356073412181968,0.4344157775663057,0.5,0.6663735403939999,0.6436362490251721
67cc3f4c640c0ff4df30a225,19,black_high,white,1,0.07928028467203257,0.5356073412181968,0.5342179861588011,0.5,0.6663735403939999,0.7148146287020587
67cc3f4c640c0ff4df30a225,20,white_high,white,1,0.04948804989390676,0.5356073412181968,0.5342179861588011,0.5,0.687756531849497,0.7148146287020587
67cc3f4c640c0ff4df30a225,21,black_high,black,1,0.04948804989390676,0.5356073412181968,0.44620269633272425,0.5,0.687756531849497,0.6524632236614323
67cc3f4c640c0ff4df30a225,22,white_high,white,0,0.04948804989390676,0.40949158943707037,0.44620269633272425,0.5,0.5927990419905399,0.6524632236614323
67cc3f4c640c0ff4df30a225,23,white_high,white,0,0.04948804989390676,0.40949158943707037,0.522486249614956,0.5,0.5927990419905399,0.7068973375127754
67cc3f4c640c0ff4df30a225,24,black_high,black,0,0.04948804989390676,0.40949158943707037,0.3129328207509737,0.5,0.5927990419905399,0.5479250644777934
67cc3f4c640c0ff4df30a225,25,black_high,black,0,0.04948804989390676,0.40478375548100676,0.3129328207509737,0.5,0.589062315765031,0.5479250644777934
67cc3f4c640c0ff4df30a225,26,white_high,white,0,0.04948804989390676,0.30321089204273316,0.3129328207509737,0.5,0.5066431894738529,0.5479250644777934
67cc3f4c640c0ff4df30a225,27,black_high,black,0,0.04948804989390676,0.30321089204273316,0.6041184877336481,0.5,0.5066431894738529,0.7592191404883621
67cc3f4c640c0ff4df30a225,28,black_high,black,0,0.04948804989390676,0.5992186413957561,0.6041184877336481,0.5,0.7307675638760702,0.7592191404883621
67cc3f4c640c0ff4df30a225,29,black_high,black,1,0.04948804989390676,0.7980064315234269,0.6041184877336481,0.5,0.8390589949090544,0.7592191404883621
67cc3f4c640c0ff4df30a225,30,white_high,white,0,0.04948804989390676,0.7611772169237186,0.6041184877336481,0.5,0.8220522299460715,0.7592191404883621
67cc3f4c640c0ff4df30a225,31,white_high,white,0,0.04948804989390676,0.7611772169237186,0.5028755974902387,0.5,0.8220522299460715,0.6933803489242651
67cc3f4c640c0ff4df30a225,32,white_high,black,1,0.04948804989390676,0.7611772169237186,0.6006494173395983,0.5,0.8220522299460715,0.7571307061664639
67cc3f4c640c0ff4df30a225,33,black_high,black,1,0.04948804989390676,0.7611772169237186,0.6006494173395983,0.31210817480429964,0.8220522299460715,0.8524513528695304
67cc3f4c640c0ff4df30a225,34,black_high,black,1,0.04948804989390676,0.5502959938316367,0.6006494173395983,0.31210817480429964,0.6980189713728289,0.8524513528695304
67cc3f4c640c0ff4df30a225,35,white_high,white,0,0.04948804989390676,0.49381721663038086,0.6006494173395983,0.31210817480429964,0.6575585566327227,0.8524513528695304
67cc3f4c640c0ff4df30a225,36,black_high,white,0,0.04948804989390676,0.49381721663038086,0.6499273649061661,0.31210817480429964,0.6575585566327227,0.8716652206982319
67cc3f4c640c0ff4df30a225,37,black_high,white,0,0.024941947973403246,0.49381721663038086,0.6499273649061661,0.31210817480429964,0.6754699754672243,0.8716652206982319
67cc3f4c640c0ff4df30a225,38,black_high,black,0,0.01257072707535705,0.49381721663038086,0.6499273649061661,0.31210817480429964,0.6843103099924823,0.8716652206982319
67cc3f4c640c0ff4df30a225,39,white_high,white,0,0.01257072707535705,0.2984836450270966,0.6499273649061661,0.31210817480429964,0.5330196062569905,0.8716652206982319
67cc3f4c640c0ff4df30a225,40,white_high,black,0,0.01257072707535705,0.2984836450270966,0.4763631856310893,0.31210817480429964,0.5330196062569905,0.7934523647675413
67cc3f4c640c0ff4df30a225,41,black_high,black,0,0.01257072707535705,0.2984836450270966,0.4763631856310893,0.15730233611410033,0.5330196062569905,0.86461594396017
67cc3f4c640c0ff4df30a225,42,white_high,black,0,0.01257072707535705,0.4976359937869017,0.4763631856310893,0.15730233611410033,0.6870128284339196,0.86461594396017
67d1d172e049a486152a5ce9,0,white_high,white,0,0.5,0.5,0.5,0.5,0.20820803019649492,0.7917919698035051
67d1d172e049a486152a5ce9,1,black_high,white,0,0.5,0.5,0.6370325448007035,0.5,0.20820803019649492,0.8066321249923644
67d1d172e049a486152a5ce9,2,black_high,black,0,0.32870931899912065,0.5,0.6370325448007035,0.5,0.22791522448225104,0.8066321249923644
67d1d172e049a486152a5ce9,3,white_high,black,0,0.32870931899912065,0.6370325448007035,0.6370325448007035,0.5,0.24460274316483857,0.8066321249923644
67d1d172e049a486152a5ce9,4,black_high,white,0,0.32870931899912065,0.6370325448007035,0.6370325448007035,0.32870931899912065,0.24460274316483857,0.824032926737235
67d1d172e049a486152a5ce9,5,white_high,black,0,0.21609963279373132,0.6370325448007035,0.6370325448007035,0.32870931899912065,0.25892100306791604,0.824032926737235
67d1d172e049a486152a5ce9,6,black_high,white,0,0.21609963279373132,0.6370325448007035,0.6370325448007035,0.21609963279373132,0.25892100306791604,0.8347865398050769
67d1d172e049a486152a5ce9,7,white_high,white,0,0.14206792626317494,0.6370325448007035,0.6370325448007035,0.21609963279373132,0.26862606530551975,0.8347865398050769
67d1d172e049a486152a5ce9,8,black_high,white,0,0.14206792626317494,0.6370325448007035,0.5900877489643115,0.21609963279373132,0.26862606530551975,0.8303690059437437
67d1d172e049a486152a5ce9,9,white_high,white,0,0.09339810258717104,0.6370325448007035,0.5900877489643115,0.21609963279373132,0.27513032654551045,0.8303690059437437
67d1d172e049a486152a5ce9,10,white_high,white,1,0.09339810258717104,0.6370325448007035,0.6277416376247968,0.21609963279373132,0.27513032654551045,0.833919645489852
67d1d172e049a486152a5ce9,11,black_high,white,1,0.09339810258717104,0.6370325448007035,0.7720612747676417,0.21609963279373132,0.27513032654551045,0.8469785413242715
67d1d172e049a486152a5ce9,12,white_high,black,0,0.04388931924763536,0.6370325448007035,0.7720612747676417,0.21609963279373132,0.2818460386410305,0.8469785413242715
67d1d172e049a486152a5ce9,13,black_high,black,1,0.04388931924763536,0.6370325448007035,0.7720612747676417,0.14206792626317494,0.2818460386410305,0.8533444791052575
67d1d172e049a486152a5ce9,14,black_high,white,1,0.04388931924763536,0.4053688495701758,0.7720612747676417,0.14206792626317494,0.2512941728551129,0.8533444791052575
67d1d172e049a486152a5ce9,15,black_high,white,1,0.02062431988083497,0.4053688495701758,0.7720612747676417,0.14206792626317494,0.2542608014036123,0.8533444791052575
67d1d172e049a486152a5ce9,16,white_high,white,0,0.009691710371423043,0.4053688495701758,0.7720612747676417,0.14206792626317494,0.2556628152739962,0.8533444791052575
67d1d172e049a486152a5ce9,17,white_high,black,0,0.009691710371423043,0.4053688495701758,0.781632561310336,0.14206792626317494,0.2556628152739962,0.8541512994004248
67d1d172e049a486152a5ce9,18,white_high,black,0,0.009691710371423043,0.4053688495701758,0.781632561310336,0.09339810258717104,0.2556628152739962,0.8581971483577774
67d1d172e049a486152a5ce9,19,white_high,white,0,0.009691710371423043,0.4053688495701758,0.781632561310336,0.061401653394478006,0.2556628152739962,0.8608056150987133
67d1d172e049a486152a5ce9,20,white_high,white,0,0.009691710371423043,0.4053688495701758,0.8221830396733008,0.061401653394478006,0.2556628152739962,0.8640535170638486
67d1d172e049a486152a5ce9,21,white_high,white,0,0.009691710371423043,0.4053688495701758,0.8488416799288582,0.061401653394478006,0.2556628152739962,0.8661537834096741
67d1d172e049a486152a5ce9,22,black_high,white,0,0.009691710371423043,0.4053688495701758,0.8663675668965518,0.061401653394478006,0.2556628152739962,0.8675195430994392
67d1d172e049a486152a5ce9,23,white_high,white,0,0.006371511032254366,0.4053688495701758,0.8663675668965518,0.061401653394478006,0.256089605864165,0.8675195430994392
67d1d172e049a486152a5ce9,24,white_high,white,1,0.006371511032254366,0.4053688495701758,0.8778894116365641,0.061401653394478006,0.256089605864165,0.8684109721874513
67d1d172e049a486152a5ce9,25,white_high,white,0,0.006371511032254366,0.4053688495701758,0.7835931883177635,0.061401653394478006,0.256089605864165,0.8609641372729593
67d1d172e049a486152a5ce9,26,black_high,white,0,0.006371511032254366,0.4053688495701758,0.7206975838096187,0.061401653394478006,0.256089605864165,0.8558029501789123
67d1d172e049a486152a5ce9,27,white_high,white,1,0.004188750104815434,0.4053688495701758,0.7206975838096187,0.061401653394478006,0.256370440359725,0.8558029501789123
67d1d172e049a486152a5ce9,28,black_high,white,0,0.004188750104815434,0.4053688495701758,0.6037094592361943,0.061401653394478006,0.256370440359725,0.8457800268707052
67d1d172e049a486152a5ce9,29,black_high,white,0,0.002753762388822753,0.4053688495701758,0.6037094592361943,0.061401653394478006,0.25655517609541484,0.8457800268707052
67d1d172e049a486152a5ce9,30,black_high,white,1,0.0018103747190306376,0.4053688495701758,0.6037094592361943,0.061401653394478006,0.25667667229722774,0.8457800268707052
67d1d172e049a486152a5ce9,31,white_high,white,1,0.0008507251410940091,0.4053688495701758,0.6037094592361943,0.061401653394478006,0.25680030146563404,0.8457800268707052
67d1d172e049a486152a5ce9,32,white_high,white,1,0.0008507251410940091,0.4053688495701758,0.7077598155612104,0.061401653394478006,0.25680030146563404,0.8547217298986055
67d1d172e049a486152a5ce9,33,black_high,white,1,0.0008507251410940091,0.4053688495701758,0.5446214475733331,0.061401653394478006,0.25680030146563404,0.8405047308543289
67d1d172e049a486152a5ce9,34,white_high,white,1,0.0003997698697852694,0.4053688495701758,0.5446214475733331,0.061401653394478006,0.25685841032233075,0.8405047308543289
67d1d172e049a486152a5ce9,35,white_high,white,1,0.0003997698697852694,0.4053688495701758,0.5739766986737507,0.061401653394478006,0.25685841032233075,0.8431435793995155
67d1d172e049a486152a5ce9,36,white_high,white,0,0.0003997698697852694,0.4053688495701758,0.6937878976711158,0.061401653394478006,0.25685841032233075,0.8535465362960893
67d1d172e049a486152a5ce9,37,white_high,white,0,0.0003997698697852694,0.4053688495701758,0.764432320548191,0.061401653394478006,0.25685841032233075,0.8594084250730996
67eb5332af03cf75862d5e87,0,white_high,black,0,0.5,0.5,0.5,0.5,0.3996915687708623,0.6003084312291377
67eb5332af03cf75862d5e87,1,black_high,black,1,0.5,0.5,0.5,0.3258360327766942,0.3996915687708623,0.6208019346034264
67eb5332af03cf75862d5e87,2,white_high,black,1,0.5,0.5475159851442163,0.5,0.3258360327766942,0.4053475633359937,0.6208019346034264
67eb5332af03cf75862d5e87,3,white_high,black,1,0.5,0.5475159851442163,0.5,0.17101183184801638,0.4053475633359937,0.6386672144877648
67eb5332af03cf75862d5e87,4,white_high,white,1,0.5,0.5475159851442163,0.5,0.08975387523226074,0.4053475633359937,0.6478958706449957
67eb5332af03cf75862d5e87,5,black_high,white,0,0.5,0.5475159851442163,0.6900639405768653,0.08975387523226074,0.4053475633359937,0.6690465242497499
67eb5332af03cf75862d5e87,6,white_high,white,1,0.3258360327766942,0.5475159851442163,0.6900639405768653,0.08975387523226074,0.4262838796531107,0.6690465242497499
67eb5332af03cf75862d5e87,7,black_high,white,0,0.3258360327766942,0.5475159851442163,0.5522372016636335,0.08975387523226074,0.4262838796531107,0.653771288573627
67eb5332af03cf75862d5e87,8,black_high,black,0,0.2123382405113099,0.5475159851442163,0.5522372016636335,0.08975387523226074,0.4400761268726945,0.653771288573627
67eb5332af03cf75862d5e87,9,white_high,black,0,0.2123382405113099,0.635463220519719,0.5522372016636335,0.08975387523226074,0.4508286082773784,0.653771288573627
67eb5332af03cf75862d5e87,10,black_high,white,0,0.2123382405113099,0.635463220519719,0.5522372016636335,0.058490093264028466,0.4508286082773784,0.6572655368827033
67eb5332af03cf75862d5e87,11,black_high,white,0,0.1383748997899775,0.635463220519719,0.5522372016636335,0.058490093264028466,0.4599075225207786,0.6572655368827033
67eb5332af03cf75862d5e87,12,white_high,black,0,0.09017505676687776,0.635463220519719,0.5522372016636335,0.058490093264028466,0.4658387335354897,0.6572655368827033
67eb5332af03cf75862d5e87,13,white_high,white,0,0.09017505676687776,0.635463220519719,0.5522372016636335,0.038116359891779764,0.4658387335354897,0.6595335289345153
67eb5332af03cf75862d5e87,14,white_high,white,0,0.09017505676687776,0.635463220519719,0.6733726988855137,0.038116359891779764,0.4658387335354897,0.6728651708982352
67eb5332af03cf75862d5e87,15,black_high,white,0,0.09017505676687776,0.635463220519719,0.752313318571933,0.038116359891779764,0.4658387335354897,0.6814068094315315
67eb5332af03cf75862d5e87,16,black_high,white,0,0.058764565504665286,0.635463220519719,0.752313318571933,0.038116359891779764,0.4697092490841633,0.6814068094315315
67eb5332af03cf75862d5e87,17,white_high,black,0,0.038295225783772625,0.635463220519719,0.752313318571933,0.038116359891779764,0.4722335476409627,0.6814068094315315
67eb5332af03cf75862d5e87,18,black_high,white,0,0.038295225783772625,0.635463220519719,0.752313318571933,0.024839366982052448,0.4722335476409627,0.6828317207558682
67eb5332af03cf75862d5e87,19,black_high,white,0,0.024955928887344485,0.635463220519719,0.752313318571933,0.024839366982052448,0.4738793350616665,0.6828317207558682
67eb5332af03cf75862d5e87,20,black_high,white,0,0.016263081725819254,0.635463220519719,0.752313318571933,0.024839366982052448,0.4749521565228532,0.6828317207558682
67eb5332af03cf75862d5e87,21,black_high,black,0,0.010598196060528198,0.635463220519719,0.752313318571933,0.024839366982052448,0.47565140937447636,0.6828317207558682
67eb5332af03cf75862d5e87,22,black_high,black,0,0.010598196060528198,0.6579431836119217,0.752313318571933,0.024839366982052448,0.47842716874859326,0.6828317207558682
67eb5332af03cf75862d5e87,23,black_high,black,0,0.010598196060528198,0.6725927475937814,0.752313318571933,0.024839366982052448,0.48023678157667776,0.6828317207558682
67eb5332af03cf75862d5e87,24,white_high,black,0,0.010598196060528198,0.6821394592132964,0.752313318571933,0.024839366982052448,0.4814163378207709,0.6828317207558682
67eb5332af03cf75862d5e87,25,white_high,white,0,0.010598196060528198,0.6821394592132964,0.752313318571933,0.016187121588232753,0.4814163378207709,0.6837584563208001
67eb5332af03cf75862d5e87,26,black_high,white,1,0.010598196060528198,0.6821394592132964,0.8037567152590464,0.016187121588232753,0.4814163378207709,0.6892382572643037
67eb5332af03cf75862d5e87,27,black_high,black,1,0.0055623587948527,0.6821394592132964,0.8037567152590464,0.016187121588232753,0.48203863147393833,0.6892382572643037
67eb5332af03cf75862d5e87,28,black_high,black,1,0.0055623587948527,0.7381420562643995,0.8037567152590464,0.016187121588232753,0.4889623590814745,0.6892382572643037
67eb5332af03cf75862d5e87,29,black_high,black,1,0.0055623587948527,0.6725024973318925,0.8037567152590464,0.016187121588232753,0.4808478132739025,0.6892382572643037
67eb5332af03cf75862d5e87,30,black_high,black,0,0.0055623587948527,0.7330841917589173,0.8037567152590464,0.016187121588232753,0.4883368301249477,0.6892382572643037
67eb5332af03cf75862d5e87,31,white_high,black,0,0.0055623587948527,0.6518944566913757,0.8037567152590464,0.016187121588232753,0.4783020701738943,0.6892382572643037
67eb5332af03cf75862d5e87,32,white_high,black,0,0.0055623587948527,0.6518944566913757,0.8037567152590464,0.010548694960767484,0.4783020701738943,0.6898356905485485
67eb5332af03cf75862d5e87,33,white_high,black,0,0.0055623587948527,0.6518944566913757,0.8037567152590464,0.006874289833975965,0.4783020701738943,0.6902246807173386
67eb5332af03cf75862d5e87,34,white_high,white,0,0.0055623587948527,0.6518944566913757,0.8037567152590464,0.004479782655319777,0.4783020701738943,0.6904780299699381
67eb5332af03cf75862d5e87,35,white_high,white,0,0.0055623587948527,0.6518944566913757,0.7327825595032363,0.004479782655319777,0.4783020701738943,0.6829205585917002
67eb5332af03cf75862d5e87,36,white_high,white,0,0.0055623587948527,0.6518944566913757,0.7213634782656009,0.004479782655319777,0.4783020701738943,0.6816954300954488
67eb5332af03cf75862d5e87,37,white_high,white,0,0.0055623587948527,0.6518944566913757,0.6790891885640878,0.004479782655319777,0.4783020701738943,0.6771380837293968
67eb5332af03cf75862d5e87,38,black_high,white,0,0.0055623587948527,0.6518944566913757,0.6863730083191617,0.004479782655319777,0.4783020701738943,0.6779257453078679
67eb5332af03cf75862d5e87,39,white_high,white,0,0.003624833845190715,0.6518944566913757,0.6863730083191617,0.004479782655319777,0.4785413696888033,0.6779257453078679
67eb5332af03cf75862d5e87,40,white_high,white,0,0.003624833845190715,0.6518944566913757,0.6911196701840693,0.004479782655319777,0.4785413696888033,0.6784384990834441
67eb5332af03cf75862d5e87,41,black_high,white,0,0.003624833845190715,0.6518944566913757,0.7987113174600405,0.004479782655319777,0.4785413696888033,0.6899440717219316
67eb5332af03cf75862d5e87,42,black_high,white,0,0.002362202959183265,0.6518944566913757,0.7987113174600405,0.004479782655319777,0.4786973198053111,0.6899440717219316
67eb5332af03cf75862d5e87,43,white_high,white,0,0.0015393816816672845,0.6518944566913757,0.7987113174600405,0.004479782655319777,0.47879895037645154,0.6899440717219316
67eb5332af03cf75862d5e87,44,white_high,white,0,0.0015393816816672845,0.6518944566913757,0.7643274081426809,0.004479782655319777,0.47879895037645154,0.6862917506151807
67eb5332af03cf75862d5e87,45,black_high,white,0,0.0015393816816672845,0.6518944566913757,0.7419203749360367,0.004479782655319777,0.47879895037645154,0.6838991128298941
67eb5332af03cf75862d5e87,46,white_high,white,0,0.0010031720401671679,0.6518944566913757,0.7419203749360367,0.004479782655319777,0.4788651811257071,0.6838991128298941
67eb5332af03cf75862d5e87,47,black_high,white,0,0.0010031720401671679,0.6518944566913757,0.7621511307680007,0.004479782655319777,0.4788651811257071,0.6860597974963626
67f864f1b7ea815cc3583637,0,white_high,black,0,0.5,0.5,0.5,0.5,0.6240808363469424,0.37591916365305755
67f864f1b7ea815cc3583637,1,white_high,black,0,0.5,0.5,0.5,0.28388156096666795,0.6240808363469424,0.42290958334584716
67f864f1b7ea815cc3583637,2,black_high,black,0,0.5,0.5,0.5,0.16117748131374404,0.6240808363469424,0.4502843317969559
67f864f1b7ea815cc3583637,3,white_high,black,0,0.5,0.6296710634199992,0.5,0.16117748131374404,0.6512515104953365,0.4502843317969559
67f864f1b7ea815cc3583637,4,black_high,black,0,0.5,0.6296710634199992,0.5,0.09151062997604323,0.6512515104953365,0.46597284056261973
67f864f1b7ea815cc3583637,5,black_high,white,0,0.5,0.6600698234050871,0.5,0.09151062997604323,0.6574887225915642,0.46597284056261973
67f864f1b7ea815cc3583637,6,white_high,black,0,0.28388156096666795,0.6600698234050871,0.5,0.09151062997604323,0.7001869491808026,0.46597284056261973
67f864f1b7ea815cc3583637,7,white_high,black,0,0.28388156096666795,0.6600698234050871,0.5,0.051956360965284616,0.7001869491808026,0.47491227449461004
67f864f1b7ea815cc3583637,8,black_high,black,0,0.28388156096666795,0.6600698234050871,0.5,0.029498905705945305,0.7001869491808026,0.47999529148796416
67f864f1b7ea815cc3583637,9,white_high,white,0,0.28388156096666795,0.7205528060837892,0.5,0.029498905705945305,0.7115777501666766,0.47999529148796416
67f864f1b7ea815cc3583637,10,black_high,black,0,0.28388156096666795,0.7205528060837892,0.6728947512266656,0.029498905705945305,0.7115777501666766,0.5191882238832961
67f864f1b7ea815cc3583637,11,black_high,white,0,0.28388156096666795,0.7981165009599555,0.6728947512266656,0.029498905705945305,0.7258018145327197,0.5191882238832961
67f864f1b7ea815cc3583637,12,black_high,black,0,0.16117748131374404,0.7981165009599555,0.6728947512266656,0.029498905705945305,0.7473907759129201,0.5191882238832961
67f864f1b7ea815cc3583637,13,white_high,white,0,0.16117748131374404,0.7989306187048659,0.6728947512266656,0.029498905705945305,0.7475301922101653,0.5191882238832961
67f864f1b7ea815cc3583637,14,black_high,black,0,0.16117748131374404,0.7989306187048659,0.7710580149490047,0.029498905705945305,0.7475301922101653,0.5413666015877112
67f864f1b7ea815cc3583637,15,black_high,black,0,0.16117748131374404,0.8426165325440039,0.7710580149490047,0.029498905705945305,0.7549363390039867,0.5413666015877112
67f864f1b7ea815cc3583637,16,black_high,black,0,0.16117748131374404,0.8674197833698237,0.7710580149490047,0.029498905705945305,0.7590754222381764,0.5413666015877112
67f864f1b7ea815cc3583637,17,white_high,white,0,0.16117748131374404,0.7950547788794539,0.7710580149490047,0.029498905705945305,0.7468660050565735,0.5413666015877112
67f864f1b7ea815cc3583637,18,black_high,black,0,0.16117748131374404,0.7950547788794539,0.8267914960191654,0.029498905705945305,0.7468660050565735,0.5538917340181526
67f864f1b7ea815cc3583637,19,black_high,black,0,0.16117748131374404,0.7539685980112816,0.8267914960191654,0.029498905705945305,0.739754497582366,0.5538917340181526
67f864f1b7ea815cc3583637,20,white_high,black,0,0.16117748131374404,0.8170887553065833,0.8267914960191654,0.029498905705945305,0.7506264787343195,0.5538917340181526
67f864f1b7ea815cc3583637,21,black_high,black,0,0.16117748131374404,0.8170887553065833,0.8267914960191654,0.016748390797224604,0.7506264787343195,0.556748180810924
67f864f1b7ea815cc3583637,22,black_high,white,0,0.16117748131374404,0.8097023650628207,0.8267914960191654,0.016748390797224604,0.7493700334522215,0.556748180810924
67f864f1b7ea815cc3583637,23,white_high,white,0,0.09151062997604323,0.8097023650628207,0.8267914960191654,0.016748390797224604,0.7610523910434281,0.556748180810924
67f864f1b7ea815cc3583637,24,white_high,white,1,0.09151062997604323,0.8097023650628207,0.8584349112277723,0.016748390797224604,0.7610523910434281,0.5638205468577109
67f864f1b7ea815cc3583637,25,white_high,white,1,0.09151062997604323,0.8097023650628207,0.7783944304770215,0.016748390797224604,0.7610523910434281,0.5458876607866907
67f864f1b7ea815cc3583637,26,black_high,white,0,0.09151062997604323,0.8097023650628207,0.7387899780559177,0.016748390797224604,0.7610523910434281,0.5369671612841733
67f864f1b7ea815cc3583637,27,white_high,black,0,0.051956360965284616,0.8097023650628207,0.7387899780559177,0.016748390797224604,0.7675167254836177,0.5369671612841733
67f864f1b7ea815cc3583637,28,white_high,black,0,0.051956360965284616,0.8097023650628207,0.7387899780559177,0.009509118646391795,0.7675167254836177,0.5385996725460123
67f864f1b7ea815cc3583637,29,black_high,white,0,0.051956360965284616,0.8097023650628207,0.7387899780559177,0.005398926889509903,0.7675167254836177,0.5395261861715658
67f864f1b7ea815cc3583637,30,black_high,black,0,0.029498905705945305,0.8097023650628207,0.7387899780559177,0.005398926889509903,0.7711322666263751,0.5395261861715658
67f864f1b7ea815cc3583637,31,white_high,white,0,0.029498905705945305,0.8487323328848704,0.7387899780559177,0.005398926889509903,0.7773213444653266,0.5395261861715658
67f864f1b7ea815cc3583637,32,white_high,black,1,0.029498905705945305,0.8487323328848704,0.8084708946540863,0.005398926889509903,0.7773213444653266,0.5551869174253794
67f864f1b7ea815cc3583637,33,white_high,white,1,0.029498905705945305,0.8487323328848704,0.8084708946540863,0.0026714175266695575,0.7773213444653266,0.5557979048237347
67f864f1b7ea815cc3583637,34,white_high,black,1,0.029498905705945305,0.8487323328848704,0.7536719713088683,0.0026714175266695575,0.7773213444653266,0.5434925260386081
67f864f1b7ea815cc3583637,35,black_high,white,1,0.029498905705945305,0.8487323328848704,0.7536719713088683,0.0013218314950075424,0.7773213444653266,0.543796283960668
67f864f1b7ea815cc3583637,36,black_high,white,0,0.014596214272423396,0.8487323328848704,0.7536719713088683,0.0013218314950075424,0.7796527658344986,0.543796283960668
67f864f1b7ea815cc3583637,37,black_high,black,0,0.008287192183719023,0.8487323328848704,0.7536719713088683,0.0013218314950075424,0.7806344772804679,0.543796283960668
67f864f1b7ea815cc3583637,38,white_high,white,0,0.008287192183719023,0.870892109264475,0.7536719713088683,0.0013218314950075424,0.784057678092099,0.543796283960668
67f864f1b7ea815cc3583637,39,black_high,black,0,0.008287192183719023,0.870892109264475,0.8169203416039723,0.0013218314950075424,0.784057678092099,0.5579915745828635
67f864f1b7ea815cc3583637,40,white_high,black,1,0.008287192183719023,0.8834736130831039,0.8169203416039723,0.0013218314950075424,0.7859839454504155,0.5579915745828635
67f864f1b7ea815cc3583637,41,black_high,black,0,0.008287192183719023,0.8834736130831039,0.8169203416039723,0.000654049201875286,0.7859839454504155,0.5581409869573637
67f864f1b7ea815cc3583637,42,white_high,white,0,0.008287192183719023,0.9338406147764512,0.8169203416039723,0.000654049201875286,0.7935697537391416,0.5581409869573637
67f864f1b7ea815cc3583637,43,black_high,black,0,0.008287192183719023,0.9338406147764512,0.7231593703599171,0.000654049201875286,0.7935697537391416,0.5370717609636021
67f864f1b7ea815cc3583637,44,white_high,white,0,0.008287192183719023,0.8327660774802885,0.7231593703599171,0.000654049201875286,0.7781439616509721,0.5370717609636021
67f864f1b7ea815cc3583637,45,black_high,black,0,0.008287192183719023,0.8327660774802885,0.7995964120308897,0.000654049201875286,0.7781439616509721,0.5542615305717692
67f864f1b7ea815cc3583637,46,white_high,black,0,0.008287192183719023,0.8618270582503846,0.7995964120308897,0.000654049201875286,0.7826620231536645,0.5542615305717692
680aac52abce2170943ff846,0,black_high,white,0,0.5,0.5,0.5,0.5,0.44286350702871474,0.5571364929712853
680aac52abce2170943ff846,1,white_high,black,0,0.2787206073020346,0.5,0.5,0.5,0.45602968352285117,0.5571364929712853
680aac52abce2170943ff846,2,black_high,black,0,0.2787206073020346,0.5,0.5,0.2787206073020346,0.45602968352285117,0.5702228716082961
680aac52abce2170943ff846,3,white_high,black,0,0.2787206073020346,0.5442558785395931,0.5,0.2787206073020346,0.4586709122506145,0.5702228716082961
680aac52abce2170943ff846,4,white_high,black,0,0.2787206073020346,0.5442558785395931,0.5,0.15537035386962994,0.4586709122506145,0.5774765796723547
680aac52abce2170943ff846,5,black_high,white,0,0.2787206073020346,0.5442558785395931,0.5,0.08660983877455054,0.4586709122506145,0.5815058457558181
680aac52abce2170943ff846,6,white_high,black,0,0.15537035386962994,0.5442558785395931,0.5,0.08660983877455054,0.466044367091838,0.5815058457558181
680aac52abce2170943ff846,7,black_high,white,0,0.15537035386962994,0.5442558785395931,0.5,0.04827989372314806,0.466044367091838,0.5837472490918523
680aac52abce2170943ff846,8,white_high,white,1,0.08660983877455054,0.5442558785395931,0.5,0.04827989372314806,0.4701612936675635,0.5837472490918523
680aac52abce2170943ff846,9,white_high,black,1,0.08660983877455054,0.5442558785395931,0.5980222176931809,0.04827989372314806,0.4701612936675635,0.589463318503542
680aac52abce2170943ff846,10,black_high,white,1,0.08660983877455054,0.5442558785395931,0.5980222176931809,0.024617382459477772,0.4701612936675635,0.5908396243172159
680aac52abce2170943ff846,11,black_high,white,0,0.04416139642089907,0.5442558785395931,0.5980222176931809,0.024617382459477772,0.47270489121910264,0.5908396243172159
680aac52abce2170943ff846,12,black_high,white,0,0.02461738245947777,0.5442558785395931,0.5980222176931809,0.024617382459477772,0.47387649314549163,0.5908396243172159
680aac52abce2170943ff846,13,white_high,black,1,0.013722743578584193,0.5442558785395931,0.5980222176931809,0.024617382459477772,0.47452971806658295,0.5908396243172159
680aac52abce2170943ff846,14,black_high,black,0,0.013722743578584193,0.5442558785395931,0.5980222176931809,0.012552130347081655,0.47452971806658295,0.5915408412404606
680aac52abce2170943ff846,15,white_high,black,0,0.013722743578584193,0.48041417214688786,0.5980222176931809,0.012552130347081655,0.47070318645235165,0.5915408412404606
680aac52abce2170943ff846,16,white_high,white,0,0.013722743578584193,0.48041417214688786,0.5980222176931809,0.006997074786545794,0.47070318645235165,0.5918635688856669
680aac52abce2170943ff846,17,black_high,white,0,0.013722743578584193,0.48041417214688786,0.6431533811682574,0.006997074786545794,0.47070318645235165,0.5944825600415375
680aac52abce2170943ff846,18,black_high,white,0,0.0076496228481461636,0.48041417214688786,0.6431533811682574,0.006997074786545794,0.47106705489756323,0.5944825600415375
680aac52abce2170943ff846,19,white_high,white,0,0.0042642150517336365,0.48041417214688786,0.6431533811682574,0.006997074786545794,0.4712699035391207,0.5944825600415375
680aac52abce2170943ff846,20,white_high,white,0,0.0042642150517336365,0.48041417214688786,0.712567230291892,0.006997074786545794,0.4712699035391207,0.5985001709670149
680aac52abce2170943ff846,21,white_high,white,0,0.0042642150517336365,0.48041417214688786,0.7512613706577144,0.006997074786545794,0.4712699035391207,0.600734059037526
680aac52abce2170943ff846,22,black_high,white,0,0.0042642150517336365,0.48041417214688786,0.6843193221821126,0.006997074786545794,0.4712699035391207,0.596866771139298
680aac52abce2170943ff846,23,black_high,white,0,0.002377049217771352,0.48041417214688786,0.6843193221821126,0.006997074786545794,0.47138298385567295,0.596866771139298
680aac52abce2170943ff846,24,white_high,black,0,0.001325065203128115,0.48041417214688786,0.6843193221821126,0.006997074786545794,0.47144602076040376,0.596866771139298
680aac52abce2170943ff846,25,white_high,white,0,0.001325065203128115,0.48041417214688786,0.6843193221821126,0.003900457867687595,0.47144602076040376,0.5970459347032157
680aac52abce2170943ff846,26,black_high,white,0,0.001325065203128115,0.48041417214688786,0.7797707009905679,0.003900457867687595,0.47144602076040376,0.6025556313760174
680aac52abce2170943ff846,27,black_high,white,0,0.000738645956261324,0.48041417214688786,0.7797707009905679,0.003900457867687595,0.4714811605245928,0.6025556313760174
680aac52abce2170943ff846,28,white_high,black,0,0.0004117516990206966,0.48041417214688786,0.7797707009905679,0.003900457867687595,0.4715007490001381,0.6025556313760174
680aac52abce2170943ff846,29,white_high,black,0,0.0004117516990206966,0.48041417214688786,0.7797707009905679,0.0021742759712757706,0.4715007490001381,0.6026550365794832
680aac52abce2170943ff846,30,black_high,white,0,0.0004117516990206966,0.48041417214688786,0.7797707009905679,0.0012120310383124076,0.4715007490001381,0.6027104454599636
680aac52abce2170943ff846,31,white_high,black,0,0.00022952736721738623,0.48041417214688786,0.7797707009905679,0.0012120310383124076,0.4715116684618418,0.6027104454599636
680aac52abce2170943ff846,32,black_high,white,0,0.00022952736721738623,0.48041417214688786,0.7797707009905679,0.0006756360541346996,0.4715116684618418,0.6027413315104146
680aac52abce2170943ff846,33,black_high,black,0,0.00012794801436653397,0.48041417214688786,0.7797707009905679,0.0006756360541346996,0.471517755431672,0.6027413315104146
680aac52abce2170943ff846,34,white_high,white,0,0.00012794801436653397,0.4005702952533488,0.7797707009905679,0.0006756360541346996,0.46673600556622397,0.6027413315104146
680aac52abce2170943ff846,35,black_high,black,0,0.00012794801436653397,0.4005702952533488,0.7002115979104071,0.0006756360541346996,0.46673600556622397,0.5981514336302739
680aac52abce2170943ff846,36,black_high,black,0,0.00012794801436653397,0.4888296631578959,0.7002115979104071,0.0006756360541346996,0.47202206865442314,0.5981514336302739
680aac52abce2170943ff846,37,white_high,black,0,0.00012794801436653397,0.44951731532360784,0.7002115979104071,0.0006756360541346996,0.4696667128175127,0.5981514336302739
680aac52abce2170943ff846,38,white_high,white,0,0.00012794801436653397,0.44951731532360784,0.7002115979104071,0.00037662738264714757,0.4696667128175127,0.5981687167384067
680aac52abce2170943ff846,39,black_high,black,0,0.00012794801436653397,0.44951731532360784,0.700117953396185,0.00037662738264714757,0.4696667128175127,0.5981633039842831
680aac52abce2170943ff846,40,black_high,white,0,0.00012794801436653397,0.4718588709375177,0.700117953396185,0.00037662738264714757,0.4710051234308588,0.5981633039842831
680aac52abce2170943ff846,41,black_high,white,0,7.132349653465959e-05,0.4718588709375177,0.700117953396185,0.00037662738264714757,0.47100851616120354,0.5981633039842831
680aac52abce2170943ff846,42,black_high,black,0,3.975865653808976e-05,0.4718588709375177,0.700117953396185,0.00037662738264714757,0.47101040741009065,0.5981633039842831
680aac52abce2170943ff846,43,white_high,black,0,3.975865653808976e-05,0.6170806104538593,0.700117953396185,0.00037662738264714757,0.47971949255381663,0.5981633039842831
680aac52abce2170943ff846,44,white_high,white,0,3.975865653808976e-05,0.6170806104538593,0.700117953396185,0.00020994762563597745,0.47971949255381663,0.5981729382377582
680aac52abce2170943ff846,45,black_high,white,0,3.975865653808976e-05,0.6170806104538593,0.5230422379260637,0.00020994762563597745,0.47971949255381663,0.5878964211972918
680aac52abce2170943ff846,46,white_high,black,0,2.2163113791618768e-05,0.6170806104538593,0.5230422379260637,0.00020994762563597745,0.4797205486298412,0.5878964211972918
680aac52abce2170943ff846,47,white_high,white,1,2.2163113791618768e-05,0.6170806104538593,0.5230422379260637,0.00011703345943775968,0.4797205486298412,0.5879018344193294
68598a1d4cebd213b2abb1d9,0,black_high,black,0,0.5,0.5,0.5,0.5,0.4591411771991844,0.5408588228008157
68598a1d4cebd213b2abb1d9,1,white_high,white,0,0.5,0.5484974664556403,0.5,0.5,0.6331818728109657,0.5408588228008157
68598a1d4cebd213b2abb1d9,2,black_high,black,1,0.5,0.5484974664556403,0.5969949329112806,0.5,0.6331818728109657,0.829655081022924
68598a1d4cebd213b2abb1d9,3,black_high,black,0,0.5,0.6329552047914381,0.5969949329112806,0.5,0.8559204108643511,0.829655081022924
68598a1d4cebd213b2abb1d9,4,white_high,white,0,0.5,0.7624651647692438,0.5969949329112806,0.5,0.9753256539299225,0.829655081022924
68598a1d4cebd213b2abb1d9,5,black_high,black,0,0.5,0.7624651647692438,0.7439447136815227,0.5,0.9753256539299225,0.9766512853638858
68598a1d4cebd213b2abb1d9,6,black_high,black,0,0.5,0.7806686088944597,0.7439447136815227,0.5,0.9809861203955306,0.9766512853638858
68598a1d4cebd213b2abb1d9,7,white_high,white,0,0.5,0.838541310266918,0.7439447136815227,0.5,0.9917583142460482,0.9766512853638858
68598a1d4cebd213b2abb1d9,8,black_high,black,0,0.5,0.838541310266918,0.5771402415378781,0.5,0.9917583142460482,0.784593582829644
68598a1d4cebd213b2abb1d9,9,white_high,white,0,0.5,0.8198497512486552,0.5771402415378781,0.5,0.9891935828180732,0.784593582829644
68598a1d4cebd213b2abb1d9,10,white_high,white,0,0.5,0.8198497512486552,0.733719044596807,0.5,0.9891935828180732,0.9729842921677582
68598a1d4cebd213b2abb1d9,11,white_high,white,0,0.5,0.8198497512486552,0.7173661622543082,0.5,0.9891935828180732,0.965929142410549
68598a1d4cebd213b2abb1d9,12,white_high,white,0,0.5,0.8198497512486552,0.7089440135403929,0.5,0.9891935828180732,0.9616317688437322
68598a1d4cebd213b2abb1d9,13,white_high,white,0,0.5,0.8198497512486552,0.7046063935738529,0.5,0.9891935828180732,0.9592199276879414
68598a1d4cebd213b2abb1d9,14,white_high,white,0,0.5,0.8198497512486552,0.7508698758511991,0.5,0.9891935828180732,0.9788539168602686
68598a1d4cebd213b2abb1d9,15,white_high,white,0,0.5,0.8198497512486552,0.8231942077855187,0.5,0.9891935828180732,0.9925590827855448
68598a1d4cebd213b2abb1d9,16,white_high,white,0,0.5,0.8198497512486552,0.8604430711007256,0.5,0.9891935828180732,0.9956722788249822
68598a1d4cebd213b2abb1d9,17,black_high,black,0,0.5,0.8198497512486552,0.8796271794245327,0.5,0.9891935828180732,0.9967281074595523
68598a1d4cebd213b2abb1d9,18,black_high,black,0,0.5,0.7617256583396703,0.8796271794245327,0.5,0.9750638816853459,0.9967281074595523
68598a1d4cebd213b2abb1d9,19,black_high,black,0,0.5,0.7317902778918656,0.8796271794245327,0.5,0.961879008586389,0.9967281074595523
68598a1d4cebd213b2abb1d9,20,white_high,white,0,0.5,0.7163727985351032,0.8796271794245327,0.5,0.9526874139596143,0.9967281074595523
68598a1d4cebd213b2abb1d9,21,black_high,black,0,0.5,0.7163727985351032,0.8895074812491878,0.5,0.9526874139596143,0.9971673155457234
68598a1d4cebd213b2abb1d9,22,white_high,white,0,0.5,0.8539248054246129,0.8895074812491878,0.5,0.9934086918300356,0.9971673155457234
68598a1d4cebd213b2abb1d9,23,black_high,black,0,0.5,0.8539248054246129,0.6521087547325131,0.5,0.9934086918300356,0.9160383329912387
68598a1d4cebd213b2abb1d9,24,black_high,black,0,0.5,0.8762701074581822,0.6521087547325131,0.5,0.9952383230709569,0.9160383329912387
68598a1d4cebd213b2abb1d9,25,white_high,white,0,0.5,0.8392810376779695,0.6521087547325131,0.5,0.9918463247678799,0.9160383329912387
68598a1d4cebd213b2abb1d9,26,black_high,black,0,0.5,0.8392810376779695,0.6268373288856607,0.5,0.9918463247678799,0.8828692364193755
68598a1d4cebd213b2abb1d9,27,black_high,black,0,0.5,0.8687281960623091,0.6268373288856607,0.5,0.9946856554507782,0.8828692364193755
68598a1d4cebd213b2abb1d9,28,black_high,black,0,0.5,0.835396762231424,0.6268373288856607,0.5,0.991373551427596,0.8828692364193755
68598a1d4cebd213b2abb1d9,29,white_high,white,0,0.5,0.8667276957974968,0.6268373288856607,0.5,0.9945286448711246,0.8828692364193755
68598a1d4cebd213b2abb1d9,30,black_high,black,0,0.5,0.8667276957974968,0.6623193707673878,0.5,0.9945286448711246,0.9268388957157349
68598a1d4cebd213b2abb1d9,31,black_high,black,0,0.5,0.8828639203671244,0.6623193707673878,0.5,0.9956744174475551,0.9268388957157349
68598a1d4cebd213b2abb1d9,32,white_high,white,1,0.5,0.8426770183832497,0.6623193707673878,0.5,0.9922385532307063,0.9268388957157349
68598a1d4cebd213b2abb1d9,33,white_high,white,0,0.5,0.8426770183832497,0.7948185965003891,0.5,0.9922385532307063,0.988772024593625
68598a1d4cebd213b2abb1d9,34,black_high,black,0,0.5,0.8426770183832497,0.7973314459245443,0.5,0.9922385532307063,0.9891730118942023
68598a1d4cebd213b2abb1d9,35,white_high,white,0,0.5,0.8219797457085658,0.7973314459245443,0.5,0.9895217428424672,0.9891730118942023
68598a1d4cebd213b2abb1d9,36,black_high,black,0,0.5,0.8219797457085658,0.7501281605864987,0.5,0.9895217428424672,0.9786280800255274
68598a1d4cebd213b2abb1d9,37,white_high,white,0,0.5,0.8598175923621594,0.7501281605864987,0.5,0.9939499658300706,0.9786280800255274
68598a1d4cebd213b2abb1d9,38,white_high,white,1,0.5,0.8598175923621594,0.7743147391768723,0.5,0.9939499658300706,0.9849024520985517
68598a1d4cebd213b2abb1d9,39,black_high,black,1,0.5,0.8598175923621594,0.8443801870801454,0.5,0.9939499658300706,0.9945317825718049
68598a1d4cebd213b2abb1d9,40,white_high,white,1,0.5,0.8264712288036817,0.8443801870801454,0.5,0.9901817528047668,0.9945317825718049
68598a1d4cebd213b2abb1d9,41,white_high,white,0,0.5,0.8264712288036817,0.9311331748485152,0.5,0.9901817528047668,0.9984575308151553
68598a1d4cebd213b2abb1d9,42,black_high,black,0,0.5,0.8264712288036817,0.8190394409085,0.5,0.9901817528047668,0.9920963320154268
68598a1d4cebd213b2abb1d9,43,black_high,black,0,0.5,0.8136333534942204,0.8190394409085,0.5,0.9881766102418704,0.9920963320154268
68598a1d4cebd213b2abb1d9,44,black_high,black,0,0.5,0.8555189889122223,0.8190394409085,0.5,0.9935596994649469,0.9920963320154268
68598a1d4cebd213b2abb1d9,45,white_high,white,0,0.5,0.7315987529767259,0.8190394409085,0.5,0.9617761067551758,0.9920963320154268
68598a1d4cebd213b2abb1d9,46,white_high,white,0,0.5,0.7315987529767259,0.8583032608961991,0.5,0.9617761067551758,0.9955352350307399
68598a1d4cebd213b2abb1d9,47,black_high,black,0,0.5,0.7315987529767259,0.8785251229561608,0.5,0.9617761067551758,0.9966750905940754
68e541cbbf146b5c074849ac,0,white_high,black,0,0.5,0.5,0.5,0.5,0.971092869302552,0.028907130697447866
68e541cbbf146b5c074849ac,1,white_high,black,0,0.5,0.5,0.5,0.39050705392212437,0.971092869302552,0.09207400360927737
68e541cbbf146b5c074849ac,2,white_high,black,0,0.5,0.5,0.5,0.3049915183258739,0.971092869302552,0.20895571877421115
68e541cbbf146b5c074849ac,3,white_high,black,0,0.5,0.5,0.5,0.23820267858534527,0.971092869302552,0.3581192278009646
68e541cbbf146b5c074849ac,4,black_high,black,0,0.5,0.5,0.5,0.18603965250144378,0.971092869302552,0.500105932152492
68e541cbbf146b5c074849ac,5,black_high,black,0,0.5,0.5875943568623005,0.5,0.18603965250144378,0.9889579888960792,0.500105932152492
68e541cbbf146b5c074849ac,6,black_high,black,0,0.5,0.6341081961237258,0.5,0.18603965250144378,0.9934104761946674,0.500105932152492
68e541cbbf146b5c074849ac,7,white_high,black,0,0.5,0.6923347500124738,0.5,0.18603965250144378,0.9965554236588869,0.500105932152492
68e541cbbf146b5c074849ac,8,black_high,black,0,0.5,0.6923347500124738,0.5,0.14529959322206917,0.9965554236588869,0.612184735062739
68e541cbbf146b5c074849ac,9,white_high,black,0,0.5,0.7378105100507393,0.5,0.14529959322206917,0.997926829409587,0.612184735062739
68e541cbbf146b5c074849ac,10,black_high,black,0,0.5,0.7378105100507393,0.5,0.11348103217046662,0.997926829409587,0.6926868761188625
68e541cbbf146b5c074849ac,11,black_high,black,0,0.5,0.7733277202055644,0.5,0.11348103217046662,0.9986060414518054,0.6926868761188625
68e541cbbf146b5c074849ac,12,white_high,black,0,0.5,0.7791685731921767,0.5,0.11348103217046662,0.9986941580647976,0.6926868761188625
68e541cbbf146b5c074849ac,13,black_high,black,0,0.5,0.7791685731921767,0.5,0.08863028709786148,0.9986941580647976,0.7485535527024324
68e541cbbf146b5c074849ac,14,white_high,white,0,0.5,0.7837303617765651,0.5,0.08863028709786148,0.9987590909681551,0.7485535527024324
68e541cbbf146b5c074849ac,15,black_high,black,0,0.5,0.7837303617765651,0.5,0.08863028709786148,0.9987590909681551,0.7485535527024324
68e541cbbf146b5c074849ac,16,white_high,white,1,0.5,0.6996988261556748,0.5,0.08863028709786148,0.9968271400461922,0.7485535527024324
68e541cbbf146b5c074849ac,17,white_high,white,0,0.5,0.6996988261556748,0.5365246192219869,0.08863028709786148,0.9968271400461922,0.8175450185777228
68e541cbbf146b5c074849ac,18,white_high,white,0,0.5,0.6996988261556748,0.5504248321115861,0.08863028709786148,0.9968271400461922,0.8396214427552563
68e541cbbf146b5c074849ac,19,white_high,white,1,0.5,0.6996988261556748,0.5612810944804015,0.08863028709786148,0.9968271400461922,0.8553197193804858
68e541cbbf146b5c074849ac,20,black_high,black,0,0.5,0.6996988261556748,0.5388984080663688,0.08863028709786148,0.9968271400461922,0.8214755861976051
68e541cbbf146b5c074849ac,21,black_high,black,0,0.5,0.6997647789786683,0.5388984080663688,0.08863028709786148,0.9968294743931974,0.8214755861976051
68e541cbbf146b5c074849ac,22,white_high,white,1,0.5,0.612221932201578,0.5388984080663688,0.08863028709786148,0.9915963345407887,0.8214755861976051
68e541cbbf146b5c074849ac,23,black_high,black,1,0.5,0.612221932201578,0.48816629341472606,0.08863028709786148,0.9915963345407887,0.7228084459155909
68e541cbbf146b5c074849ac,24,white_high,white,1,0.5,0.46165944111543455,0.48816629341472606,0.08863028709786148,0.9562745495848413,0.7228084459155909
68e541cbbf146b5c074849ac,25,black_high,black,1,0.5,0.46165944111543455,0.5290131289068315,0.08863028709786148,0.9562745495848413,0.8046653214460986
68e541cbbf146b5c074849ac,26,black_high,black,1,0.5,0.3295647073676561,0.5290131289068315,0.08863028709786148,0.8329007035141316,0.8046653214460986
68e541cbbf146b5c074849ac,27,black_high,black,1,0.5,0.46486478746547266,0.5290131289068315,0.08863028709786148,0.9577506420405082,0.8046653214460986
68e541cbbf146b5c074849ac,28,white_high,white,0,0.5,0.4776977900565446,0.5290131289068315,0.08863028709786148,0.9631964327095948,0.8046653214460986
68e541cbbf146b5c074849ac,29,black_high,black,0,0.5,0.4776977900565446,0.6102540198512396,0.08863028709786148,0.9631964327095948,0.9109424098711477
68e541cbbf146b5c074849ac,30,white_high,white,0,0.5,0.5482774270447824,0.6102540198512396,0.08863028709786148,0.9829564873042462,0.9109424098711477
68e541cbbf146b5c074849ac,31,black_high,black,0,0.5,0.5482774270447824,0.4985155880880575,0.08863028709786148,0.9829564873042462,0.7454128206919697
68e541cbbf146b5c074849ac,32,black_high,black,0,0.5,0.4501109947500961,0.4985155880880575,0.08863028709786148,0.9505383519984549,0.7454128206919697
68e541cbbf146b5c074849ac,33,white_high,white,1,0.5,0.5267317507202346,0.4985155880880575,0.08863028709786148,0.9784077768621309,0.7454128206919697
68e541cbbf146b5c074849ac,34,white_high,white,0,0.5,0.5267317507202346,0.5721070023305541,0.08863028709786148,0.9784077768621309,0.8696813241368102
68e541cbbf146b5c074849ac,35,black_high,black,1,0.5,0.5267317507202346,0.6220123537412463,0.08863028709786148,0.9784077768621309,0.9210594769509227
68e541cbbf146b5c074849ac,36,white_high,white,0,0.5,0.4439188421143243,0.6220123537412463,0.08863028709786148,0.9471755522150923,0.9210594769509227
68e541cbbf146b5c074849ac,37,white_high,white,0,0.5,0.4439188421143243,0.6171919588187715,0.08863028709786148,0.9471755522150923,0.917045592000407
68e541cbbf146b5c074849ac,38,black_high,black,0,0.5,0.4439188421143243,0.635325751594513,0.08863028709786148,0.9471755522150923,0.9312385492679547
68e541cbbf146b5c074849ac,39,black_high,black,0,0.5,0.3905040568603212,0.635325751594513,0.08863028709786148,0.9079231915403959,0.9312385492679547
68e541cbbf146b5c074849ac,40,black_high,black,0,0.5,0.39258353444062405,0.635325751594513,0.08863028709786148,0.909850938516719,0.9312385492679547
68e541cbbf146b5c074849ac,41,black_high,black,0,0.5,0.35041045733663617,0.635325751594513,0.08863028709786148,0.8629123336353383,0.9312385492679547
68e541cbbf146b5c074849ac,42,white_high,white,1,0.5,0.3612698675783686,0.635325751594513,0.08863028709786148,0.8766695287839907,0.9312385492679547
68e541cbbf146b5c074849ac,43,white_high,white,1,0.5,0.3612698675783686,0.695472393781286,0.08863028709786148,0.8766695287839907,0.9637086075256602
68e541cbbf146b5c074849ac,44,white_high,white,0,0.5,0.3612698675783686,0.6971260847125422,0.08863028709786148,0.8766695287839907,0.9643505552350684
68e541cbbf146b5c074849ac,45,white_high,white,0,0.5,0.3612698675783686,0.7634511992624716,0.08863028709786148,0.8766695287839907,0.9827106654581756
6902584f39b4b2ce82a5eda6,0,white_high,black,0,0.5,0.5,0.5,0.5,0.6715393185019953,0.3284606814980047
6902584f39b4b2ce82a5eda6,1,white_high,white,0,0.5,0.5,0.5,0.4786169424523764,0.6715393185019953,0.3605821324049259
6902584f39b4b2ce82a5eda6,2,black_high,black,0,0.5,0.5,0.4914467769809506,0.4786169424523764,0.6715393185019953,0.3475637745753394
6902584f39b4b2ce82a5eda6,3,white_high,white,0,0.5,0.5171064460380989,0.4914467769809506,0.4786169424523764,0.6961453543961137,0.3475637745753394
6902584f39b4b2ce82a5eda6,4,black_high,white,0,0.5,0.5171064460380989,0.49181256510101856,0.4786169424523764,0.6961453543961137,0.34811604292235354
6902584f39b4b2ce82a5eda6,5,white_high,black,0,0.4786169424523764,0.5171064460380989,0.49181256510101856,0.4786169424523764,0.7253837268880672,0.34811604292235354
6902584f39b4b2ce82a5eda6,6,black_high,black,0,0.4786169424523764,0.5171064460380989,0.49181256510101856,0.4581483552049228,0.7253837268880672,0.3796344644512607
6902584f39b4b2ce82a5eda6,7,white_high,black,0,0.4786169424523764,0.5163748697979629,0.49181256510101856,0.4581483552049228,0.7244127326136727,0.3796344644512607
6902584f39b4b2ce82a5eda6,8,white_high,black,0,0.4786169424523764,0.5163748697979629,0.49181256510101856,0.4385551299155309,0.7244127326136727,0.41079123523373223
6902584f39b4b2ce82a5eda6,9,white_high,black,0,0.4786169424523764,0.5163748697979629,0.49181256510101856,0.4197998307539523,0.7244127326136727,0.4413049382614948
6902584f39b4b2ce82a5eda6,10,black_high,white,0,0.4786169424523764,0.5163748697979629,0.49181256510101856,0.4018466228749635,0.7244127326136727,0.4709381934995049
6902584f39b4b2ce82a5eda6,11,black_high,black,1,0.4581483552049228,0.5163748697979629,0.49181256510101856,0.4018466228749635,0.7507633469286066,0.4709381934995049
6902584f39b4b2ce82a5eda6,12,white_high,black,1,0.4581483552049228,0.6264842216540556,0.49181256510101856,0.4018466228749635,0.8624193164566542,0.4709381934995049
6902584f39b4b2ce82a5eda6,13,black_high,black,0,0.4581483552049228,0.6264842216540556,0.49181256510101856,0.16088248500539062,0.8624193164566542,0.8156849577006525
6902584f39b4b2ce82a5eda6,14,white_high,black,1,0.4581483552049228,0.6339048174016396,0.49181256510101856,0.16088248500539062,0.8681751756388251,0.8156849577006525
6902584f39b4b2ce82a5eda6,15,white_high,white,0,0.4581483552049228,0.6339048174016396,0.49181256510101856,0.06441057982852182,0.8681751756388251,0.8937337155898094
6902584f39b4b2ce82a5eda6,16,white_high,white,1,0.4581483552049228,0.6339048174016396,0.5049925444128174,0.06441057982852182,0.8681751756388251,0.9017817459246446
6902584f39b4b2ce82a5eda6,17,black_high,white,1,0.4581483552049228,0.6339048174016396,0.6219272173423086,0.06441057982852182,0.8681751756388251,0.9523681701694956
6902584f39b4b2ce82a5eda6,18,white_high,white,0,0.1834233304218535,0.6339048174016396,0.6219272173423086,0.06441057982852182,0.976185977315698,0.9523681701694956
6902584f39b4b2ce82a5eda6,19,black_high,black,0,0.1834233304218535,0.6339048174016396,0.6124362524226795,0.06441057982852182,0.976185977315698,0.9494193947502304
6902584f39b4b2ce82a5eda6,20,black_high,black,0,0.1834233304218535,0.645284674606932,0.6124362524226795,0.06441057982852182,0.9778846171811769,0.9494193947502304
6902584f39b4b2ce82a5eda6,21,black_high,black,0,0.1834233304218535,0.6519012480196905,0.6124362524226795,0.06441057982852182,0.9788172027990273,0.9494193947502304
6902584f39b4b2ce82a5eda6,22,black_high,black,0,0.1834233304218535,0.6539582447828182,0.6124362524226795,0.06441057982852182,0.9790992106135766,0.9494193947502304
6902584f39b4b2ce82a5eda6,23,black_high,black,0,0.1834233304218535,0.6430974372570493,0.6124362524226795,0.06441057982852182,0.9775675954036692,0.9494193947502304
6902584f39b4b2ce82a5eda6,24,white_high,white,0,0.1834233304218535,0.6455309388045288,0.6124362524226795,0.06441057982852182,0.9779200356854784,0.9494193947502304
6902584f39b4b2ce82a5eda6,25,black_high,black,0,0.1834233304218535,0.6455309388045288,0.6247342367487918,0.06441057982852182,0.9779200356854784,0.9532085334864714
6902584f39b4b2ce82a5eda6,26,black_high,black,0,0.1834233304218535,0.6264773113971208,0.6247342367487918,0.06441057982852182,0.9750093191283052,0.9532085334864714
6902584f39b4b2ce82a5eda6,27,white_high,white,0,0.1834233304218535,0.6167917566314495,0.6247342367487918,0.06441057982852182,0.9733895636380825,0.9532085334864714
6902584f39b4b2ce82a5eda6,28,black_high,black,1,0.1834233304218535,0.6167917566314495,0.6193998380236752,0.06441057982852182,0.9733895636380825,0.9515992759524428
6902584f39b4b2ce82a5eda6,29,white_high,white,1,0.1834233304218535,0.4867943004871387,0.6193998380236752,0.06441057982852182,0.9390188213483244,0.9515992759524428
6902584f39b4b2ce82a5eda6,30,black_high,black,0,0.1834233304218535,0.4867943004871387,0.5478026728532868,0.06441057982852182,0.9390188213483244,0.9242894237556633
6902584f39b4b2ce82a5eda6,31,white_high,white,0,0.1834233304218535,0.4916356684619437,0.5478026728532868,0.06441057982852182,0.9408380513353671,0.9242894237556633
6902584f39b4b2ce82a5eda6,32,white_high,white,0,0.1834233304218535,0.4916356684619437,0.5329285037156085,0.06441057982852182,0.9408380513353671,0.9170642191168563
6902584f39b4b2ce82a5eda6,33,black_high,black,1,0.1834233304218535,0.4916356684619437,0.5272436680262678,0.06441057982852182,0.9408380513353671,0.9141407279052371
6902584f39b4b2ce82a5eda6,34,black_high,black,1,0.1834233304218535,0.6765438923190723,0.5272436680262678,0.06441057982852182,0.9819636833654705,0.9141407279052371
6902584f39b4b2ce82a5eda6,35,black_high,black,0,0.1834233304218535,0.5107165422743869,0.5272436680262678,0.06441057982852182,0.947523537694945,0.9141407279052371
6902584f39b4b2ce82a5eda6,36,black_high,black,1,0.1834233304218535,0.5273646834321563,0.5272436680262678,0.06441057982852182,0.9527675750298692,0.9141407279052371
6902584f39b4b2ce82a5eda6,37,white_high,white,0,0.1834233304218535,0.5709198744909597,0.5272436680262678,0.06441057982852182,0.9642284769817545,0.9141407279052371
6902584f39b4b2ce82a5eda6,38,black_high,black,0,0.1834233304218535,0.5709198744909597,0.521801950674315,0.06441057982852182,0.9642284769817545,0.9112551121143904
6902584f39b4b2ce82a5eda6,39,white_high,white,0,0.1834233304218535,0.5678869069759388,0.521801950674315,0.06441057982852182,0.963525653565681,0.9112551121143904
6902584f39b4b2ce82a5eda6,40,white_high,white,0,0.1834233304218535,0.5678869069759388,0.5208695659424764,0.06441057982852182,0.963525653565681,0.9107519894925208
6902584f39b4b2ce82a5eda6,41,white_high,white,0,0.1834233304218535,0.5678869069759388,0.528530278702442,0.06441057982852182,0.963525653565681,0.9148104495376285
6902584f39b4b2ce82a5eda6,42,black_high,black,0,0.1834233304218535,0.5678869069759388,0.5358633725388032,0.06441057982852182,0.963525653565681,0.9185378203442687
6902584f39b4b2ce82a5eda6,43,black_high,black,0,0.1834233304218535,0.5735368707177949,0.5358633725388032,0.06441057982852182,0.9648244122647119,0.9185378203442687
6902584f39b4b2ce82a5eda6,44,white_high,white,1,0.1834233304218535,0.5874984304790323,0.5358633725388032,0.06441057982852182,0.9678453839356221,0.9185378203442687
6902584f39b4b2ce82a5eda6,45,black_high,black,1,0.1834233304218535,0.5874984304790323,0.5743223921306091,0.06441057982852182,0.9678453839356221,0.9357527247574938
69124176667ec0990dfb9da1,0,black_high,white,0,0.5,0.5,0.5,0.5,0.9058821525220881,0.09411784747791178
69124176667ec0990dfb9da1,1,white_high,black,0,0.18114675049275664,0.5,0.5,0.5,0.9737930548171299,0.09411784747791178
69124176667ec0990dfb9da1,2,black_high,black,0,0.18114675049275664,0.5,0.5,0.18114675049275664,0.9737930548171299,0.28627421143181947
69124176667ec0990dfb9da1,3,white_high,black,0,0.18114675049275664,0.5637706499014487,0.5,0.18114675049275664,0.9798725294929825,0.28627421143181947
69124176667ec0990dfb9da1,4,white_high,black,0,0.18114675049275664,0.5637706499014487,0.5,0.06562829042817005,0.9798725294929825,0.39552220678434497
69124176667ec0990dfb9da1,5,white_high,black,0,0.18114675049275664,0.5637706499014487,0.5,0.023776703102915776,0.9798725294929825,0.43859775959676633
69124176667ec0990dfb9da1,6,white_high,black,0,0.18114675049275664,0.5637706499014487,0.5,0.008614145009048474,0.9798725294929825,0.4544716656884362
69124176667ec0990dfb9da1,7,black_high,black,1,0.18114675049275664,0.5637706499014487,0.5,0.0031208487533250576,0.9798725294929825,0.46024733407805385
69124176667ec0990dfb9da1,8,white_high,black,1,0.18114675049275664,0.6300170945863341,0.5,0.0031208487533250576,0.9847226414015996,0.46024733407805385
69124176667ec0990dfb9da1,9,black_high,black,0,0.18114675049275664,0.6300170945863341,0.5,0.0016032232625077091,0.9847226414015996,0.4618449211391238
69124176667ec0990dfb9da1,10,white_high,white,0,0.18114675049275664,0.5471043483856476,0.5,0.0016032232625077091,0.9784317899036196,0.4618449211391238
69124176667ec0990dfb9da1,11,black_high,black,0,0.18114675049275664,0.5471043483856476,0.2449174003942053,0.0016032232625077091,0.9784317899036196,0.2255575766174623
69124176667ec0990dfb9da1,12,black_high,black,0,0.18114675049275664,0.26198299968248284,0.2449174003942053,0.0016032232625077091,0.931299345172506,0.2255575766174623
69124176667ec0990dfb9da1,13,white_high,black,0,0.18114675049275664,0.4775386375623454,0.2449174003942053,0.0016032232625077091,0.9712519905415146,0.2255575766174623
69124176667ec0990dfb9da1,14,white_high,black,0,0.18114675049275664,0.4775386375623454,0.2449174003942053,0.0005808373686353346,0.9712519905415146,0.22631507481246738
69124176667ec0990dfb9da1,15,white_high,black,0,0.18114675049275664,0.4775386375623454,0.2449174003942053,0.0002104336037861085,0.9712519905415146,0.22658995523152253
69124176667ec0990dfb9da1,16,black_high,black,0,0.18114675049275664,0.4775386375623454,0.2449174003942053,7.623872704066762e-05,0.9712519905415146,0.22668960085389359
69124176667ec0990dfb9da1,17,black_high,black,0,0.18114675049275664,0.5556330442670063,0.2449174003942053,7.623872704066762e-05,0.9791812385772538,0.22668960085389359
69124176667ec0990dfb9da1,18,white_high,black,0,0.18114675049275664,0.5839261402794245,0.2449174003942053,7.623872704066762e-05,0.9814893529914973,0.22668960085389359
69124176667ec0990dfb9da1,19,black_high,black,0,0.18114675049275664,0.5839261402794245,0.2449174003942053,2.762079533024239e-05,0.9814893529914973,0.22672570945818282
69124176667ec0990dfb9da1,20,black_high,black,0,0.18114675049275664,0.6579471949889313,0.2449174003942053,2.762079533024239e-05,0.9864043061275871,0.22672570945818282
69124176667ec0990dfb9da1,21,black_high,black,0,0.18114675049275664,0.7485351919477274,0.2449174003942053,2.762079533024239e-05,0.990697137286469,0.22672570945818282
69124176667ec0990dfb9da1,22,white_high,black,0,0.18114675049275664,0.7813546345131948,0.2449174003942053,2.762079533024239e-05,0.9918949135652416,0.22672570945818282
69124176667ec0990dfb9da1,23,black_high,black,0,0.18114675049275664,0.7813546345131948,0.2449174003942053,1.0006834640197832e-05,0.9918949135652416,0.2267387923740009
69124176667ec0990dfb9da1,24,white_high,black,0,0.18114675049275664,0.8570155551620795,0.2449174003942053,1.0006834640197832e-05,0.994104545283546,0.2267387923740009
69124176667ec0990dfb9da1,25,black_high,black,0,0.18114675049275664,0.8570155551620795,0.2449174003942053,3.625411155580382e-06,0.994104545283546,0.22674353236104497
69124176667ec0990dfb9da1,26,white_high,white,0,0.18114675049275664,0.8844270149917511,0.2449174003942053,3.625411155580382e-06,0.9947475198896313,0.22674353236104497
69124176667ec0990dfb9da1,27,white_high,white,0,0.18114675049275664,0.8844270149917511,0.6626678315541255,3.625411155580382e-06,0.9947475198896313,0.6325092603547307
69124176667ec0990dfb9da1,28,white_high,white,0,0.18114675049275664,0.8844270149917511,0.8140160977972606,3.625411155580382e-06,0.9947475198896313,0.7656984412822745
69124176667ec0990dfb9da1,29,black_high,black,0,0.18114675049275664,0.8844270149917511,0.8688485910425736,3.625411155580382e-06,0.9947475198896313,0.8047853274018576
69124176667ec0990dfb9da1,30,white_high,white,0,0.18114675049275664,0.8943580087405666,0.8688485910425736,3.625411155580382e-06,0.99496283000766,0.8047853274018576
69124176667ec0990dfb9da1,31,white_high,white,0,0.18114675049275664,0.8943580087405666,0.8887140469881826,3.625411155580382e-06,0.99496283000766,0.8176691911872567
69124176667ec0990dfb9da1,32,black_high,black,1,0.18114675049275664,0.8943580087405666,0.9596818224728394,3.625411155580382e-06,0.99496283000766,0.8583056696082791
69124176667ec0990dfb9da1,33,black_high,black,1,0.18114675049275664,0.8971016308866774,0.9596818224728394,3.625411155580382e-06,0.9950207496476824,0.8583056696082791
69124176667ec0990dfb9da1,34,white_high,white,1,0.18114675049275664,0.7526252258969655,0.9596818224728394,3.625411155580382e-06,0.9908554810717863,0.8583056696082791
69124176667ec0990dfb9da1,35,black_high,black,1,0.18114675049275664,0.7526252258969655,0.9306593794509802,3.625411155580382e-06,0.9908554810717863,0.8426839843006257
69124176667ec0990dfb9da1,36,white_high,black,1,0.18114675049275664,0.8242915357890802,0.9306593794509802,3.625411155580382e-06,0.993233799111957,0.8426839843006257
69124176667ec0990dfb9da1,37,black_high,black,1,0.18114675049275664,0.8242915357890802,0.9306593794509802,1.862423962259868e-06,0.993233799111957,0.8426849744256842
69124176667ec0990dfb9da1,38,black_high,black,1,0.18114675049275664,0.8611075125437081,0.9306593794509802,1.862423962259868e-06,0.994205277848284,0.8426849744256842
69124176667ec0990dfb9da1,39,black_high,black,1,0.18114675049275664,0.7827631622966775,0.9306593794509802,1.862423962259868e-06,0.9919427456034655,0.8426849744256842
69124176667ec0990dfb9da1,40,white_high,white,1,0.18114675049275664,0.8397738114580042,0.9306593794509802,1.862423962259868e-06,0.9936606313406355,0.8426849744256842
69124176667ec0990dfb9da1,41,white_high,white,1,0.18114675049275664,0.8397738114580042,0.9157501481920558,1.862423962259868e-06,0.9936606313406355,0.8341293648977801
69124176667ec0990dfb9da1,42,black_high,black,1,0.18114675049275664,0.8397738114580042,0.859462455533131,1.862423962259868e-06,0.9936606313406355,0.7984635563133166
69124176667ec0990dfb9da1,43,black_high,black,0,0.18114675049275664,0.869060972153864,0.859462455533131,1.862423962259868e-06,0.9943962000057994,0.7984635563133166
69124176667ec0990dfb9da1,44,white_high,white,1,0.18114675049275664,0.8250203413830864,0.859462455533131,1.862423962259868e-06,0.9932545172717316,0.7984635563133166
69124176667ec0990dfb9da1,45,white_high,white,0,0.18114675049275664,0.8250203413830864,0.8305466876134181,1.862423962259868e-06,0.9932545172717316,0.7780292082936404
69124176667ec0990dfb9da1,46,black_high,black,0,0.18114675049275664,0.8250203413830864,0.8110668663989761,1.862423962259868e-06,0.9932545172717316,0.7634508153303455
6917b43630e666e39c18fa7b,0,black_high,black,0,0.5,0.5,0.5,0.5,0.6231190576685625,0.3768809423314376
6917b43630e666e39c18fa7b,1,white_high,black,0,0.5,0.7597288234400554,0.5,0.5,0.6453973614361559,0.3768809423314376
6917b43630e666e39c18fa7b,2,black_high,black,0,0.5,0.7597288234400554,0.5,0.24027117655994462,0.6453973614361559,0.3996921017153386
6917b43630e666e39c18fa7b,3,black_high,black,0,0.5,0.7806479940529777,0.5,0.24027117655994462,0.6471660281407884,0.3996921017153386
6917b43630e666e39c18fa7b,4,white_high,white,0,0.5,0.6348632474605946,0.5,0.24027117655994462,0.6347587985454183,0.3996921017153386
6917b43630e666e39c18fa7b,5,white_high,white,0,0.5,0.6348632474605946,0.6038915293760221,0.24027117655994462,0.6347587985454183,0.40894602858624607
6917b43630e666e39c18fa7b,6,white_high,black,1,0.5,0.6348632474605946,0.6538158093715999,0.24027117655994462,0.6347587985454183,0.41341642656523214
6917b43630e666e39c18fa7b,7,black_high,white,1,0.5,0.6348632474605946,0.6538158093715999,0.1197458904377632,0.6347587985454183,0.42426632982389045
6917b43630e666e39c18fa7b,8,white_high,black,1,0.24918904579444656,0.6348632474605946,0.6538158093715999,0.1197458904377632,0.6559841635368402,0.42426632982389045
6917b43630e666e39c18fa7b,9,white_high,white,1,0.24918904579444656,0.6348632474605946,0.6538158093715999,0.05967872835198511,0.6559841635368402,0.4297017553827561
6917b43630e666e39c18fa7b,10,black_high,black,0,0.24918904579444656,0.6348632474605946,0.7773071928952617,0.05967872835198511,0.6559841635368402,0.4409283893661391
6917b43630e666e39c18fa7b,11,white_high,white,0,0.24918904579444656,0.7725905610361484,0.7773071928952617,0.05967872835198511,0.667386253856852,0.4409283893661391
6917b43630e666e39c18fa7b,12,black_high,black,0,0.24918904579444656,0.7725905610361484,0.7890951450749933,0.05967872835198511,0.667386253856852,0.44200338789151256
6917b43630e666e39c18fa7b,13,white_high,white,0,0.24918904579444656,0.7348828390146037,0.7890951450749933,0.05967872835198511,0.6642832771368428,0.44200338789151256
6917b43630e666e39c18fa7b,14,white_high,black,0,0.24918904579444656,0.7348828390146037,0.7947597553539063,0.05967872835198511,0.6642832771368428,0.4425201642509198
6917b43630e666e39c18fa7b,15,black_high,white,0,0.24918904579444656,0.7348828390146037,0.7947597553539063,0.028678156553465575,0.6642832771368428,0.4453504892648707
6917b43630e666e39c18fa7b,16,black_high,white,0,0.11974589043776318,0.7348828390146037,0.7947597553539063,0.028678156553465575,0.6748744385517301,0.4453504892648707
6917b43630e666e39c18fa7b,17,white_high,black,0,0.057542971967399166,0.7348828390146037,0.7947597553539063,0.028678156553465575,0.6799018555108046,0.4453504892648707
6917b43630e666e39c18fa7b,18,white_high,black,0,0.057542971967399166,0.7348828390146037,0.7947597553539063,0.01378106883334292,0.6799018555108046,0.44671185387976303
6917b43630e666e39c18fa7b,19,black_high,black,0,0.057542971967399166,0.7348828390146037,0.7947597553539063,0.006622387245681773,0.6799018555108046,0.4473663329168404
6917b43630e666e39c18fa7b,20,white_high,black,0,0.057542971967399166,0.8206542109196021,0.7947597553539063,0.006622387245681773,0.6867660080223557,0.4473663329168404
6917b43630e666e39c18fa7b,21,black_high,white,0,0.057542971967399166,0.8206542109196021,0.7947597553539063,0.0031823375503110614,0.6867660080223557,0.4476809028475294
6917b43630e666e39c18fa7b,22,white_high,white,0,0.02765183515472582,0.8206542109196021,0.7947597553539063,0.0031823375503110614,0.6891392539656648,0.4476809028475294
6917b43630e666e39c18fa7b,23,black_high,black,0,0.02765183515472582,0.8206542109196021,0.7974818405068422,0.0031823375503110614,0.6891392539656648,0.4479298493349437
6917b43630e666e39c18fa7b,24,black_high,black,0,0.02765183515472582,0.8099252231171401,0.7974818405068422,0.0031823375503110614,0.6882885470708493,0.4479298493349437
6917b43630e666e39c18fa7b,25,black_high,white,0,0.02765183515472582,0.8567152547599615,0.7974818405068422,0.0031823375503110614,0.6919891788698344,0.4479298493349437
6917b43630e666e39c18fa7b,26,white_high,black,0,0.013287877933335222,0.8567152547599615,0.7974818405068422,0.0031823375503110614,0.6931203243409452,0.4479298493349437
6917b43630e666e39c18fa7b,27,white_high,black,0,0.013287877933335222,0.8567152547599615,0.7974818405068422,0.0015292479748482614,0.6931203243409452,0.44808104428938217
6917b43630e666e39c18fa7b,28,white_high,black,0,0.013287877933335222,0.8567152547599615,0.7974818405068422,0.0007348684203374087,0.6931203243409452,0.44815370328492227
6917b43630e666e39c18fa7b,29,white_high,white,0,0.013287877933335222,0.8567152547599615,0.7974818405068422,0.00035313539994243423,0.6931203243409452,0.4481886197972409
6917b43630e666e39c18fa7b,30,black_high,black,0,0.013287877933335222,0.8567152547599615,0.6948983883356046,0.00035313539994243423,0.6931203243409452,0.4388249356410299
6917b43630e666e39c18fa7b,31,white_high,white,0,0.013287877933335222,0.879199846668157,0.6948983883356046,0.00035313539994243423,0.694886301969335,0.4388249356410299
6917b43630e666e39c18fa7b,32,black_high,black,0,0.013287877933335222,0.879199846668157,0.6456026948380764,0.00035313539994243423,0.694886301969335,0.43434031883087953
6917b43630e666e39c18fa7b,33,black_high,white,0,0.013287877933335222,0.8900046453726617,0.6456026948380764,0.00035313539994243423,0.6957328981298175,0.43434031883087953
6917b43630e666e39c18fa7b,34,black_high,white,0,0.006385388130054758,0.8900046453726617,0.6456026948380764,0.00035313539994243423,0.6962730413752728,0.43434031883087953
6917b43630e666e39c18fa7b,35,white_high,black,0,0.0030684494376003227,0.8900046453726617,0.6456026948380764,0.00035313539994243423,0.6965324106830436,0.43434031883087953
6917b43630e666e39c18fa7b,36,black_high,white,0,0.0030684494376003227,0.8900046453726617,0.6456026948380764,0.00016969651605827055,0.6965324106830436,0.43435698752327806
6917b43630e666e39c18fa7b,37,black_high,black,0,0.0014745199131738598,0.8900046453726617,0.6456026948380764,0.00016969651605827055,0.6966570041473809,0.43435698752327806
6917b43630e666e39c18fa7b,38,white_high,black,0,0.0014745199131738598,0.895196808767111,0.6456026948380764,0.00016969651605827055,0.6970626621503516,0.43435698752327806
6917b43630e666e39c18fa7b,39,black_high,black,0,0.0014745199131738598,0.895196808767111,0.6456026948380764,8.15463631428884e-05,0.6970626621503516,0.4343649975887642
6917b43630e666e39c18fa7b,40,black_high,white,0,0.0014745199131738598,0.7938003338064406,0.6456026948380764,8.15463631428884e-05,0.689085646685556,0.4343649975887642
6917b43630e666e39c18fa7b,41,white_high,black,0,0.0007085692687987013,0.7938003338064406,0.6456026948380764,8.15463631428884e-05,0.6891463362924357,0.4343649975887642
6917b43630e666e39c18fa7b,42,white_high,black,0,0.0007085692687987013,0.7938003338064406,0.6456026948380764,3.9186481233052594e-05,0.6891463362924357,0.4343688467766763
6917b43630e666e39c18fa7b,43,white_high,white,1,0.0007085692687987013,0.7938003338064406,0.6456026948380764,1.8830763902219473e-05,0.6891463362924357,0.43437069647730914
6917b43630e666e39c18fa7b,44,black_high,black,1,0.0007085692687987013,0.7938003338064406,0.5725651931836006,1.8830763902219473e-05,0.6891463362924357,0.42774600664579476
6917b43630e666e39c18fa7b,45,black_high,black,1,0.0007085692687987013,0.746748031352855,0.5725651931836006,1.8830763902219473e-05,0.6854061604743201,0.42774600664579476
6917b43630e666e39c18fa7b,46,white_high,black,1,0.0007085692687987013,0.7734603854922844,0.5725651931836006,1.8830763902219473e-05,0.6875325112268544,0.42774600664579476
6917b43630e666e39c18fa7b,47,black_high,black,0,0.0007085692687987013,0.7734603854922844,0.5725651931836006,9.384840176749159e-06,0.6875325112268544,0.42774686179553484
692d65c6d41395358622de47,0,black_high,white,0,0.5,0.5,0.5,0.5,0.5927539567271187,0.4072460432728813
692d65c6d41395358622de47,1,white_high,black,1,0.2639605674471084,0.5,0.5,0.5,0.6148839563181423,0.4072460432728813
692d65c6d41395358622de47,2,black_high,black,1,0.2639605674471084,0.5,0.5,0.27910231591473866,0.6148839563181423,0.4283049171130774
692d65c6d41395358622de47,3,black_high,black,1,0.2639605674471084,0.5883590736341044,0.5,0.27910231591473866,0.6230526357633328,0.4283049171130774
692d65c6d41395358622de47,4,black_high,black,1,0.2639605674471084,0.6818610546178757,0.5,0.27910231591473866,0.6316211869015651,0.4283049171130774
692d65c6d41395358622de47,5,white_high,black,0,0.2639605674471084,0.7340542934882486,0.5,0.27910231591473866,0.6363687025364121,0.4283049171130774
692d65c6d41395358622de47,6,black_high,white,0,0.2639605674471084,0.7340542934882486,0.5,0.14734401136931305,0.6363687025364121,0.4409958537351557
692d65c6d41395358622de47,7,white_high,white,0,0.1393503623339989,0.7340542934882486,0.5,0.14734401136931305,0.6475950495151822,0.4409958537351557
692d65c6d41395358622de47,8,black_high,white,0,0.1393503623339989,0.7340542934882486,0.45279211348942167,0.14734401136931305,0.6475950495151822,0.43643903610560586
692d65c6d41395358622de47,9,white_high,black,0,0.07356600143128501,0.7340542934882486,0.45279211348942167,0.14734401136931305,0.6534574875169752,0.43643903610560586
692d65c6d41395358622de47,10,black_high,white,0,0.07356600143128501,0.7340542934882486,0.45279211348942167,0.07778601770195412,0.6534574875169752,0.44315675443967584
692d65c6d41395358622de47,11,white_high,black,0,0.03883704696523356,0.7340542934882486,0.45279211348942167,0.07778601770195412,0.6565338422091002,0.44315675443967584
692d65c6d41395358622de47,12,black_high,white,0,0.03883704696523356,0.7340542934882486,0.45279211348942167,0.04106488274411725,0.6565338422091002,0.44671174376491185
692d65c6d41395358622de47,13,black_high,black,0,0.0205028979098261,0.7340542934882486,0.45279211348942167,0.04106488274411725,0.6581526509210509,0.44671174376491185
692d65c6d41395358622de47,14,black_high,black,0,0.0205028979098261,0.7179779812663369,0.45279211348942167,0.04106488274411725,0.6567333947722801,0.44671174376491185
692d65c6d41395358622de47,15,black_high,black,0,0.0205028979098261,0.8039067292943882,0.45279211348942167,0.04106488274411725,0.6642863236640415,0.44671174376491185
692d65c6d41395358622de47,16,white_high,black,0,0.0205028979098261,0.802062444962818,0.45279211348942167,0.04106488274411725,0.6641250781399908,0.44671174376491185
692d65c6d41395358622de47,17,white_high,black,0,0.0205028979098261,0.802062444962818,0.45279211348942167,0.021679019502572318,0.6641250781399908,0.4485907216082794
692d65c6d41395358622de47,18,white_high,white,0,0.0205028979098261,0.802062444962818,0.45279211348942167,0.011444812579191837,0.6641250781399908,0.44958326939875215
692d65c6d41395358622de47,19,white_high,white,0,0.0205028979098261,0.802062444962818,0.6167016185091131,0.011444812579191837,0.6641250781399908,0.46552917021126594
692d65c6d41395358622de47,20,black_high,white,0,0.0205028979098261,0.802062444962818,0.7504407969296363,0.011444812579191837,0.6641250781399908,0.4785938674518798
692d65c6d41395358622de47,21,white_high,white,0,0.010823913133175659,0.802062444962818,0.7504407969296363,0.011444812579191837,0.6649708831778536,0.4785938674518798
692d65c6d41395358622de47,22,black_high,white,0,0.010823913133175659,0.802062444962818,0.7738366492706407,0.011444812579191837,0.6649708831778536,0.4808828803501175
692d65c6d41395358622de47,23,white_high,black,0,0.0057141725052625115,0.802062444962818,0.7738366492706407,0.011444812579191837,0.6654169750279781,0.4808828803501175
692d65c6d41395358622de47,24,white_high,black,0,0.0057141725052625115,0.802062444962818,0.7738366492706407,0.0060419584454585624,0.6654169750279781,0.4814116045788235
692d65c6d41395358622de47,25,white_high,white,0,0.0057141725052625115,0.802062444962818,0.7738366492706407,0.003189677559510182,0.6654169750279781,0.4816907461391982
692d65c6d41395358622de47,26,black_high,white,0,0.0057141725052625115,0.802062444962818,0.8806035872114778,0.003189677559510182,0.6654169750279781,0.49214630904981277
692d65c6d41395358622de47,27,white_high,black,0,0.003016632433959515,0.802062444962818,0.8806035872114778,0.003189677559510182,0.6656523571992196,0.49214630904981277
692d65c6d41395358622de47,28,black_high,black,0,0.003016632433959515,0.802062444962818,0.8806035872114778,0.001683898197163231,0.6656523571992196,0.49229383895622075
692d65c6d41395358622de47,29,white_high,white,1,0.003016632433959515,0.7538809217748493,0.8806035872114778,0.001683898197163231,0.6614357990259131,0.49229383895622075
692d65c6d41395358622de47,30,white_high,white,1,0.003016632433959515,0.7538809217748493,0.5357365380041523,0.001683898197163231,0.6614357990259131,0.4585914885143259
692d65c6d41395358622de47,31,black_high,white,1,0.003016632433959515,0.7538809217748493,0.6524869114906248,0.001683898197163231,0.6614357990259131,0.469974078740696
692d65c6d41395358622de47,32,white_high,white,0,0.0016838981971632313,0.7538809217748493,0.6524869114906248,0.001683898197163231,0.6615527811573307,0.469974078740696
692d65c6d41395358622de47,33,black_high,black,0,0.0016838981971632313,0.7538809217748493,0.6749168363918012,0.001683898197163231,0.6615527811573307,0.47216483764640443
692d65c6d41395358622de47,34,black_high,black,1,0.0016838981971632313,0.8228606503936816,0.6749168363918012,0.001683898197163231,0.6675803396923619,0.47216483764640443
692d65c6d41395358622de47,35,black_high,black,1,0.0016838981971632313,0.7685813841193352,0.6749168363918012,0.001683898197163231,0.6628418170240603,0.47216483764640443
692d65c6d41395358622de47,36,black_high,black,1,0.0016838981971632313,0.7824619830897418,0.6749168363918012,0.001683898197163231,0.6640567434664028,0.47216483764640443
692d65c6d41395358622de47,37,white_high,black,1,0.0016838981971632313,0.8343897345446425,0.6749168363918012,0.001683898197163231,0.6685825050769278,0.47216483764640443
692d65c6d41395358622de47,38,white_high,black,1,0.0016838981971632313,0.8343897345446425,0.6749168363918012,0.000939959773185822,0.6685825050769278,0.4722375178863553
692d65c6d41395358622de47,39,black_high,black,1,0.0016838981971632313,0.8343897345446425,0.6749168363918012,0.0005246898991257108,0.6685825050769278,0.4722780888449541
692d65c6d41395358622de47,40,white_high,black,1,0.0016838981971632313,0.9075555827443101,0.6749168363918012,0.0005246898991257108,0.674906598988209,0.4722780888449541
692d65c6d41395358622de47,41,white_high,white,0,0.0016838981971632313,0.9075555827443101,0.6749168363918012,0.000292884331966113,0.674906598988209,0.47230073590124333
692d65c6d41395358622de47,42,white_high,black,0,0.0016838981971632313,0.9075555827443101,0.7339659543118007,0.000292884331966113,0.674906598988209,0.4780732040290697
692d65c6d41395358622de47,43,black_high,white,0,0.0016838981971632313,0.9075555827443101,0.7339659543118007,0.00015461982892428492,0.674906598988209,0.4780867278399756
692d65c6d41395358622de47,44,white_high,black,0,0.0008889654472927387,0.9075555827443101,0.7339659543118007,0.00015461982892428492,0.6749749653430749,0.4780867278399756
692d65c6d41395358622de47,45,black_high,black,0,0.0008889654472927387,0.9075555827443101,0.7339659543118007,8.162707556285813e-05,0.6749749653430749,0.47809386735853443
692d65c6d41395358622de47,46,white_high,black,0,0.0008889654472927387,0.7623650922854284,0.7339659543118007,8.162707556285813e-05,0.6623667161663627,0.47809386735853443
692e41b6e14a945652e39997,0,white_high,black,0,0.5,0.5,0.5,0.5,0.39536977310746674,0.6046302268925332
692e41b6e14a945652e39997,1,white_high,white,0,0.5,0.5,0.5,0.18016771371747092,0.39536977310746674,0.8656670338281861
692e41b6e14a945652e39997,2,black_high,black,0,0.5,0.5,0.4360335427434942,0.18016771371747092,0.39536977310746674,0.8285665718286179
692e41b6e14a945652e39997,3,white_high,white,0,0.5,0.5639664572565058,0.4360335427434942,0.18016771371747092,0.4657738647524631,0.8285665718286179
692e41b6e14a945652e39997,4,white_high,white,0,0.5,0.5639664572565058,0.6688499910524955,0.18016771371747092,0.4657738647524631,0.9322987481779672
692e41b6e14a945652e39997,5,black_high,white,0,0.5,0.5639664572565058,0.3049768046722638,0.18016771371747092,0.4657738647524631,0.7283169323577698
692e41b6e14a945652e39997,6,white_high,white,0,0.18016771371747092,0.5639664572565058,0.3049768046722638,0.18016771371747092,0.786047671736099,0.7283169323577698
692e41b6e14a945652e39997,7,black_high,black,0,0.18016771371747092,0.5639664572565058,0.5576591480648636,0.18016771371747092,0.786047671736099,0.8930699049658734
692e41b6e14a945652e39997,8,white_high,white,0,0.18016771371747092,0.523049380717022,0.5576591480648636,0.18016771371747092,0.7534778292951723,0.8930699049658734
692e41b6e14a945652e39997,9,white_high,white,0,0.18016771371747092,0.523049380717022,0.6487095482764988,0.18016771371747092,0.7534778292951723,0.926352929783485
692e41b6e14a945652e39997,10,black_high,black,0,0.18016771371747092,0.523049380717022,0.48961886138536354,0.18016771371747092,0.7534778292951723,0.8601446219322608
692e41b6e14a945652e39997,11,black_high,black,1,0.18016771371747092,0.6362384229657905,0.48961886138536354,0.18016771371747092,0.835661219047197,0.8601446219322608
692e41b6e14a945652e39997,12,black_high,black,1,0.18016771371747092,0.7692175637221648,0.48961886138536354,0.18016771371747092,0.9024141404470399,0.8601446219322608
692e41b6e14a945652e39997,13,white_high,white,0,0.18016771371747092,0.7847369656481074,0.48961886138536354,0.18016771371747092,0.9083902546525455,0.8601446219322608
692e41b6e14a945652e39997,14,white_high,white,0,0.18016771371747092,0.7847369656481074,0.4962593079800336,0.18016771371747092,0.9083902546525455,0.8636986612902735
692e41b6e14a945652e39997,15,black_high,black,0,0.18016771371747092,0.7847369656481074,0.6265850106550945,0.18016771371747092,0.9083902546525455,0.9192700390768579
692e41b6e14a945652e39997,16,black_high,black,0,0.18016771371747092,0.8584666452493623,0.6265850106550945,0.18016771371747092,0.9324987219091946,0.9192700390768579
692e41b6e14a945652e39997,17,white_high,white,1,0.18016771371747092,0.885034060863122,0.6265850106550945,0.18016771371747092,0.9396418613039358,0.9192700390768579
692e41b6e14a945652e39997,18,black_high,black,1,0.18016771371747092,0.885034060863122,0.6131818004011044,0.18016771371747092,0.9396418613039358,0.9146820639868065
692e41b6e14a945652e39997,19,white_high,white,0,0.18016771371747092,0.8421629327945459,0.6131818004011044,0.18016771371747092,0.927734482076758,0.9146820639868065
692e41b6e14a945652e39997,20,black_high,black,1,0.18016771371747092,0.8421629327945459,0.5407834124253882,0.18016771371747092,0.927734482076758,0.8856030322933303
692e41b6e14a945652e39997,21,white_high,black,0,0.18016771371747092,0.8209058921071517,0.5407834124253882,0.18016771371747092,0.9210572364875643,0.8856030322933303
692e41b6e14a945652e39997,22,white_high,white,0,0.18016771371747092,0.8209058921071517,0.5407834124253882,0.06492081013236112,0.9210572364875643,0.9285678002858243
692e41b6e14a945652e39997,23,white_high,white,0,0.18016771371747092,0.8209058921071517,0.5786621656050636,0.06492081013236112,0.9210572364875643,0.9390747251031746
692e41b6e14a945652e39997,24,white_high,white,0,0.18016771371747092,0.8209058921071517,0.784210594092282,0.06492081013236112,0.9210572364875643,0.9749047410817784
692e41b6e14a945652e39997,25,black_high,black,0,0.18016771371747092,0.8209058921071517,0.666377603160287,0.06492081013236112,0.9210572364875643,0.9581025550997289
692e41b6e14a945652e39997,26,black_high,black,0,0.18016771371747092,0.8714995908248451,0.666377603160287,0.06492081013236112,0.9360958980498885,0.9581025550997289
692e41b6e14a945652e39997,27,black_high,black,0,0.18016771371747092,0.8897302928777998,0.666377603160287,0.06492081013236112,0.940828640839497,0.9581025550997289
692e41b6e14a945652e39997,28,black_high,black,0,0.18016771371747092,0.7683665461814787,0.666377603160287,0.06492081013236112,0.902076579297371,0.9581025550997289
692e41b6e14a945652e39997,29,black_high,black,0,0.18016771371747092,0.8525678031535655,0.666377603160287,0.06492081013236112,0.9308095831777523,0.9581025550997289
692e41b6e14a945652e39997,30,white_high,white,0,0.18016771371747092,0.8829084990751618,0.666377603160287,0.06492081013236112,0.939097421402404,0.9581025550997289
692e41b6e14a945652e39997,31,black_high,black,0,0.18016771371747092,0.8829084990751618,0.5599517447503631,0.06492081013236112,0.939097421402404,0.9340787858164668
692e41b6e14a945652e39997,32,white_high,white,0,0.18016771371747092,0.8938413267087437,0.5599517447503631,0.06492081013236112,0.9418495518125278,0.9340787858164668
692e41b6e14a945652e39997,33,black_high,black,1,0.18016771371747092,0.8938413267087437,0.5216027375700927,0.06492081013236112,0.9418495518125278,0.922630295561196
692e41b6e14a945652e39997,34,black_high,black,1,0.18016771371747092,0.7961134720354258,0.5216027375700927,0.06492081013236112,0.9125599239412523,0.922630295561196
692e41b6e14a945652e39997,35,white_high,white,1,0.18016771371747092,0.7476565016529465,0.5216027375700927,0.06492081013236112,0.8935354826770194,0.922630295561196
692e41b6e14a945652e39997,36,black_high,black,1,0.18016771371747092,0.7476565016529465,0.5107114109699193,0.06492081013236112,0.8935354826770194,0.919060627660663
692e41b6e14a945652e39997,37,white_high,white,1,0.18016771371747092,0.8244626374737973,0.5107114109699193,0.06492081013236112,0.9222124961059447,0.919060627660663
692e41b6e14a945652e39997,38,white_high,white,0,0.18016771371747092,0.8244626374737973,0.6565603569475762,0.06492081013236112,0.9222124961059447,0.95629395104349
692e41b6e14a945652e39997,39,black_high,black,0,0.18016771371747092,0.8244626374737973,0.7483136149095894,0.06492081013236112,0.9222124961059447,0.9706371139510639
692e41b6e14a945652e39997,40,black_high,black,0,0.18016771371747092,0.6808818404172952,0.7483136149095894,0.06492081013236112,0.8614121073754396,0.9706371139510639
692e41b6e14a945652e39997,41,black_high,white,0,0.18016771371747092,0.8210439643080083,0.7483136149095894,0.06492081013236112,0.9211023746568373,0.9706371139510639
692e41b6e14a945652e39997,42,white_high,white,0,0.06492081013236112,0.8210439643080083,0.7483136149095894,0.06492081013236112,0.9514651276091106,0.9706371139510639
692e41b6e14a945652e39997,43,white_high,white,0,0.06492081013236112,0.8210439643080083,0.8453420215923857,0.06492081013236112,0.9514651276091106,0.9808212525368509
692e41b6e14a945652e39997,44,white_high,white,1,0.06492081013236112,0.8210439643080083,0.8803047939877625,0.06492081013236112,0.9514651276091106,0.9835658920592474
692e41b6e14a945652e39997,45,black_high,white,0,0.06492081013236112,0.8210439643080083,0.8902344114929969,0.06492081013236112,0.9514651276091106,0.9842723483279412
692e41b6e14a945652e39997,46,black_high,black,0,0.023393267868467044,0.8210439643080083,0.8902344114929969,0.06492081013236112,0.9593977586647208,0.9842723483279412
692e41b6e14a945652e39997,47,white_high,white,0,0.023393267868467044,0.8715493431303577,0.8902344114929969,0.06492081013236112,0.9673785724697063,0.9842723483279412
6932b19c5260dda743fca4af,0,black_high,black,0,0.5,0.5,0.5,0.5,0.8010131414060142,0.19898685859398577
6932b19c5260dda743fca4af,1,white_high,white,0,0.5,0.7110855380148735,0.5,0.5,0.9477407601144203,0.19898685859398577
6932b19c5260dda743fca4af,2,white_high,white,0,0.5,0.7110855380148735,0.7110855380148735,0.5,0.9477407601144203,0.5281170941164409
6932b19c5260dda743fca4af,3,white_high,black,0,0.5,0.7110855380148735,0.44137862360614677,0.5,0.9477407601144203,0.1405583063152992
6932b19c5260dda743fca4af,4,black_high,black,0,0.5,0.7110855380148735,0.44137862360614677,0.23614307748140806,0.9477407601144203,0.5177104780912805
6932b19c5260dda743fca4af,5,white_high,white,0,0.5,0.8107783151321755,0.44137862360614677,0.23614307748140806,0.9736289012132594,0.5177104780912805
6932b19c5260dda743fca4af,6,black_high,black,0,0.5,0.8107783151321755,0.5250853200480374,0.23614307748140806,0.9736289012132594,0.6610045418193005
6932b19c5260dda743fca4af,7,black_high,black,0,0.5,0.8578618335144711,0.5250853200480374,0.23614307748140806,0.9810069886578032,0.6610045418193005
6932b19c5260dda743fca4af,8,white_high,white,1,0.5,0.669013189358493,0.5250853200480374,0.23614307748140806,0.9307231716111465,0.6610045418193005
6932b19c5260dda743fca4af,9,black_high,black,1,0.5,0.669013189358493,0.6206276086776206,0.23614307748140806,0.9307231716111465,0.7939783008529575
6932b19c5260dda743fca4af,10,black_high,black,0,0.5,0.6769097881430496,0.6206276086776206,0.23614307748140806,0.9342669953016499,0.7939783008529575
6932b19c5260dda743fca4af,11,white_high,black,0,0.5,0.7418661971285225,0.6206276086776206,0.23614307748140806,0.9576030733275407,0.7939783008529575
6932b19c5260dda743fca4af,12,black_high,black,0,0.5,0.7418661971285225,0.6206276086776206,0.11152710608478059,0.9576030733275407,0.9035839393921757
6932b19c5260dda743fca4af,13,white_high,white,0,0.5,0.8253155942721819,0.6206276086776206,0.11152710608478059,0.976163804433136,0.9035839393921757
6932b19c5260dda743fca4af,14,black_high,black,0,0.5,0.8253155942721819,0.7680562874995862,0.11152710608478059,0.976163804433136,0.9640492519492739
6932b19c5260dda743fca4af,15,black_high,black,0,0.5,0.7591848201756891,0.7680562874995862,0.11152710608478059,0.962343088476585,0.9640492519492739
6932b19c5260dda743fca4af,16,black_high,black,0,0.5,0.7807235556566603,0.7680562874995862,0.11152710608478059,0.9675304655071263,0.9640492519492739
6932b19c5260dda743fca4af,17,white_high,white,0,0.5,0.5270390797011374,0.7680562874995862,0.11152710608478059,0.8299751292721003,0.9640492519492739
6932b19c5260dda743fca4af,18,black_high,black,0,0.5,0.5270390797011374,0.4155137353219132,0.11152710608478059,0.8299751292721003,0.684613100232672
6932b19c5260dda743fca4af,19,white_high,black,0,0.5,0.5127701829857834,0.4155137353219132,0.11152710608478059,0.8151309766146432,0.684613100232672
6932b19c5260dda743fca4af,20,white_high,white,0,0.5,0.5127701829857834,0.4155137353219132,0.05267270810691112,0.8151309766146432,0.7675872726765156
6932b19c5260dda743fca4af,21,black_high,black,0,0.5,0.5127701829857834,0.4600983069080156,0.05267270810691112,0.8151309766146432,0.8194557709644097
6932b19c5260dda743fca4af,22,black_high,black,0,0.5,0.6643453341316824,0.4600983069080156,0.05267270810691112,0.9285459635856087,0.8194557709644097
6932b19c5260dda743fca4af,23,black_high,black,1,0.5,0.7887035639580051,0.4600983069080156,0.05267270810691112,0.9692713496720027,0.8194557709644097
6932b19c5260dda743fca4af,24,black_high,black,0,0.5,0.7151310934439157,0.4600983069080156,0.05267270810691112,0.9491512518179552,0.8194557709644097
6932b19c5260dda743fca4af,25,black_high,black,0,0.5,0.7599175904467285,0.4600983069080156,0.05267270810691112,0.9625319905385725,0.8194557709644097
6932b19c5260dda743fca4af,26,white_high,white,0,0.5,0.7810696329104405,0.4600983069080156,0.05267270810691112,0.9676079038237015,0.8194557709644097
6932b19c5260dda743fca4af,27,black_high,black,0,0.5,0.7810696329104405,0.5339263672967987,0.05267270810691112,0.9676079038237015,0.8848440083647218
6932b19c5260dda743fca4af,28,white_high,white,1,0.5,0.7382880652115189,0.5339263672967987,0.05267270810691112,0.956554989163378,0.8848440083647218
6932b19c5260dda743fca4af,29,white_high,white,1,0.5,0.7382880652115189,0.6272156262820446,0.05267270810691112,0.956554989163378,0.9372833253782525
6932b19c5260dda743fca4af,30,white_high,white,1,0.5,0.7382880652115189,0.4928613578849801,0.05267270810691112,0.956554989163378,0.8514847621011988
6932b19c5260dda743fca4af,31,white_high,white,1,0.5,0.7382880652115189,0.5711317760985624,0.05267270810691112,0.956554989163378,0.9092433506474131
6932b19c5260dda743fca4af,32,black_high,black,1,0.5,0.7382880652115189,0.5784884797106161,0.05267270810691112,0.956554989163378,0.9134803890105598
6932b19c5260dda743fca4af,33,black_high,black,0,0.5,0.7794983169690362,0.5784884797106161,0.05267270810691112,0.9672548653622652,0.9134803890105598
6932b19c5260dda743fca4af,34,black_high,black,1,0.5,0.7375459544473213,0.5784884797106161,0.05267270810691112,0.9563345385751119,0.9134803890105598
6932b19c5260dda743fca4af,35,white_high,black,1,0.5,0.7534615820963739,0.5784884797106161,0.05267270810691112,0.9608358874864401,0.9134803890105598
6932b19c5260dda743fca4af,36,black_high,black,1,0.5,0.7534615820963739,0.5784884797106161,0.03924973122721921,0.9608358874864401,0.9207519922380387
6932b19c5260dda743fca4af,37,white_high,white,1,0.5,0.7398375706068788,0.5784884797106161,0.03924973122721921,0.9570118630663098,0.9207519922380387
6932b19c5260dda743fca4af,38,black_high,black,1,0.5,0.7398375706068788,0.6349379033740954,0.03924973122721921,0.9570118630663098,0.9455838989057035
6932b19c5260dda743fca4af,39,white_high,white,1,0.5,0.7806529504118347,0.6349379033740954,0.03924973122721921,0.9675146449032046,0.9455838989057035
6932b19c5260dda743fca4af,40,white_high,white,0,0.5,0.7806529504118347,0.5495831932270949,0.03924973122721921,0.9675146449032046,0.904347192759945
6932b19c5260dda743fca4af,41,white_high,white,0,0.5,0.7806529504118347,0.5761888401837214,0.03924973122721921,0.9675146449032046,0.9195471476916451
6932b19c5260dda743fca4af,42,black_high,black,0,0.5,0.7806529504118347,0.43044016537400953,0.03924973122721921,0.9675146449032046,0.8016904909846551
6932b19c5260dda743fca4af,43,white_high,white,0,0.5,0.6853198873326937,0.43044016537400953,0.03924973122721921,0.9378554387707453,0.8016904909846551
69727a44c5c16e6541319a6a,0,black_high,white,0,0.5,0.5,0.5,0.5,0.6408851854408336,0.3591148145591664
69727a44c5c16e6541319a6a,1,black_high,black,0,0.26175262133912824,0.5,0.5,0.5,0.6524586246584011,0.3591148145591664
69727a44c5c16e6541319a6a,2,black_high,white,0,0.26175262133912824,0.5,0.5,0.5,0.6524586246584011,0.3591148145591664
69727a44c5c16e6541319a6a,3,black_high,black,0,0.13702886955581012,0.5,0.5,0.5,0.6584473218121966,0.3591148145591664
69727a44c5c16e6541319a6a,4,black_high,black,0,0.13702886955581012,0.5952989514643486,0.5,0.5,0.6629894701809864,0.3591148145591664
69727a44c5c16e6541319a6a,5,white_high,black,0,0.13702886955581012,0.4545905492489785,0.5,0.5,0.656272679476723,0.3591148145591664
69727a44c5c16e6541319a6a,6,white_high,black,0,0.13702886955581012,0.4545905492489785,0.5,0.26175262133912824,0.656272679476723,0.3708545966661604
69727a44c5c16e6541319a6a,7,black_high,black,0,0.13702886955581012,0.4545905492489785,0.5,0.13702886955581012,0.656272679476723,0.37706285209023693
69727a44c5c16e6541319a6a,8,black_high,white,0,0.13702886955581012,0.5715268659290489,0.5,0.13702886955581012,0.6618592170118136,0.37706285209023693
69727a44c5c16e6541319a6a,9,white_high,black,0,0.07173533161074154,0.5715268659290489,0.5,0.13702886955581012,0.66495915486913,0.37706285209023693
69727a44c5c16e6541319a6a,10,white_high,black,1,0.07173533161074154,0.5715268659290489,0.5,0.07173533161074154,0.66495915486913,0.38032921459086205
69727a44c5c16e6541319a6a,11,white_high,white,0,0.07173533161074154,0.5715268659290489,0.5,0.036074973643981136,0.66495915486913,0.382117759745911
69727a44c5c16e6541319a6a,12,black_high,black,0,0.07173533161074154,0.5715268659290489,0.4523505242678257,0.036074973643981136,0.66495915486913,0.37972862668167445
69727a44c5c16e6541319a6a,13,black_high,white,0,0.07173533161074154,0.4421457378418532,0.4523505242678257,0.036074973643981136,0.6588029546197038,0.37972862668167445
69727a44c5c16e6541319a6a,14,white_high,black,0,0.037553822183486456,0.4421457378418532,0.4523505242678257,0.036074973643981136,0.6604346930309845,0.37972862668167445
69727a44c5c16e6541319a6a,15,white_high,black,0,0.037553822183486456,0.4421457378418532,0.4523505242678257,0.018885437832104054,0.6604346930309845,0.38058984059123774
69727a44c5c16e6541319a6a,16,white_high,black,0,0.037553822183486456,0.4421457378418532,0.4523505242678257,0.00988662571538076,0.6604346930309845,0.38104099078707154
69727a44c5c16e6541319a6a,17,white_high,black,0,0.037553822183486456,0.4421457378418532,0.4523505242678257,0.005175700394399496,0.6604346930309845,0.3812772522392692
69727a44c5c16e6541319a6a,18,black_high,white,0,0.037553822183486456,0.4421457378418532,0.4523505242678257,0.002709506291000056,0.6604346930309845,0.3814009587648467
69727a44c5c16e6541319a6a,19,white_high,black,0,0.01965962279566217,0.4421457378418532,0.4523505242678257,0.002709506291000056,0.6612874028771776,0.3814009587648467
69727a44c5c16e6541319a6a,20,black_high,black,0,0.01965962279566217,0.4421457378418532,0.4523505242678257,0.0014184407484082472,0.6612874028771776,0.381465725916563
69727a44c5c16e6541319a6a,21,white_high,black,0,0.01965962279566217,0.6126614176454509,0.4523505242678257,0.0014184407484082472,0.6693598992985875,0.381465725916563
69727a44c5c16e6541319a6a,22,white_high,black,0,0.01965962279566217,0.6126614176454509,0.4523505242678257,0.0007425611682201873,0.6693598992985875,0.3814996335410127
69727a44c5c16e6541319a6a,23,black_high,white,0,0.01965962279566217,0.6126614176454509,0.4523505242678257,0.00038873466457255883,0.6693598992985875,0.3815173848207297
69727a44c5c16e6541319a6a,24,black_high,black,0,0.010291915602606108,0.6126614176454509,0.4523505242678257,0.00038873466457255883,0.6698005589182308,0.3815173848207297
69727a44c5c16e6541319a6a,25,black_high,white,0,0.010291915602606108,0.6066283185171325,0.4523505242678257,0.00038873466457255883,0.669516794332198,0.3815173848207297
69727a44c5c16e6541319a6a,26,white_high,black,0,0.005387871775166446,0.6066283185171325,0.4523505242678257,0.00038873466457255883,0.6697474636152774,0.3815173848207297
69727a44c5c16e6541319a6a,27,white_high,black,0,0.005387871775166446,0.6066283185171325,0.4523505242678257,0.00020350463491450806,0.6697474636152774,0.3815266778349242
69727a44c5c16e6541319a6a,28,black_high,white,1,0.005387871775166446,0.6066283185171325,0.4523505242678257,0.00010653574328706954,0.6697474636152774,0.3815315428111583
69727a44c5c16e6541319a6a,29,white_high,white,1,0.002709506291000056,0.6066283185171325,0.4523505242678257,0.00010653574328706954,0.6698734102119018,0.3815315428111583
69727a44c5c16e6541319a6a,30,white_high,black,0,0.002709506291000056,0.6066283185171325,0.476037559977902,0.00010653574328706954,0.6698734102119018,0.38272064271708506
69727a44c5c16e6541319a6a,31,black_high,white,0,0.002709506291000056,0.6066283185171325,0.476037559977902,5.5772020143405784e-05,0.6698734102119018,0.3827231925927625
69727a44c5c16e6541319a6a,32,white_high,black,0,0.0014184407484082472,0.6066283185171325,0.476037559977902,5.5772020143405784e-05,0.6699341121601542,0.3827231925927625
69727a44c5c16e6541319a6a,33,white_high,black,0,0.0014184407484082472,0.6066283185171325,0.476037559977902,2.9196944939830257e-05,0.6699341121601542,0.3827245274686221
69727a44c5c16e6541319a6a,34,white_high,black,0,0.0014184407484082472,0.6066283185171325,0.476037559977902,1.5284753746189532e-05,0.6699341121601542,0.3827252262838384
69727a44c5c16e6541319a6a,35,black_high,white,1,0.0014184407484082472,0.6066283185171325,0.476037559977902,8.001648719176342e-06,0.6699341121601542,0.38272559211746116
69727a44c5c16e6541319a6a,36,black_high,black,1,0.0007133195242205342,0.6066283185171325,0.476037559977902,8.001648719176342e-06,0.6699672624099486,0.38272559211746116
69727a44c5c16e6541319a6a,37,black_high,white,1,0.0007133195242205342,0.7524663448297194,0.476037559977902,8.001648719176342e-06,0.6767869621623956,0.38272559211746116
69727a44c5c16e6541319a6a,38,black_high,black,1,0.000358721183246607,0.7524663448297194,0.476037559977902,8.001648719176342e-06,0.676803454154345,0.38272559211746116
69727a44c5c16e6541319a6a,39,white_high,white,0,0.000358721183246607,0.5772517644320548,0.476037559977902,8.001648719176342e-06,0.6686014439571525,0.38272559211746116
69727a44c5c16e6541319a6a,40,white_high,black,0,0.000358721183246607,0.5772517644320548,0.296857634092371,8.001648719176342e-06,0.6686014439571525,0.37376641407942135
69727a44c5c16e6541319a6a,41,black_high,white,0,0.000358721183246607,0.5772517644320548,0.296857634092371,4.188905054558571e-06,0.6686014439571525,0.37376660382673277
69727a44c5c16e6541319a6a,42,white_high,black,0,0.00018779242008934633,0.5772517644320548,0.296857634092371,4.188905054558571e-06,0.6686094964761777,0.37376660382673277
69727a44c5c16e6541319a6a,43,black_high,black,0,0.00018779242008934633,0.5772517644320548,0.296857634092371,2.19291375714286e-06,0.6686094964761777,0.37376670316046057
69727a44c5c16e6541319a6a,44,black_high,black,0,0.00018779242008934633,0.5404417036863264,0.296857634092371,2.19291375714286e-06,0.6668730886036609,0.37376670316046057
69727a44c5c16e6541319a6a,45,white_high,black,0,0.00018779242008934633,0.5688209196348067,0.296857634092371,2.19291375714286e-06,0.6682121986322346,0.37376670316046057
69727a44c5c16e6541319a6a,46,black_high,white,0,0.00018779242008934633,0.5688209196348067,0.296857634092371,1.1480018486055604e-06,0.6682121986322346,0.37376675516219204
69727a44c5c16e6541319a6a,47,white_high,white,0,9.831031645201035e-05,0.5688209196348067,0.296857634092371,1.1480018486055604e-06,0.6682164166748037,0.37376675516219204
697a7ca703a2f04efb2de9e9,0,black_high,black,0,0.5,0.5,0.5,0.5,0.2088885953494152,0.7911114046505848
697a7ca703a2f04efb2de9e9,1,black_high,black,0,0.5,0.7476409546035111,0.5,0.5,0.49500733827054566,0.7911114046505848
697a7ca703a2f04efb2de9e9,2,black_high,black,0,0.5,0.6562360872620433,0.5,0.5,0.376575170002021,0.7911114046505848
697a7ca703a2f04efb2de9e9,3,black_high,white,0,0.5,0.7452406687319519,0.5,0.5,0.491829533684885,0.7911114046505848
697a7ca703a2f04efb2de9e9,4,white_high,white,0,0.19044880674561115,0.7452406687319519,0.5,0.5,0.8329803028007101,0.7911114046505848
697a7ca703a2f04efb2de9e9,5,white_high,white,0,0.19044880674561115,0.7452406687319519,0.6238204773017555,0.5,0.8329803028007101,0.8794753173302876
697a7ca703a2f04efb2de9e9,6,white_high,white,0,0.19044880674561115,0.7452406687319519,0.7948038789090939,0.5,0.8329803028007101,0.9475047590355343
697a7ca703a2f04efb2de9e9,7,white_high,white,0,0.19044880674561115,0.7452406687319519,0.8599310485279402,0.5,0.8329803028007101,0.9622418686697787
697a7ca703a2f04efb2de9e9,8,white_high,white,1,0.19044880674561115,0.7452406687319519,0.6990071160565635,0.5,0.8329803028007101,0.9157309485756109
697a7ca703a2f04efb2de9e9,9,black_high,black,1,0.19044880674561115,0.7452406687319519,0.6495324362785528,0.5,0.8329803028007101,0.8931814423215163
697a7ca703a2f04efb2de9e9,10,white_high,white,0,0.19044880674561115,0.7726043622446173,0.6495324362785528,0.5,0.8521839780271598,0.8931814423215163
697a7ca703a2f04efb2de9e9,11,white_high,white,1,0.19044880674561115,0.7726043622446173,0.7426872640706623,0.5,0.8521839780271598,0.9319518872660003
697a7ca703a2f04efb2de9e9,12,white_high,white,0,0.19044880674561115,0.7726043622446173,0.7713269151406491,0.5,0.8521839780271598,0.940964157060105
697a7ca703a2f04efb2de9e9,13,black_high,black,1,0.19044880674561115,0.7726043622446173,0.7890784904056419,0.5,0.8521839780271598,0.945975758844031
697a7ca703a2f04efb2de9e9,14,white_high,white,0,0.19044880674561115,0.7363233582561065,0.7890784904056419,0.5,0.8263054795230207,0.945975758844031
697a7ca703a2f04efb2de9e9,15,black_high,black,0,0.19044880674561115,0.7363233582561065,0.7339297844089098,0.5,0.8263054795230207,0.928950651169117
697a7ca703a2f04efb2de9e9,16,white_high,white,0,0.19044880674561115,0.7757457191246154,0.7339297844089098,0.5,0.8542676322020253,0.928950651169117
697a7ca703a2f04efb2de9e9,17,black_high,black,0,0.19044880674561115,0.7757457191246154,0.836744251209381,0.5,0.8542676322020253,0.9575175393234606
697a7ca703a2f04efb2de9e9,18,white_high,white,0,0.19044880674561115,0.9145820795993758,0.836744251209381,0.5,0.9244105599419866,0.9575175393234606
697a7ca703a2f04efb2de9e9,19,white_high,white,0,0.19044880674561115,0.9145820795993758,0.7520855589442974,0.5,0.9244105599419866,0.9350417019532807
697a7ca703a2f04efb2de9e9,20,black_high,black,0,0.19044880674561115,0.9145820795993758,0.7817495037501171,0.5,0.9244105599419866,0.943957194706504
697a7ca703a2f04efb2de9e9,21,black_high,black,0,0.19044880674561115,0.9055542793191412,0.7817495037501171,0.5,0.9210007615145179,0.943957194706504
697a7ca703a2f04efb2de9e9,22,white_high,white,0,0.19044880674561115,0.8402053730864468,0.7817495037501171,0.5,0.8918609795779521,0.943957194706504
697a7ca703a2f04efb2de9e9,23,white_high,white,0,0.19044880674561115,0.8402053730864468,0.7930484295333892,0.5,0.8918609795779521,0.9470403525731397
697a7ca703a2f04efb2de9e9,24,black_high,black,1,0.19044880674561115,0.8402053730864468,0.6116214474466186,0.5,0.8918609795779521,0.872456686820027
697a7ca703a2f04efb2de9e9,25,black_high,black,1,0.19044880674561115,0.8201144135874247,0.6116214474466186,0.5,0.8811617567421146,0.872456686820027
697a7ca703a2f04efb2de9e9,26,black_high,black,1,0.19044880674561115,0.9100047380299355,0.6116214474466186,0.5,0.9226989268699815,0.872456686820027
697a7ca703a2f04efb2de9e9,27,black_high,black,1,0.19044880674561115,0.9050052871822696,0.6116214474466186,0.5,0.9207889343626563,0.872456686820027
697a7ca703a2f04efb2de9e9,28,black_high,black,0,0.19044880674561115,0.9025041035259525,0.6116214474466186,0.5,0.9198172754328265,0.872456686820027
697a7ca703a2f04efb2de9e9,29,black_high,black,0,0.19044880674561115,0.9009538070569703,0.6116214474466186,0.5,0.9192095669081077,0.872456686820027
697a7ca703a2f04efb2de9e9,30,white_high,white,0,0.19044880674561115,0.8384530641808533,0.6116214474466186,0.5,0.8909625780704055,0.872456686820027
697a7ca703a2f04efb2de9e9,31,black_high,black,0,0.19044880674561115,0.8384530641808533,0.7282470588994863,0.5,0.8909625780704055,0.9269382206636748
697a7ca703a2f04efb2de9e9,32,white_high,white,0,0.19044880674561115,0.8765569190287896,0.7282470588994863,0.5,0.9090784133953169,0.9269382206636748
697a7ca703a2f04efb2de9e9,33,black_high,black,0,0.19044880674561115,0.8765569190287896,0.8345797146247158,0.5,0.9090784133953169,0.9570487243254063
697a7ca703a2f04efb2de9e9,34,white_high,white,0,0.19044880674561115,0.8910705864051846,0.8345797146247158,0.5,0.9152357384152693,0.9570487243254063
697a7ca703a2f04efb2de9e9,35,black_high,black,0,0.19044880674561115,0.8910705864051846,0.8750815694266395,0.5,0.9152357384152693,0.965051702825323
697a7ca703a2f04efb2de9e9,36,black_high,white,0,0.19044880674561115,0.8965988076718587,0.8750815694266395,0.5,0.9174798937001437,0.965051702825323
697a7ca703a2f04efb2de9e9,37,white_high,white,0,0.07254149598165428,0.8965988076718587,0.8750815694266395,0.5,0.9540473571392618,0.965051702825323
697a7ca703a2f04efb2de9e9,38,white_high,white,0,0.07254149598165428,0.8965988076718587,0.8285983906117825,0.5,0.9540473571392618,0.9557274105553561
697a7ca703a2f04efb2de9e9,39,white_high,white,1,0.07254149598165428,0.8965988076718587,0.8108930587337178,0.5,0.9540473571392618,0.9515854052568934
697a7ca703a2f04efb2de9e9,40,black_high,white,0,0.07254149598165428,0.8965988076718587,0.8054497066382396,0.5,0.9540473571392618,0.9502396919456998
697a7ca703a2f04efb2de9e9,41,white_high,white,0,0.02763088269849521,0.8965988076718587,0.8054497066382396,0.5,0.9634196386496767,0.9502396919456998
697a7ca703a2f04efb2de9e9,42,white_high,white,1,0.02763088269849521,0.8965988076718587,0.8639860189036105,0.5,0.9634196386496767,0.9630145073602375
697a7ca703a2f04efb2de9e9,43,black_high,black,0,0.02763088269849521,0.8965988076718587,0.832011672799869,0.5,0.9634196386496767,0.9564861048772267
697a7ca703a2f04efb2de9e9,44,black_high,black,0,0.02763088269849521,0.8987044939591864,0.832011672799869,0.5,0.9638106728219848,0.9564861048772267
697a7ca703a2f04efb2de9e9,45,white_high,white,0,0.02763088269849521,0.8995065448407906,0.832011672799869,0.5,0.9639585562697003,0.9564861048772267
697a7ca703a2f04efb2de9e9,46,white_high,white,0,0.02763088269849521,0.8995065448407906,0.8741034084242097,0.5,0.9639585562697003,0.9648765429767051
697a7ca703a2f04efb2de9e9,47,black_high,black,0,0.02763088269849521,0.8995065448407906,0.8282258114203469,0.5,0.9639585562697003,0.9556438350320767
697a8232cf359493f5c6f3fb,0,black_high,white,0,0.5,0.5,0.5,0.5,0.40574119997336444,0.5942588000266356
697a8232cf359493f5c6f3fb,1,white_high,black,0,0.29303483267101366,0.5,0.5,0.5,0.41651029066551387,0.5942588000266356
697a8232cf359493f5c6f3fb,2,white_high,white,0,0.29303483267101366,0.5,0.5,0.29303483267101366,0.41651029066551387,0.604937973298448
697a8232cf359493f5c6f3fb,3,black_high,white,0,0.29303483267101366,0.5,0.3758208996026082,0.29303483267101366,0.41651029066551387,0.5985417883526344
697a8232cf359493f5c6f3fb,4,white_high,black,0,0.17173882631705795,0.5,0.3758208996026082,0.29303483267101366,0.4228596696318992,0.5985417883526344
697a8232cf359493f5c6f3fb,5,white_high,white,0,0.17173882631705795,0.5,0.3758208996026082,0.17173882631705795,0.4228596696318992,0.6047898691219619
697a8232cf359493f5c6f3fb,6,black_high,white,0,0.17173882631705795,0.5,0.5514014965850185,0.17173882631705795,0.4228596696318992,0.6137734158982778
697a8232cf359493f5c6f3fb,7,black_high,white,0,0.10065091646587071,0.5,0.5514014965850185,0.17173882631705795,0.4265928699110789,0.6137734158982778
697a8232cf359493f5c6f3fb,8,white_high,black,1,0.058988448929521195,0.5,0.5514014965850185,0.17173882631705795,0.42878470800821755,0.6137734158982778
697a8232cf359493f5c6f3fb,9,black_high,white,0,0.058988448929521195,0.5,0.5514014965850185,0.08371441645821937,0.42878470800821755,0.6182485983154834
697a8232cf359493f5c6f3fb,10,white_high,white,0,0.03457134052316976,0.5,0.5514014965850185,0.08371441645821937,0.4300705832273702,0.6182485983154834
697a8232cf359493f5c6f3fb,11,black_high,black,0,0.03457134052316976,0.5,0.5715178913674583,0.08371441645821937,0.4300705832273702,0.6192685401466581
697a8232cf359493f5c6f3fb,12,black_high,white,0,0.03457134052316976,0.7069651673289863,0.5715178913674583,0.08371441645821937,0.441006204211161,0.6192685401466581
697a8232cf359493f5c6f3fb,13,white_high,black,0,0.020261213970839367,0.7069651673289863,0.5715178913674583,0.08371441645821937,0.4417645683058857,0.6192685401466581
697a8232cf359493f5c6f3fb,14,black_high,white,0,0.020261213970839367,0.7069651673289863,0.5715178913674583,0.04906248003797173,0.4417645683058857,0.6210229934304442
697a8232cf359493f5c6f3fb,15,white_high,white,0,0.011874482891313036,0.7069651673289863,0.5715178913674583,0.04906248003797173,0.44220914900571345,0.6210229934304442
697a8232cf359493f5c6f3fb,16,black_high,black,0,0.011874482891313036,0.7069651673289863,0.7488796339886801,0.04906248003797173,0.44220914900571345,0.6299526192097804
697a8232cf359493f5c6f3fb,17,black_high,black,0,0.011874482891313036,0.4971169059565639,0.7488796339886801,0.04906248003797173,0.4311147277634155,0.6299526192097804
697a8232cf359493f5c6f3fb,18,white_high,black,1,0.011874482891313036,0.4983103060388138,0.7488796339886801,0.04906248003797173,0.4311776371454714,0.6299526192097804
697a8232cf359493f5c6f3fb,19,white_high,white,1,0.011874482891313036,0.4983103060388138,0.7488796339886801,0.02391559890358869,0.4311776371454714,0.6312116823037681
697a8232cf359493f5c6f3fb,20,white_high,black,1,0.011874482891313036,0.4983103060388138,0.5188072285411272,0.02391559890358869,0.4311776371454714,0.6196276738102148
697a8232cf359493f5c6f3fb,21,black_high,white,1,0.011874482891313036,0.4983103060388138,0.5188072285411272,0.011657704023006366,0.4311776371454714,0.6202484322562916
697a8232cf359493f5c6f3fb,22,black_high,white,1,0.005788239196151096,0.4983103060388138,0.5188072285411272,0.011657704023006366,0.43149850440227144,0.6202484322562916
697a8232cf359493f5c6f3fb,23,white_high,black,1,0.0028214881690865083,0.4983103060388138,0.5188072285411272,0.011657704023006366,0.43165493262027305,0.6202484322562916
697a8232cf359493f5c6f3fb,24,white_high,white,0,0.0028214881690865083,0.4983103060388138,0.5188072285411272,0.005682569925841406,0.43165493262027305,0.620550879700546
697a8232cf359493f5c6f3fb,25,black_high,black,0,0.0028214881690865083,0.4983103060388138,0.4282362792055149,0.005682569925841406,0.43165493262027305,0.6159564604403742
697a8232cf359493f5c6f3fb,26,black_high,white,1,0.0028214881690865083,0.5817957885572317,0.4282362792055149,0.005682569925841406,0.43606236000512894,0.6159564604403742
697a8232cf359493f5c6f3fb,27,white_high,black,0,0.001375339756793169,0.5817957885572317,0.4282362792055149,0.005682569925841406,0.43613879730028,0.6159564604403742
697a8232cf359493f5c6f3fb,28,white_high,white,0,0.001375339756793169,0.5817957885572317,0.4282362792055149,0.003330381854720542,0.43613879730028,0.6160760466739162
697a8232cf359493f5c6f3fb,29,white_high,white,0,0.001375339756793169,0.5817957885572317,0.6235135940334665,0.003330381854720542,0.43613879730028,0.6259538714835337
697a8232cf359493f5c6f3fb,30,white_high,black,1,0.001375339756793169,0.5817957885572317,0.7379597045835739,0.003330381854720542,0.43613879730028,0.6316951334361546
697a8232cf359493f5c6f3fb,31,black_high,white,1,0.001375339756793169,0.5817957885572317,0.7379597045835739,0.0016234009485790958,0.43613879730028,0.631780488009908
697a8232cf359493f5c6f3fb,32,white_high,black,1,0.0006704119717178574,0.5817957885572317,0.7379597045835739,0.0016234009485790958,0.4361760579050498,0.631780488009908
697a8232cf359493f5c6f3fb,33,white_high,black,1,0.0006704119717178574,0.5817957885572317,0.7379597045835739,0.0007913298699102633,0.4361760579050498,0.6318220912669555
697a8232cf359493f5c6f3fb,34,black_high,white,0,0.0006704119717178574,0.5817957885572317,0.7379597045835739,0.00038573524523334,0.4361760579050498,0.6318423701423815
697a8232cf359493f5c6f3fb,35,black_high,white,0,0.00039290811990597336,0.5817957885572317,0.7379597045835739,0.00038573524523334,0.436190726217083,0.6318423701423815
697a8232cf359493f5c6f3fb,36,black_high,white,1,0.00023027153034345895,0.5817957885572317,0.7379597045835739,0.00038573524523334,0.4361993229217023,0.6318423701423815
697a8232cf359493f5c6f3fb,37,black_high,white,1,0.00011224629399792938,0.5817957885572317,0.7379597045835739,0.00038573524523334,0.43620556156702955,0.6318423701423815
697a8232cf359493f5c6f3fb,38,black_high,white,1,5.471466879764665e-05,0.5817957885572317,0.7379597045835739,0.00038573524523334,0.43620860261384153,0.6318423701423815
697a8232cf359493f5c6f3fb,39,black_high,white,1,2.667076902950037e-05,0.5817957885572317,0.7379597045835739,0.00038573524523334,0.4362100849796142,0.6318423701423815
697a8232cf359493f5c6f3fb,40,white_high,white,1,1.3000716923933044e-05,0.5817957885572317,0.7379597045835739,0.00038573524523334,0.4362108075620337,0.6318423701423815
697a8232cf359493f5c6f3fb,41,black_high,black,0,1.3000716923933044e-05,0.5817957885572317,0.6672487195332316,0.00038573524523334,0.4362108075620337,0.6282999808051032
697a8232cf359493f5c6f3fb,42,white_high,black,0,1.3000716923933044e-05,0.4651519634945295,0.6672487195332316,0.00038573524523334,0.4300553213977223,0.6282999808051032
697a8232cf359493f5c6f3fb,43,white_high,white,0,1.3000716923933044e-05,0.4651519634945295,0.6672487195332316,0.0002260677260845284,0.4300553213977223,0.6283079953419446
697a8232cf359493f5c6f3fb,44,black_high,white,0,1.3000716923933044e-05,0.4651519634945295,0.7635915349489127,0.0002260677260845284,0.4300553213977223,0.633130930735652
697a8232cf359493f5c6f3fb,45,black_high,black,0,7.6193258168158694e-06,0.4651519634945295,0.7635915349489127,0.0002260677260845284,0.4300556048994796,0.633130930735652
697a8232cf359493f5c6f3fb,46,white_high,black,0,7.6193258168158694e-06,0.5209696563732094,0.7635915349489127,0.0002260677260845284,0.43299861995899636,0.633130930735652
697cbad1e4fa658183a9a4ba,0,white_high,black,0,0.5,0.5,0.5,0.5,0.4371875153832171,0.5628124846167829
697cbad1e4fa658183a9a4ba,1,black_high,white,0,0.5,0.5,0.5,0.27317448937396027,0.4371875153832171,0.5717444445120876
697cbad1e4fa658183a9a4ba,2,white_high,black,0,0.27317448937396027,0.5,0.5,0.27317448937396027,0.44616039409426556,0.5717444445120876
697cbad1e4fa658183a9a4ba,3,white_high,black,0,0.27317448937396027,0.5,0.5,0.14924860328944783,0.44616039409426556,0.5766051174991706
697cbad1e4fa658183a9a4ba,4,white_high,black,0,0.27317448937396027,0.5,0.5,0.08154182198674335,0.44616039409426556,0.5792545538062631
697cbad1e4fa658183a9a4ba,5,black_high,white,0,0.27317448937396027,0.5,0.5,0.04455029116770196,0.44616039409426556,0.5807001546563756
697cbad1e4fa658183a9a4ba,6,black_high,white,0,0.14924860328944783,0.5,0.5,0.04455029116770196,0.4510779638238555,0.5807001546563756
697cbad1e4fa658183a9a4ba,7,white_high,black,0,0.08154182198674335,0.5,0.5,0.04455029116770196,0.45376877794670045,0.5807001546563756
697cbad1e4fa658183a9a4ba,8,white_high,black,0,0.08154182198674335,0.5,0.5,0.02434000608239647,0.45376877794670045,0.5814893741053356
697cbad1e4fa658183a9a4ba,9,white_high,black,0,0.08154182198674335,0.5,0.5,0.013298137465835485,0.45376877794670045,0.5819203874739599
697cbad1e4fa658183a9a4ba,10,black_high,white,0,0.08154182198674335,0.5,0.5,0.007265423823708677,0.45376877794670045,0.5821558183947717
697cbad1e4fa658183a9a4ba,11,black_high,white,1,0.04455029116770196,0.5,0.5,0.007265423823708677,0.4552400534874471,0.5821558183947717
697cbad1e4fa658183a9a4ba,12,black_high,white,1,0.0227198817020114,0.5,0.5,0.007265423823708677,0.45610868952915834,0.5821558183947717
697cbad1e4fa658183a9a4ba,13,white_high,white,1,0.011586748616530293,0.5,0.5,0.007265423823708677,0.45655178212048697,0.5821558183947717
697cbad1e4fa658183a9a4ba,14,black_high,white,1,0.011586748616530293,0.5,0.45099827881368115,0.007265423823708677,0.45655178212048697,0.5802424175693096
697cbad1e4fa658183a9a4ba,15,black_high,black,0,0.0059090423648984584,0.5,0.45099827881368115,0.007265423823708677,0.4567777782384295,0.5802424175693096
697cbad1e4fa658183a9a4ba,16,black_high,white,0,0.0059090423648984584,0.545365102125208,0.45099827881368115,0.007265423823708677,0.45858412777256113,0.5802424175693096
697cbad1e4fa658183a9a4ba,17,white_high,black,0,0.00322839926144047,0.545365102125208,0.45099827881368115,0.007265423823708677,0.45869090027430126,0.5802424175693096
697cbad1e4fa658183a9a4ba,18,white_high,white,1,0.00322839926144047,0.545365102125208,0.45099827881368115,0.003969456886254047,0.45869090027430126,0.580371193627047
697cbad1e4fa658183a9a4ba,19,black_high,black,1,0.00322839926144047,0.545365102125208,0.4750099656058985,0.003969456886254047,0.45869090027430126,0.5813090180405945
697cbad1e4fa658183a9a4ba,20,black_high,black,0,0.00322839926144047,0.7681440271975191,0.4750099656058985,0.003969456886254047,0.4675767219256948,0.5813090180405945
697cbad1e4fa658183a9a4ba,21,black_high,white,0,0.00322839926144047,0.782595521792343,0.4750099656058985,0.003969456886254047,0.46815391063176554,0.5813090180405945
697cbad1e4fa658183a9a4ba,22,black_high,white,0,0.0017638326394785414,0.782595521792343,0.4750099656058985,0.003969456886254047,0.4682124098007422,0.5813090180405945
697cbad1e4fa658183a9a4ba,23,white_high,black,0,0.0009636681612613501,0.782595521792343,0.4750099656058985,0.003969456886254047,0.4682443711311857,0.5813090180405945
697cbad1e4fa658183a9a4ba,24,white_high,black,1,0.0009636681612613501,0.782595521792343,0.4750099656058985,0.002168708715988799,0.4682443711311857,0.5813793262660693
697cbad1e4fa658183a9a4ba,25,black_high,white,1,0.0009636681612613501,0.782595521792343,0.4750099656058985,0.0011060041176365715,0.4682443711311857,0.5814208168437255
697cbad1e4fa658183a9a4ba,26,white_high,white,1,0.0004914541757187375,0.782595521792343,0.4750099656058985,0.0011060041176365715,0.4682632331095471,0.5814208168437255
697cbad1e4fa658183a9a4ba,27,white_high,black,1,0.0004914541757187375,0.782595521792343,0.5362572337703801,0.0011060041176365715,0.4682632331095471,0.5838100956630633
697cbad1e4fa658183a9a4ba,28,white_high,black,1,0.0004914541757187375,0.782595521792343,0.5362572337703801,0.0005640430636030925,0.4682632331095471,0.5838312203726501
697cbad1e4fa658183a9a4ba,29,black_high,white,0,0.0004914541757187375,0.782595521792343,0.5362572337703801,0.00028765225420553385,0.4682632331095471,0.5838419934923846
697cbad1e4fa658183a9a4ba,30,black_high,black,0,0.0002685054870053333,0.782595521792343,0.5362572337703801,0.00028765225420553385,0.4682721385387721,0.5838419934923846
697cbad1e4fa658183a9a4ba,31,white_high,white,0,0.0002685054870053333,0.7451259789803982,0.5362572337703801,0.00028765225420553385,0.4667757488888831,0.5838419934923846
697cbad1e4fa658183a9a4ba,32,white_high,black,0,0.0002685054870053333,0.7451259789803982,0.6559044090182957,0.00028765225420553385,0.4667757488888831,0.588497930341504
697cbad1e4fa658183a9a4ba,33,black_high,white,0,0.0002685054870053333,0.7451259789803982,0.6559044090182957,0.00015715851531973064,0.4667757488888831,0.5885029998811637
697cbad1e4fa658183a9a4ba,34,white_high,black,0,0.00014669769861357687,0.7451259789803982,0.6559044090182957,0.00015715851531973064,0.4667806124705026,0.5885029998811637
697cbad1e4fa658183a9a4ba,35,black_high,white,0,0.00014669769861357687,0.7451259789803982,0.6559044090182957,8.586339434647426e-05,0.4667806124705026,0.5885057696110444
697cbad1e4fa658183a9a4ba,36,white_high,white,0,8.014813782219796e-05,0.7451259789803982,0.6559044090182957,8.586339434647426e-05,0.46678326968602074,0.5885057696110444
697cbad1e4fa658183a9a4ba,37,white_high,white,1,8.014813782219796e-05,0.7451259789803982,0.7666386231502758,8.586339434647426e-05,0.46678326968602074,0.5928007908635567
697cbad1e4fa658183a9a4ba,38,white_high,black,1,8.014813782219796e-05,0.7451259789803982,0.7829862720180948,8.586339434647426e-05,0.46678326968602074,0.5934336801754487
697cbad1e4fa658183a9a4ba,39,black_high,white,1,8.014813782219796e-05,0.7451259789803982,0.7829862720180948,4.3788853247705456e-05,0.46678326968602074,0.5934353086665688
697cbad1e4fa658183a9a4ba,40,black_high,white,0,4.0874170790537924e-05,0.7451259789803982,0.7829862720180948,4.3788853247705456e-05,0.46678483783241076,0.5934353086665688
697cbad1e4fa658183a9a4ba,41,black_high,white,0,2.2331561468578475e-05,0.7451259789803982,0.7829862720180948,4.3788853247705456e-05,0.4667855782092308,0.5934353086665688
697cbad1e4fa658183a9a4ba,42,white_high,black,0,1.2200825802204262e-05,0.7451259789803982,0.7829862720180948,4.3788853247705456e-05,0.4667859827134122,0.5934353086665688
697cbad1e4fa658183a9a4ba,43,black_high,white,1,1.2200825802204262e-05,0.7451259789803982,0.7829862720180948,2.3923995252426436e-05,0.4667859827134122,0.5934360775332983
697cbad1e4fa658183a9a4ba,44,black_high,black,1,6.222211160179676e-06,0.7451259789803982,0.7829862720180948,2.3923995252426436e-05,0.4667862214300177,0.5934360775332983
697cbad1e4fa658183a9a4ba,45,white_high,white,1,6.222211160179676e-06,0.6740117513915077,0.7829862720180948,2.3923995252426436e-05,0.46394784923602944,0.5934360775332983
697cbad1e4fa658183a9a4ba,46,black_high,white,1,6.222211160179676e-06,0.6740117513915077,0.8403250127535056,2.3923995252426436e-05,0.46394784923602944,0.5956534439594494
697cbad1e4fa658183a9a4ba,47,white_high,white,0,3.173220595844414e-06,0.6740117513915077,0.8403250127535056,2.3923995252426436e-05,0.4639479708812326,0.5956534439594494
