subject,trial,state,chosen_color,ooz,V_white,V_black,p_black,p_target
5987bfb80e411a0001d83837,0,white_high,black,0,0.0,0.0,0.4236504595964679,0.5763495404035321
5987bfb80e411a0001d83837,1,black_high,white,0,0.0,0.0,0.4236504595964679,0.4236504595964679
5987bfb80e411a0001d83837,2,black_high,white,1,0.0,0.0,0.4236504595964679,0.4236504595964679
5987bfb80e411a0001d83837,3,white_high,white,1,0.0,0.0,0.4236504595964679,0.5763495404035321
5987bfb80e411a0001d83837,4,white_high,white,0,0.5581507903771596,0.0,0.38121964282810683,0.6187803571718932
5987bfb80e411a0001d83837,5,black_high,white,0,-0.8575153750855817,0.0,0.4908676290207399,0.4908676290207399
5987bfb80e411a0001d83837,6,black_high,white,0,-0.7189009134860074,0.0,0.4799148750191504,0.4799148750191504
5987bfb80e411a0001d83837,7,black_high,black,1,-0.971342807553624,0.0,0.49986884261321934,0.49986884261321934
5987bfb80e411a0001d83837,8,black_high,white,0,-0.9071410105984934,2.051170066284269,0.6520462569828307,0.6520462569828307
5987bfb80e411a0001d83837,9,white_high,black,1,0.04474039082333858,0.22600740839007533,0.43770969201163623,0.5622903079883638
5987bfb80e411a0001d83837,10,white_high,white,0,0.040422633306581135,-0.6843285517433382,0.36886754323536997,0.63113245676463
5987bfb80e411a0001d83837,11,black_high,black,0,1.5093993958868244,1.9272521118712942,0.4562076666191115,0.4562076666191115
5987bfb80e411a0001d83837,12,white_high,black,0,0.7707845434479376,-0.7411272062299609,0.31300804716604697,0.686991952833953
5987bfb80e411a0001d83837,13,white_high,white,0,0.6144741046392836,0.2688111987825742,0.39719776647170274,0.6028022335282972
5987bfb80e411a0001d83837,14,white_high,black,0,0.31586169030205263,0.2838939283483567,0.42118311337505765,0.5788168866249424
5987bfb80e411a0001d83837,15,black_high,white,0,-0.5845677345505519,1.4271499763914364,0.5814173328247504,0.5814173328247504
5987bfb80e411a0001d83837,16,white_high,white,1,0.05096452694579569,-0.8104540907268232,0.35886071110795154,0.6411392888920484
5987bfb80e411a0001d83837,17,black_high,black,0,-0.6766466696104824,1.0304483043751087,0.5577974925067586,0.5577974925067586
5987bfb80e411a0001d83837,18,white_high,black,1,0.052066616723580914,-0.8996729191346771,0.35231355835447065,0.6476864416455294
5987bfb80e411a0001d83837,19,white_high,white,1,0.08024102298025633,2.3881770814242596,0.6040339797536988,0.39596602024630123
5987bfb80e411a0001d83837,20,black_high,white,1,-0.602102862090606,1.1763137061398596,0.5633552239034497,0.5633552239034497
5987bfb80e411a0001d83837,21,black_high,black,0,-0.6287177961328103,1.698262622528958,0.6054740224586127,0.6054740224586127
5987bfb80e411a0001d83837,22,white_high,black,0,0.45702102399442046,1.997099770098675,0.5447283685259968,0.4552716314740032
5987bfb80e411a0001d83837,23,black_high,white,0,-0.4518726504925481,1.2283608401348365,0.5557004771588642,0.5557004771588642
5987bfb80e411a0001d83837,24,white_high,white,0,-0.1931725313281818,0.22979745814771102,0.4566092984320506,0.5433907015679493
5987bfb80e411a0001d83837,25,black_high,white,0,0.978633455517093,1.2965777137426564,0.4483783428685716,0.4483783428685716
5987bfb80e411a0001d83837,26,white_high,black,0,0.01286184065385329,0.08272557947505033,0.429055815886729,0.570944184113271
5987bfb80e411a0001d83837,27,white_high,white,0,-0.032161412315415416,-0.3996365374540942,0.39554681257522273,0.6044531874247773
5987bfb80e411a0001d83837,28,black_high,white,1,0.3177970998951274,1.0714111738479948,0.4826563693816378,0.4826563693816378
5987bfb80e411a0001d83837,29,white_high,white,1,0.03597222188415669,0.0858909354265649,0.42751088390726566,0.5724891160927343
5987bfb80e411a0001d83837,30,white_high,black,1,-0.003684994696973115,-0.6641655361246008,0.3736133622716455,0.6263866377283545
5987bfb80e411a0001d83837,31,white_high,black,0,-0.027369824693068978,1.4760901318894928,0.5418540299988078,0.45814597000119217
5987bfb80e411a0001d83837,32,white_high,white,0,-0.018412350585229942,1.0119500837921338,0.5045363821859443,0.4954636178140557
5987bfb80e411a0001d83837,33,black_high,white,0,-0.03730845863906776,1.561684072980797,0.5493463926108693,0.5493463926108693
5987bfb80e411a0001d83837,34,white_high,black,0,-0.3538748682458597,0.35377606970934283,0.4790266523689815,0.5209733476310185
5987bfb80e411a0001d83837,35,black_high,white,0,-0.05692103387167086,1.4389604712835917,0.5412588159889282,0.5412588159889282
5987bfb80e411a0001d83837,36,white_high,black,0,-0.02982783560361882,-0.4100873617110097,0.3945802720870183,0.6054197279129817
5987bfb80e411a0001d83837,37,white_high,white,0,-0.11493682666193326,0.3762512333715329,0.46196861610142387,0.5380313838985762
5987bfb80e411a0001d83837,38,white_high,black,1,0.24413424719176166,0.8482171018751629,0.4708565575124268,0.5291434424875732
5987bfb80e411a0001d83837,39,black_high,white,1,0.5612748797218698,2.8855332829159996,0.6052683082685048,0.6052683082685048
5987bfb80e411a0001d83837,40,black_high,black,1,0.047034564652793195,3.1990654463706534,0.6658175431488345,0.6658175431488345
5987bfb80e411a0001d83837,41,black_high,black,1,0.28745940804058717,1.8097651492927556,0.5433336625810938,0.5433336625810938
5987bfb80e411a0001d83837,42,black_high,black,1,0.4552803621813716,2.3373240561975814,0.5714017292088768,0.5714017292088768
5987bfb80e411a0001d83837,43,black_high,black,0,0.12325831590599443,2.3731980304653937,0.5996375457781451,0.5996375457781451
5987bfb80e411a0001d83837,44,black_high,black,0,0.2029240242920145,2.9276240170401957,0.6350964704149101,0.6350964704149101
5987bfb80e411a0001d83837,45,white_high,black,0,-0.3837748923489991,4.203580998854566,0.758301262860796,0.24169873713920398
5987bfb80e411a0001d83837,46,black_high,black,0,0.12325831590599443,0.13970182278145826,0.42492110022792473,0.42492110022792473
5b2150d538b0be00014137fb,0,white_high,white,0,0.0,0.0,0.444206625783245,0.555793374216755
5b2150d538b0be00014137fb,1,white_high,black,0,0.026484756077389517,0.0,0.4345864983100515,0.5654135016899484
5b2150d538b0be00014137fb,2,white_high,black,0,0.03342598494505555,0.0,0.432073043179532,0.567926956820468
5b2150d538b0be00014137fb,3,black_high,white,0,0.07646190227396846,0.0,0.41657223566512547,0.41657223566512547
5b2150d538b0be00014137fb,4,white_high,white,0,0.022531233729711074,0.0,0.4360196028579312,0.5639803971420688
5b2150d538b0be00014137fb,5,white_high,white,0,0.044996635090261736,0.0,0.42789107542090604,0.572108924579094
5b2150d538b0be00014137fb,6,white_high,black,0,0.05591118261541325,0.0,0.4239556524071785,0.5760443475928215
5b2150d538b0be00014137fb,7,black_high,white,0,0.17698188368672618,0.0,0.38105048527388424,0.38105048527388424
5b2150d538b0be00014137fb,8,black_high,black,0,0.15682174084441888,0.0,0.3880864652653047,0.3880864652653047
5b2150d538b0be00014137fb,9,black_high,white,0,0.17784074288276203,0.03478909367204268,0.3929194490672537,0.3929194490672537
5b2150d538b0be00014137fb,10,black_high,white,0,0.14823914746456313,0.026282419241483806,0.4003638286882755,0.4003638286882755
5b2150d538b0be00014137fb,11,black_high,white,1,0.18211678683356003,0.03182476554121073,0.3903755655938752,0.3903755655938752
5b2150d538b0be00014137fb,12,white_high,black,1,0.02134739052161025,0.07236763043983985,0.4628510493369581,0.5371489506630419
5b2150d538b0be00014137fb,13,white_high,white,1,0.012739498690868684,0.0516831709098923,0.4584265140875317,0.5415734859124683
5b2150d538b0be00014137fb,14,white_high,white,1,0.11703636522394537,0.057719551990681794,0.42272964244424305,0.577270357555757
5b2150d538b0be00014137fb,15,black_high,white,1,0.1381063485927981,-0.0006656137022368622,0.3944258509123001,0.3944258509123001
5b2150d538b0be00014137fb,16,white_high,black,1,-0.15308989056607739,0.04619917901955839,0.5174362845976284,0.48256371540237164
5b2150d538b0be00014137fb,17,white_high,black,1,-0.161824267850478,0.1014465331700331,0.5409390531505169,0.45906094684948306
5b2150d538b0be00014137fb,18,white_high,black,1,-0.24963249659980574,-0.0043736944293130756,0.5343364622637202,0.4656635377362798
5b2150d538b0be00014137fb,19,black_high,black,0,0.13570293155389507,0.18298837101978377,0.46148205929275304,0.46148205929275304
5b2150d538b0be00014137fb,20,white_high,white,0,-0.20545045317174304,0.29739858113564854,0.6265433331242682,0.37345666687573176
5b2150d538b0be00014137fb,21,black_high,black,0,0.1666436611463622,0.21925062010479274,0.46343283152131465,0.46343283152131465
5b2150d538b0be00014137fb,22,white_high,black,0,-0.08939589799525202,0.30332139349105774,0.5878321973326318,0.4121678026673682
5b2150d538b0be00014137fb,23,black_high,black,0,0.1666436611463622,0.15603878655738385,0.4403491503132038,0.4403491503132038
5b2150d538b0be00014137fb,24,black_high,white,0,0.1923874821992816,0.18842056797248852,0.4427628654857618,0.4427628654857618
5b2150d538b0be00014137fb,25,white_high,white,0,-0.10165826378564316,0.30409322056063437,0.5924811220746458,0.40751887792535424
5b2150d538b0be00014137fb,26,black_high,black,0,0.23992502877834282,0.20460768711280009,0.4313887733426845,0.4313887733426845
5b2150d538b0be00014137fb,27,white_high,white,0,-0.048724161746879754,0.35202944801650526,0.5907004309440839,0.40929956905591613
5b2150d538b0be00014137fb,28,white_high,white,1,-0.025714966803685846,0.35134343267820217,0.5822263962302899,0.41777360376971007
5b2150d538b0be00014137fb,29,white_high,white,1,0.390174322024865,0.3510081524746565,0.4299971254906901,0.57000287450931
5b2150d538b0be00014137fb,30,black_high,black,1,-1.2393623033797014,0.19709384661496598,0.8692283293399194,0.8692283293399194
5b2150d538b0be00014137fb,31,black_high,white,0,-1.1301942600763049,0.5695420952681667,0.9074086588049083,0.9074086588049083
5b2150d538b0be00014137fb,32,black_high,black,0,-0.8659939380875163,0.5578638699475819,0.8671020293711793,0.8671020293711793
5b2150d538b0be00014137fb,33,black_high,black,0,-0.9933436247044912,0.5170956424718787,0.8811380614237406,0.8811380614237406
5b2150d538b0be00014137fb,34,white_high,black,0,-0.587812957937143,0.5398356115086289,0.8082644354614924,0.1917355645385076
5b2150d538b0be00014137fb,35,black_high,black,0,-0.8547942376467476,0.4488978577217994,0.8453221783501852,0.8453221783501852
5b2150d538b0be00014137fb,36,black_high,black,0,-0.8659939380875163,0.46857044412549836,0.8511816396222495,0.8511816396222495
5b2150d538b0be00014137fb,37,white_high,black,1,-0.5260842783502253,0.43235486212007807,0.7666066587300582,0.23339334126994182
5b2150d538b0be00014137fb,38,black_high,white,0,-1.169873972229203,-0.39880077315486606,0.7136036089276782,0.7136036089276782
5b2150d538b0be00014137fb,39,white_high,white,0,-0.29576897393143564,0.26395972586190364,0.6459521031983776,0.3540478968016224
5b2150d538b0be00014137fb,40,black_high,black,0,-0.6442895464826879,-0.3223023231518957,0.5623510970920165,0.5623510970920165
5b2150d538b0be00014137fb,41,black_high,black,0,-0.9048487491672541,-0.2338976251050658,0.6825047227581892,0.6825047227581892
5b2150d538b0be00014137fb,42,white_high,black,0,-0.43507317030402637,0.22270812378163302,0.678281555429319,0.321718444570681
5b2150d538b0be00014137fb,43,black_high,black,0,-0.7668099699800587,-0.33746590067474497,0.6008534430970034,0.6008534430970034
5b2150d538b0be00014137fb,44,white_high,black,0,-0.2553498739506932,-0.008415630643061021,0.5349511662124228,0.4650488337875772
5b2150d538b0be00014137fb,45,black_high,black,0,-0.7806815590449651,-0.19051704042286308,0.6561480164781927,0.6561480164781927
5b2150d538b0be00014137fb,46,black_high,white,0,-0.7806815590449651,-0.3261684722136845,0.6097205463830261,0.6097205463830261
5b2150d538b0be00014137fb,47,white_high,black,0,-0.3475257676844322,0.15654645225675395,0.6269652931523693,0.37303470684763074
5d83b53430e67e0018bf3b38,0,white_high,black,0,0.0,0.0,0.5479016796996937,0.4520983203003063
5d83b53430e67e0018bf3b38,1,black_high,white,0,0.0,0.0,0.5479016796996937,0.5479016796996937
5d83b53430e67e0018bf3b38,2,white_high,black,0,0.0,0.0,0.5479016796996937,0.4520983203003063
5d83b53430e67e0018bf3b38,3,black_high,black,1,0.0,0.0,0.5479016796996937,0.5479016796996937
5d83b53430e67e0018bf3b38,4,black_high,white,1,0.0,3.5888116953263385,0.5922378173630505,0.5922378173630505
5d83b53430e67e0018bf3b38,5,black_high,white,1,0.0,3.818371221885166,0.5950311649222076,0.5950311649222076
5d83b53430e67e0018bf3b38,6,black_high,white,0,0.0,2.57487189246347,0.5798307588373008,0.5798307588373008
5d83b53430e67e0018bf3b38,7,black_high,white,0,0.0,2.0750457809014913,0.5736762780200952,0.5736762780200952
5d83b53430e67e0018bf3b38,8,white_high,white,0,0.0,1.4840954337636647,0.5663703559350641,0.43362964406493587
5d83b53430e67e0018bf3b38,9,black_high,white,0,0.2439743425731593,3.3710984650771283,0.5866019529945571,0.5866019529945571
5d83b53430e67e0018bf3b38,10,black_high,black,0,0.2429365833496603,3.3710984650771283,0.5866146470850206,0.5866146470850206
5d83b53430e67e0018bf3b38,11,white_high,white,0,0.02326797998567979,1.1368634174629406,0.5617748948947809,0.43822510510521906
5d83b53430e67e0018bf3b38,12,white_high,white,1,0.03575083375188316,1.3172916438093374,0.563859351404097,0.43614064859590296
5d83b53430e67e0018bf3b38,13,black_high,white,1,4.198126015479103,1.7020083942449094,0.5165654893823955,0.5165654893823955
5d83b53430e67e0018bf3b38,14,black_high,black,1,3.8947855419606903,1.1022866144195786,0.5128311966852347,0.5128311966852347
5d83b53430e67e0018bf3b38,15,black_high,black,0,3.787889636076862,-20.53679447775998,0.26215511251098156,0.26215511251098156
5d83b53430e67e0018bf3b38,16,black_high,black,1,3.898352739962535,-16.002664333560382,0.30753745933536064,0.30753745933536064
5d83b53430e67e0018bf3b38,17,white_high,black,1,-3.0936710882040686,13.962436801268709,0.7412634597315475,0.2587365402684525
5d83b53430e67e0018bf3b38,18,white_high,white,1,-3.0221158791006566,-70.08921582600578,0.039512504628453675,0.9604874953715463
5d83b53430e67e0018bf3b38,19,black_high,black,0,-19.26736917893176,74.952729885114,0.9929305379322464,0.9929305379322464
5d83b53430e67e0018bf3b38,20,white_high,white,0,-5.830803650820271,-74.4717688249948,0.03660730933979202,0.9633926906602079
5d83b53430e67e0018bf3b38,21,black_high,black,0,-14.95797199370427,56.28793476627227,0.9778171846458372,0.9778171846458372
5d83b53430e67e0018bf3b38,22,black_high,black,0,-14.330703942725565,45.81203463918888,0.9617986873045964,0.9617986873045964
5d83b53430e67e0018bf3b38,23,white_high,white,0,-4.961798541582736,-80.54732565708854,0.026071046834802367,0.9739289531651977
5d83b53430e67e0018bf3b38,24,white_high,white,0,-4.456031061997837,-80.6974936900018,0.025243970385959564,0.9747560296140404
5d83b53430e67e0018bf3b38,25,white_high,white,0,-4.143212440295667,-79.71272265565857,0.026091569111811517,0.9739084308881885
5d83b53430e67e0018bf3b38,26,black_high,black,0,-5.028254783766394,38.06303420652305,0.9141835495048704,0.9141835495048704
5d83b53430e67e0018bf3b38,27,black_high,black,0,-4.245694964037224,29.235008763714433,0.8677305901445462,0.8677305901445462
5d83b53430e67e0018bf3b38,28,white_high,white,0,-4.056171953756849,-82.67812227447813,0.022451791486756356,0.9775482085132436
5d83b53430e67e0018bf3b38,29,white_high,white,0,-3.835083577288003,-80.91532406752418,0.024223512899098472,0.9757764871009015
5d83b53430e67e0018bf3b38,30,white_high,black,0,-3.7761874985836426,-83.16026371485724,0.021623357913999428,0.9783766420860006
5d83b53430e67e0018bf3b38,31,white_high,white,0,-3.6794619026417346,-62.12351124328951,0.05975671350540231,0.9402432864945977
5d83b53430e67e0018bf3b38,32,black_high,black,0,-1.8447307956239163,31.56224027737528,0.8673031324817578,0.8673031324817578
5d83b53430e67e0018bf3b38,33,black_high,black,0,-1.4375487682025296,22.240042011293344,0.8000406951278317,0.8000406951278317
5d83b53430e67e0018bf3b38,34,black_high,black,1,-1.3894745804949367,18.783946364234485,0.7702618390490783,0.7702618390490783
5d83b53430e67e0018bf3b38,35,black_high,black,0,-1.8886519290098163,35.457410815461245,0.8885503234042098,0.8885503234042098
5d83b53430e67e0018bf3b38,36,white_high,white,0,-3.657150276294722,-58.29585161925306,0.07149776873356878,0.9285022312664313
5d83b53430e67e0018bf3b38,37,white_high,white,0,-3.504833525310038,-59.5725324963299,0.06685787061079543,0.9331421293892046
5d83b53430e67e0018bf3b38,38,black_high,black,0,-0.25320340871092534,26.974629718328593,0.8271599057657162,0.8271599057657162
5d83b53430e67e0018bf3b38,39,white_high,white,0,-3.5385313377109724,-60.67955184839272,0.06355832101122556,0.9364416789887744
5d83b53430e67e0018bf3b38,40,white_high,white,0,-3.483566846837383,-60.50354520791453,0.06392269074178271,0.9360773092582173
5d83b53430e67e0018bf3b38,41,white_high,white,0,-3.4121206925215004,-55.75036461415196,0.07959473450942268,0.9204052654905773
5d83b53430e67e0018bf3b38,42,black_high,black,0,0.4637444665745091,19.980421729630926,0.7643472006958334,0.7643472006958334
5d83b53430e67e0018bf3b38,43,white_high,white,0,-3.36524656037011,-61.34777129709441,0.06107822540962405,0.938921774590376
5d83b53430e67e0018bf3b38,44,white_high,white,0,-3.395258409039055,-61.56106054206741,0.06055019618271574,0.9394498038172843
5d83b53430e67e0018bf3b38,45,white_high,white,0,-3.4325024342805066,-61.59972788841236,0.06054611229914769,0.9394538877008523
5d83b53430e67e0018bf3b38,46,white_high,white,0,-3.459609045694165,-61.59481205532033,0.0606380554830125,0.9393619445169875
5d83b53430e67e0018bf3b38,47,black_high,black,0,0.22742285003146348,14.364772506614914,0.7120408911196853,0.7120408911196853
5dd0dce9ed7ea418f59810e4,0,black_high,black,0,0.0,0.0,0.7417975066528555,0.7417975066528555
5dd0dce9ed7ea418f59810e4,1,white_high,black,0,0.0,0.16625234579674042,0.754364346562702,0.24563565343729798
5dd0dce9ed7ea418f59810e4,2,white_high,white,0,0.0,-0.007790603168921287,0.7411984560930818,0.25880154390691823
5dd0dce9ed7ea418f59810e4,3,black_high,black,0,1.0494998833567395,0.6792691282117294,0.7123469577382828,0.7123469577382828
5dd0dce9ed7ea418f59810e4,4,black_high,black,0,0.9959560269073572,-0.1635214837905006,0.6434099066913722,0.6434099066913722
5dd0dce9ed7ea418f59810e4,5,white_high,black,0,0.16153190041768684,0.14476760324235252,0.7405073128820362,0.2594926871179638
5dd0dce9ed7ea418f59810e4,6,black_high,white,0,1.270733475635713,1.4727251313809617,0.7570113164764971,0.7570113164764971
5dd0dce9ed7ea418f59810e4,7,black_high,black,0,1.2580825859787241,1.4719347259336726,0.7578854502536266,0.7578854502536266
5dd0dce9ed7ea418f59810e4,8,black_high,black,0,1.154027276289986,0.39146550693693793,0.6790527814936983,0.6790527814936983
5dd0dce9ed7ea418f59810e4,9,white_high,black,0,-0.04151324322417533,-0.044278613621321086,0.7415849698172522,0.2584150301827478
5dd0dce9ed7ea418f59810e4,10,black_high,black,1,1.0789095042204842,2.0345119429505036,0.8082505515864354,0.8082505515864354
5dd0dce9ed7ea418f59810e4,11,black_high,black,0,1.1999164426578413,0.11144344735293166,0.6499181222664993,0.6499181222664993
5dd0dce9ed7ea418f59810e4,12,white_high,white,1,-0.08847099929316517,0.06036003188486893,0.7530670386343716,0.24693296136562837
5dd0dce9ed7ea418f59810e4,13,black_high,black,1,0.7849073036227726,1.5897591175973187,0.7987029262678172,0.7987029262678172
5dd0dce9ed7ea418f59810e4,14,white_high,white,0,-0.11306525444575499,-0.4822181817163651,0.7124355485559566,0.2875644514440434
5dd0dce9ed7ea418f59810e4,15,white_high,black,1,-0.0552070016606923,-0.41428598295236674,0.7132627775607131,0.2867372224392869
5dd0dce9ed7ea418f59810e4,16,white_high,black,1,-0.09529511998709797,0.08792330373898655,0.7556233292533696,0.2443766707466304
5dd0dce9ed7ea418f59810e4,17,white_high,black,1,-0.04664075501940078,-0.6701906538041945,0.691083215468955,0.308916784531045
5dd0dce9ed7ea418f59810e4,18,white_high,white,0,-0.007811271919141872,1.7941838582623846,0.8554772069810959,0.14452279301890414
5dd0dce9ed7ea418f59810e4,19,white_high,black,0,-0.24551222598598813,1.065041548690056,0.829356730802624,0.17064326919737605
5dd0dce9ed7ea418f59810e4,20,black_high,black,0,-0.008773155409307898,-1.2611743434554228,0.6348122634123856,0.6348122634123856
5dd0dce9ed7ea418f59810e4,21,black_high,black,0,-0.048772790352215156,1.2698177381904936,0.8298125247441084,0.8298125247441084
5dd0dce9ed7ea418f59810e4,22,black_high,white,0,-0.0011536050416442178,0.9555745247819551,0.8083205289440332,0.8083205289440332
5dd0dce9ed7ea418f59810e4,23,black_high,black,0,-0.15144691311348668,0.7979689149016849,0.8078656198615151,0.8078656198615151
5dd0dce9ed7ea418f59810e4,24,black_high,black,0,0.0486642037197533,1.6893903162278234,0.8472932431370739,0.8472932431370739
5dd0dce9ed7ea418f59810e4,25,white_high,black,0,0.12839902995312413,-1.2199901095448118,0.6258399739270146,0.3741600260729854
5dd0dce9ed7ea418f59810e4,26,black_high,black,0,0.05666088874071945,3.1322029306613453,0.9079719016909262,0.9079719016909262
5dd0dce9ed7ea418f59810e4,27,black_high,black,0,-0.010118582465417109,-0.18238561444454277,0.7283417169699961,0.7283417169699961
5dd0dce9ed7ea418f59810e4,28,black_high,black,0,-0.11649675692047179,1.8724238275990879,0.8645034840241638,0.8645034840241638
5dd0dce9ed7ea418f59810e4,29,white_high,black,0,0.12917257891092532,2.9800042394667177,0.9001573792076463,0.09984262079235373
5dd0dce9ed7ea418f59810e4,30,white_high,white,0,0.12839902995312413,-3.0927492212714536,0.4410586542126881,0.5589413457873119
5dd0dce9ed7ea418f59810e4,31,white_high,white,0,0.2873916172243493,-2.3841391250109476,0.4959046920402528,0.5040953079597472
5dd0dce9ed7ea418f59810e4,32,white_high,black,0,0.24323794433761167,-3.0511068798776333,0.4338327896095329,0.5661672103904671
5dd0dce9ed7ea418f59810e4,33,white_high,black,0,0.242165026873488,-0.02833013846988841,0.7204752201301348,0.27952477986986524
5dd0dce9ed7ea418f59810e4,34,white_high,white,0,0.24546529399851333,-4.390659893138311,0.30906371915652153,0.6909362808434785
5dd0dce9ed7ea418f59810e4,35,white_high,white,0,0.2491365943562653,-4.486066632370347,0.3006412019327846,0.6993587980672153
5dd0dce9ed7ea418f59810e4,36,white_high,white,0,0.2583523400743141,-4.527582093777842,0.2963796383093766,0.7036203616906234
5dd0dce9ed7ea418f59810e4,37,black_high,white,0,0.7913275449177256,1.0381870118849292,0.7603068508991182,0.7603068508991182
5dd0dce9ed7ea418f59810e4,38,white_high,black,0,-0.1931235928058997,-4.650379476372747,0.32459269725363515,0.6754073027463648
5dd0dce9ed7ea418f59810e4,39,black_high,black,0,0.6766900992786176,2.040062639896737,0.8323345683919677,0.8323345683919677
5dd0dce9ed7ea418f59810e4,40,white_high,black,0,-0.2894764956093839,3.6955511841924666,0.9342552331608096,0.0657447668391904
5dd0dce9ed7ea418f59810e4,41,white_high,white,1,-0.2302905530325701,1.7019858673417658,0.8618196109106246,0.13818038908937536
5dd0dce9ed7ea418f59810e4,42,black_high,white,1,1.4467073912515422,0.8159841032472707,0.6904685292810542,0.6904685292810542
5dd0dce9ed7ea418f59810e4,43,black_high,black,1,1.4739872460110108,0.6671270988204197,0.6751675560180161,0.6751675560180161
5dd0dce9ed7ea418f59810e4,44,white_high,black,0,0.0527238064599958,0.8751380225234442,0.799833269910758,0.20016673008924202
5dd0dce9ed7ea418f59810e4,45,black_high,black,1,1.4223123375194315,0.831601710467776,0.6938885577774615,0.6938885577774615
5dd0dce9ed7ea418f59810e4,46,black_high,black,1,1.558906193804335,0.3379848690122572,0.6377348571856103,0.6377348571856103
5dd0dce9ed7ea418f59810e4,47,black_high,black,1,1.0460413445250283,0.9859469706434214,0.7371532515982562,0.7371532515982562
5e6473fbc15dbe1f71eea95b,0,black_high,white,0,0.0,0.0,0.49918721068808825,0.49918721068808825
5e6473fbc15dbe1f71eea95b,1,black_high,white,0,0.0,0.0,0.49918721068808825,0.49918721068808825
5e6473fbc15dbe1f71eea95b,2,white_high,white,0,0.0,0.0,0.49918721068808825,0.5008127893119118
5e6473fbc15dbe1f71eea95b,3,white_high,black,0,0.03901622071792024,0.0,0.47093198044213574,0.5290680195578643
5e6473fbc15dbe1f71eea95b,4,black_high,white,0,0.26534064847378774,0.0,0.3158793460774535,0.3158793460774535
5e6473fbc15dbe1f71eea95b,5,white_high,black,0,0.02684299548006691,0.0,0.47973625997903546,0.5202637400209645
5e6473fbc15dbe1f71eea95b,6,white_high,white,0,0.027508287721567336,0.0,0.4792547124476067,0.5207452875523932
5e6473fbc15dbe1f71eea95b,7,black_high,white,1,0.3309544821333513,0.0,0.2762654049885814,0.2762654049885814
5e6473fbc15dbe1f71eea95b,8,white_high,black,1,0.001976938746282495,0.0,0.4977538794254003,0.5022461205745997
5e6473fbc15dbe1f71eea95b,9,white_high,black,1,-0.004239131528516477,0.0,0.5022607044430321,0.49773929555696794
5e6473fbc15dbe1f71eea95b,10,black_high,white,0,0.3372176534220773,0.0,0.27264843766457136,0.27264843766457136
5e6473fbc15dbe1f71eea95b,11,black_high,white,1,0.33025801749193284,0.0,0.2766694397951865,0.2766694397951865
5e6473fbc15dbe1f71eea95b,12,black_high,black,1,0.33290454055174407,0.0,0.27513607504432996,0.27513607504432996
5e6473fbc15dbe1f71eea95b,13,black_high,black,1,0.32568080081149675,0.30188164996824535,0.48193990263422654,0.48193990263422654
5e6473fbc15dbe1f71eea95b,14,white_high,black,0,0.04094880972651951,-0.06692364757494251,0.42162760107676783,0.5783723989232321
5e6473fbc15dbe1f71eea95b,15,black_high,black,0,0.33210193581131453,-0.1057921415022198,0.21870967810565128,0.21870967810565128
5e6473fbc15dbe1f71eea95b,16,white_high,black,0,0.007072821031277562,0.1687959878045767,0.6143814483775549,0.38561855162244507
5e6473fbc15dbe1f71eea95b,17,white_high,black,0,0.018412226965026205,0.2156122332231585,0.6384527237516519,0.36154727624834815
5e6473fbc15dbe1f71eea95b,18,white_high,white,0,0.03919924759576106,0.20197256556713203,0.6151027450993048,0.38489725490069515
5e6473fbc15dbe1f71eea95b,19,white_high,white,0,0.04695542675868618,0.21387263090614705,0.6179440147488229,0.3820559852511771
5e6473fbc15dbe1f71eea95b,20,black_high,white,0,0.47439947273607797,0.0758868950649214,0.2388508379144438,0.2388508379144438
5e6473fbc15dbe1f71eea95b,21,white_high,black,0,0.04060255081338823,0.21197280146411623,0.6209882909271272,0.37901170907287285
5e6473fbc15dbe1f71eea95b,22,white_high,white,0,0.05817244461952293,0.18027399172893743,0.5868259658762761,0.4131740341237239
5e6473fbc15dbe1f71eea95b,23,black_high,white,0,0.42962770413368234,0.08872712395495905,0.27053543166156163,0.27053543166156163
5e6473fbc15dbe1f71eea95b,24,black_high,white,0,0.4252797020545831,0.07195944298325808,0.2634863073190215,0.2634863073190215
5e6473fbc15dbe1f71eea95b,25,white_high,black,0,0.047279739539172166,0.2030978413121038,0.6103162726992974,0.38968372730070255
5e6473fbc15dbe1f71eea95b,26,white_high,white,0,0.05341145725411368,0.18491810634569972,0.5934233138894481,0.40657668611055187
5e6473fbc15dbe1f71eea95b,27,black_high,white,0,0.48777773831102367,0.07936622736678926,0.23367084420097892,0.23367084420097892
5e6473fbc15dbe1f71eea95b,28,white_high,black,1,0.028497765843467682,0.1774625661110398,0.6055790509107711,0.39442094908922887
5e6473fbc15dbe1f71eea95b,29,black_high,black,1,0.48364164733384796,0.046396249829225765,0.2190313093944947,0.2190313093944947
5e6473fbc15dbe1f71eea95b,30,white_high,white,1,0.0515694685613321,0.3649376701309208,0.7120903079542593,0.2879096920457407
5e6473fbc15dbe1f71eea95b,31,white_high,black,1,-0.032301349715564344,0.20364967511081727,0.663970300824527,0.336029699175473
5e6473fbc15dbe1f71eea95b,32,white_high,black,1,0.009038432304769282,0.10617786675685426,0.5691701004078487,0.43082989959215134
5e6473fbc15dbe1f71eea95b,33,white_high,white,0,-0.023045335725648243,-0.14113581914392648,0.4144184828728002,0.5855815171271999
5e6473fbc15dbe1f71eea95b,34,black_high,white,0,0.1609777171103448,0.30170001598046753,0.5998552531067949,0.5998552531067949
5e6473fbc15dbe1f71eea95b,35,black_high,black,1,0.2141319048498747,0.6037551313687736,0.7552307663012774,0.7552307663012774
5e6473fbc15dbe1f71eea95b,36,black_high,white,1,0.09555885954878833,-0.5887138894253982,0.12049698978786966,0.12049698978786966
5e6473fbc15dbe1f71eea95b,37,black_high,white,0,0.16071463005454872,-0.7288856004096229,0.07022691351016916,0.07022691351016916
5e6473fbc15dbe1f71eea95b,38,black_high,white,0,-0.029407230907033788,-0.7935218710608741,0.09803207746510173,0.09803207746510173
5e6473fbc15dbe1f71eea95b,39,white_high,black,0,0.12409949487570811,-0.15844417623947443,0.30519824681899127,0.6948017531810087
5e6473fbc15dbe1f71eea95b,40,black_high,white,0,0.17144383663710794,-0.4230838827395661,0.15091278576561842,0.15091278576561842
5e6473fbc15dbe1f71eea95b,41,black_high,white,1,0.04721635255945948,-0.590894958062453,0.13542056350163384,0.13542056350163384
5e6473fbc15dbe1f71eea95b,42,black_high,white,1,0.24877815409247378,-0.6185384984341809,0.0745656235439261,0.0745656235439261
5e6473fbc15dbe1f71eea95b,43,black_high,white,1,-0.03020910268056566,-0.6658449503687819,0.13626331588884547,0.13626331588884547
5e92178e8ee4fe54b65b7c39,0,black_high,black,0,0.0,0.0,0.7433124088925812,0.7433124088925812
5e92178e8ee4fe54b65b7c39,1,black_high,black,1,0.0,0.16979836306358748,0.755031407185625,0.755031407185625
5e92178e8ee4fe54b65b7c39,2,black_high,black,0,0.0,0.16144311613203519,0.7544632935699238,0.7544632935699238
5e92178e8ee4fe54b65b7c39,3,white_high,black,0,0.0,0.7795565795424353,0.7940665261744567,0.20593347382554328
5e92178e8ee4fe54b65b7c39,4,white_high,white,0,0.0,0.4094330664349986,0.7709450618705779,0.22905493812942213
5e92178e8ee4fe54b65b7c39,5,black_high,black,0,0.2871722019983459,-0.014165969407841816,0.721630731281131,0.721630731281131
5e92178e8ee4fe54b65b7c39,6,white_high,white,0,0.8973825832824788,1.2964579696815683,0.7702724976744177,0.22972750232558226
5e92178e8ee4fe54b65b7c39,7,black_high,black,0,-0.45815570043046094,0.02041683260940226,0.7753990435643687,0.7753990435643687
5e92178e8ee4fe54b65b7c39,8,white_high,white,0,-1.128739685963784,0.5236081386918565,0.8416051098137001,0.15839489018629993
5e92178e8ee4fe54b65b7c39,9,black_high,black,0,0.5690783370128786,-0.011109240558177226,0.7005953013601645,0.7005953013601645
5e92178e8ee4fe54b65b7c39,10,white_high,black,1,2.3218138103263497,1.3744135009868983,0.6715589945933453,0.32844100540665466
5e92178e8ee4fe54b65b7c39,11,white_high,white,1,3.6188561868065157,1.0864301281092974,0.5332038820088247,0.46679611799117526
5e92178e8ee4fe54b65b7c39,12,white_high,black,0,1.6394455695696437,1.207360079718411,0.7118809899371549,0.2881190100628451
5e92178e8ee4fe54b65b7c39,13,white_high,black,0,1.5837238293481812,1.1815133353609906,0.7141266029687844,0.2858733970312156
5e92178e8ee4fe54b65b7c39,14,black_high,black,1,0.7639432596947665,-0.005021988427912356,0.6858503178971184,0.6858503178971184
5e92178e8ee4fe54b65b7c39,15,white_high,black,1,1.8576061095600087,1.21896684705883,0.6960721468134325,0.30392785318656745
5e92178e8ee4fe54b65b7c39,16,white_high,white,1,2.284215381449016,1.0908082465653237,0.6513271679238062,0.3486728320761938
5e92178e8ee4fe54b65b7c39,17,black_high,black,1,0.38984650396280474,0.05050918512397309,0.7188181216480872,0.7188181216480872
5e92178e8ee4fe54b65b7c39,18,black_high,black,1,0.3620847460319353,0.0475956084154761,0.7206592842911419,0.7206592842911419
5e92178e8ee4fe54b65b7c39,19,white_high,black,0,1.3523497848538093,0.8227832140043075,0.7044811687894674,0.2955188312105326
5e92178e8ee4fe54b65b7c39,20,black_high,black,0,0.41276192458843153,0.07010706264387012,0.7185717450548377,0.7185717450548377
5e92178e8ee4fe54b65b7c39,21,black_high,black,0,0.722339116598059,-0.13854875441866604,0.678529803470732,0.678529803470732
5e92178e8ee4fe54b65b7c39,22,white_high,black,0,1.1880064969320545,1.304224745428263,0.7513728390607591,0.24862716093924087
5e92178e8ee4fe54b65b7c39,23,white_high,white,0,1.2136214776260934,1.289175438079698,0.74857189997623,0.25142810002377003
5e92178e8ee4fe54b65b7c39,24,white_high,black,0,-2.4912685654543028,1.2589175601413949,0.9198880072207821,0.08011199277921788
5e92178e8ee4fe54b65b7c39,25,black_high,black,0,-0.8297049960469886,0.029986811555003157,0.7988384531951319,0.7988384531951319
5e92178e8ee4fe54b65b7c39,26,white_high,white,0,-2.4912685654543028,0.15820561744696326,0.8845761698052189,0.11542383019478109
5e92178e8ee4fe54b65b7c39,27,white_high,white,0,4.35626309888428,-0.033509670629820965,0.366037335588965,0.633962664411035
5e92178e8ee4fe54b65b7c39,28,white_high,black,0,-4.446525062384185,0.09104453322875242,0.9387772188953212,0.061222781104678825
5e92178e8ee4fe54b65b7c39,29,black_high,black,0,-5.251717452003853,0.09595093283643837,0.953807102943102,0.953807102943102
5e92178e8ee4fe54b65b7c39,30,white_high,black,0,-7.334498004698392,1.2835656782671874,0.9856416580422086,0.014358341957791398
5e92178e8ee4fe54b65b7c39,31,white_high,white,0,-5.9051693547446265,1.3321807947218383,0.9763804873132513,0.023619512686748667
5e92178e8ee4fe54b65b7c39,32,black_high,black,0,-1.7392539866176249,-0.18579927482539293,0.8367022324010414,0.8367022324010414
5e92178e8ee4fe54b65b7c39,33,black_high,black,0,-1.6621734134945267,-0.3116060080815769,0.826262299035828,0.826262299035828
5e92178e8ee4fe54b65b7c39,34,black_high,black,0,-1.3564933195821103,-0.2715814875032616,0.8118049748759172,0.8118049748759172
5e92178e8ee4fe54b65b7c39,35,black_high,black,0,-1.6621734134945267,-0.23250929141863277,0.8303937580081773,0.8303937580081773
5e92178e8ee4fe54b65b7c39,36,black_high,black,1,-1.3984185975415246,-0.2842883033431578,0.8134392411788972,0.8134392411788972
5e92178e8ee4fe54b65b7c39,37,black_high,black,1,-1.3128976660240936,-0.2924324191797775,0.8081614838171904,0.8081614838171904
5e92178e8ee4fe54b65b7c39,38,white_high,white,1,17.999690810227843,0.9542860671763159,0.005496704688060565,0.9945032953119395
5e92178e8ee4fe54b65b7c39,39,black_high,black,1,-1.260753650893804,-0.27162605683749064,0.8063704668481856,0.8063704668481856
5e92178e8ee4fe54b65b7c39,40,black_high,black,1,-2.244831080113282,-0.22065378391404863,0.8589753082925841,0.8589753082925841
5e92178e8ee4fe54b65b7c39,41,black_high,black,1,-1.9173403719105246,-0.2758754338689693,0.8410714711394806,0.8410714711394806
5e92178e8ee4fe54b65b7c39,42,white_high,white,1,12.451164209420849,0.5310403834292371,0.03504642690135941,0.9649535730986406
5e92178e8ee4fe54b65b7c39,43,black_high,black,1,-3.2612498915619934,-0.24296051629549664,0.897704570725735,0.897704570725735
5e92178e8ee4fe54b65b7c39,44,black_high,black,0,-3.0165396830471947,-0.24172206122822917,0.8891946059280201,0.8891946059280201
5e92178e8ee4fe54b65b7c39,45,white_high,white,1,12.06910789768083,0.610128679501219,0.04124868953111797,0.9587513104688821
5e92178e8ee4fe54b65b7c39,46,white_high,white,1,9.160025309347795,0.28523716386130127,0.10004254465375781,0.8999574553462422
5e92178e8ee4fe54b65b7c39,47,white_high,white,1,7.857251523962098,0.7600238032058557,0.17598439691546514,0.8240156030845349
5ee7fbc114d0a60f9b076fb6,0,white_high,black,0,0.0,0.0,0.7564699352029673,0.24353006479703265
5ee7fbc114d0a60f9b076fb6,1,black_high,black,0,0.0,0.0,0.7564699352029673,0.7564699352029673
5ee7fbc114d0a60f9b076fb6,2,white_high,black,0,0.0,0.1194447765465066,0.7832047386611419,0.21679526133885807
5ee7fbc114d0a60f9b076fb6,3,white_high,black,0,0.0,0.09785466852901031,0.7785339984969402,0.22146600150305984
5ee7fbc114d0a60f9b076fb6,4,black_high,white,0,0.0,0.1136423482233235,0.781956496879808,0.781956496879808
5ee7fbc114d0a60f9b076fb6,5,black_high,black,0,0.0,0.0757586293355265,0.7736797079324423,0.7736797079324423
5ee7fbc114d0a60f9b076fb6,6,black_high,black,0,0.0,0.08720517952361159,0.7762037556667845,0.7762037556667845
5ee7fbc114d0a60f9b076fb6,7,black_high,black,1,0.0,0.11159829265911086,0.7815155387891175,0.7815155387891175
5ee7fbc114d0a60f9b076fb6,8,white_high,black,1,0.0,0.5069291524020114,0.854997953035752,0.145002046964248
5ee7fbc114d0a60f9b076fb6,9,black_high,black,0,0.0,0.2906472395735164,0.817708399026667,0.817708399026667
5ee7fbc114d0a60f9b076fb6,10,black_high,white,0,0.0,0.1590766597880545,0.7915920560381486,0.7915920560381486
5ee7fbc114d0a60f9b076fb6,11,black_high,black,0,0.0,0.1437331939036063,0.7883735698420758,0.7883735698420758
5ee7fbc114d0a60f9b076fb6,12,white_high,black,0,0.0,0.2933400226903858,0.8182153419989837,0.18178465800101629
5ee7fbc114d0a60f9b076fb6,13,black_high,black,0,0.0,0.10197757341378581,0.7794314674124138,0.7794314674124138
5ee7fbc114d0a60f9b076fb6,14,black_high,black,0,0.0,0.14949310380756067,0.7895860291849491,0.7895860291849491
5ee7fbc114d0a60f9b076fb6,15,white_high,black,0,0.0,0.3044297545005784,0.8202915360614449,0.1797084639385551
5ee7fbc114d0a60f9b076fb6,16,white_high,black,0,0.0,0.23754494092546158,0.8074863407638302,0.1925136592361698
5ee7fbc114d0a60f9b076fb6,17,white_high,white,0,0.0,0.5029601130455643,0.8543747054510905,0.1456252945489095
5ee7fbc114d0a60f9b076fb6,18,black_high,black,0,0.03185697958787838,0.13875330767425192,0.7804987606150638,0.7804987606150638
5ee7fbc114d0a60f9b076fb6,19,white_high,black,0,0.21954343347199062,0.2752246387822266,0.7692040237703164,0.23079597622968362
5ee7fbc114d0a60f9b076fb6,20,white_high,black,1,0.21282924383501997,0.2423214219211039,0.7632734019761549,0.2367265980238451
5ee7fbc114d0a60f9b076fb6,21,white_high,black,1,0.23228736177830955,0.43449713495007597,0.800445889300126,0.19955411069987405
5ee7fbc114d0a60f9b076fb6,22,white_high,black,1,0.22802890995843483,0.2609575470710381,0.7640575602256963,0.23594243977430374
5ee7fbc114d0a60f9b076fb6,23,black_high,white,0,0.050363531530211295,0.11752650427216715,0.7717711046987129,0.7717711046987129
5ee7fbc114d0a60f9b076fb6,24,white_high,black,0,0.21849786759964707,0.5744758609932142,0.8296993801672713,0.1703006198327287
5ee7fbc114d0a60f9b076fb6,25,white_high,black,1,0.22044334432740287,0.4719338067604053,0.8102123960225074,0.1897876039774926
5ee7fbc114d0a60f9b076fb6,26,black_high,black,1,0.03400101102855566,-0.5619755640708035,0.5938508375837487,0.5938508375837487
5ee7fbc114d0a60f9b076fb6,27,black_high,white,1,0.04783094507508391,-0.39557073581720237,0.6394121523914863,0.6394121523914863
5ee7fbc114d0a60f9b076fb6,28,white_high,black,0,0.20600688342720502,0.18804281439302134,0.7522614099193388,0.24773859008066124
5ee7fbc114d0a60f9b076fb6,29,white_high,black,1,0.22171290464877336,0.33570661523877054,0.7820322305710167,0.21796776942898333
5ee7fbc114d0a60f9b076fb6,30,black_high,black,0,-0.01649423552549639,0.916096280313985,0.9099094853946089,0.9099094853946089
5ee7fbc114d0a60f9b076fb6,31,white_high,white,1,0.19924248531594085,1.1235714097968752,0.9090495555019954,0.0909504444980046
5ee7fbc114d0a60f9b076fb6,32,white_high,black,0,0.8336165376958777,1.0657750653979163,0.8064254573763886,0.1935745426236114
5ee7fbc114d0a60f9b076fb6,33,black_high,black,0,0.07699217459163572,0.4109441144102838,0.8257282527088231,0.8257282527088231
5ee7fbc114d0a60f9b076fb6,34,white_high,white,1,0.8633495474126838,0.6935241926252202,0.7147783829226404,0.2852216170773596
5ee7fbc114d0a60f9b076fb6,35,black_high,black,1,0.10603249864825273,0.40387468632370976,0.8190604683990553,0.8190604683990553
5ee7fbc114d0a60f9b076fb6,36,black_high,black,1,0.07849216664212155,0.2968100949420079,0.8036791205325932,0.8036791205325932
5ee7fbc114d0a60f9b076fb6,37,white_high,black,0,0.6875869423199862,0.8206234493897462,0.7861083820732641,0.21389161792673594
5ee7fbc114d0a60f9b076fb6,38,black_high,black,1,0.038563240557999506,0.30198328577316436,0.8125208383559122,0.8125208383559122
5ee7fbc114d0a60f9b076fb6,39,white_high,white,1,0.6765426826783962,-0.33573301489432783,0.4634566952961118,0.5365433047038882
5ee7fbc114d0a60f9b076fb6,40,black_high,black,1,0.05687380784079156,0.1245318294559053,0.7718813337007222,0.7718813337007222
5ee7fbc114d0a60f9b076fb6,41,black_high,white,1,0.03898206996721745,0.5913271584181359,0.8619727137038765,0.8619727137038765
5ee7fbc114d0a60f9b076fb6,42,black_high,black,0,-0.0003343136025899581,0.5570527866347293,0.8627294114061392,0.8627294114061392
5ee7fbc114d0a60f9b076fb6,43,white_high,white,1,0.5837380461916006,0.9987253693217597,0.839983570896774,0.160016429103226
5ee7fbc114d0a60f9b076fb6,44,white_high,black,0,0.6608754789403664,0.7042454358577349,0.7664291114806723,0.23357088851932772
5ee7fbc114d0a60f9b076fb6,45,white_high,black,0,0.6194964604735655,0.7125057338578515,0.7774759228445972,0.2225240771554028
5ee7fbc114d0a60f9b076fb6,46,black_high,black,0,0.01277300056417833,0.21989643551991014,0.8014363772490262,0.8014363772490262
5ee7fbc114d0a60f9b076fb6,47,black_high,black,0,0.0022262546314038784,0.2901750805877286,0.817199294739921,0.817199294739921
602e48dbf732e9962e27fdbd,0,black_high,black,0,0.0,0.0,0.5969005783932194,0.5969005783932194
602e48dbf732e9962e27fdbd,1,black_high,black,1,0.0,0.29993054004943376,0.8148608842266415,0.8148608842266415
602e48dbf732e9962e27fdbd,2,black_high,black,1,0.0,1.0897555462507558,0.9872644507987018,0.9872644507987018
602e48dbf732e9962e27fdbd,3,white_high,black,0,0.0,0.13402791011776005,0.7066884170130149,0.2933115829869851
602e48dbf732e9962e27fdbd,4,black_high,black,0,0.0,0.4454236730162778,0.881878281490082,0.881878281490082
602e48dbf732e9962e27fdbd,5,white_high,white,0,0.0,0.03662887479846845,0.6284569455822794,0.3715430544177206
602e48dbf732e9962e27fdbd,6,black_high,black,0,0.19134856553457558,0.4522934315634166,0.7925416705974857,0.7925416705974857
602e48dbf732e9962e27fdbd,7,black_high,black,0,0.24377929392648645,0.5615761879023862,0.8244510970468252,0.8244510970468252
602e48dbf732e9962e27fdbd,8,white_high,black,0,0.031005604534680382,0.04566626635361243,0.609643658065221,0.39035634193477897
602e48dbf732e9962e27fdbd,9,black_high,black,1,0.20193677607698401,0.5264562132373641,0.8279569374039015,0.8279569374039015
602e48dbf732e9962e27fdbd,10,black_high,white,1,0.19835499248233304,0.5211393460182376,0.8270574270675665,0.8270574270675665
602e48dbf732e9962e27fdbd,11,white_high,white,1,-0.013871535353489917,0.02990823565213616,0.6345008569624908,0.3654991430375092
602e48dbf732e9962e27fdbd,12,white_high,white,0,0.013405789369680673,0.0382649877665234,0.6184219346233024,0.3815780653766976
602e48dbf732e9962e27fdbd,13,white_high,black,0,-0.015518959324953886,0.014928362494405111,0.623199653761428,0.37680034623857195
602e48dbf732e9962e27fdbd,14,white_high,white,0,-0.02751918197095639,0.01909139003588345,0.636881902619265,0.36311809738073497
602e48dbf732e9962e27fdbd,15,black_high,black,0,0.5837239444615623,0.5116798937719693,0.5326794913808887,0.5326794913808887
602e48dbf732e9962e27fdbd,16,black_high,black,0,0.6138705242911995,0.5222477594348137,0.5149443037839124,0.5149443037839124
602e48dbf732e9962e27fdbd,17,white_high,black,1,0.020801338337840182,0.024815002520463654,0.6004030793938919,0.3995969206061081
602e48dbf732e9962e27fdbd,18,black_high,black,1,0.5197891185910491,0.5785695942555156,0.6470408276123317,0.6470408276123317
602e48dbf732e9962e27fdbd,19,black_high,black,1,0.5238534877580996,1.0859520105703289,0.9193908736055725,0.9193908736055725
602e48dbf732e9962e27fdbd,20,white_high,black,0,0.027169635622170132,0.03758305962249382,0.6059664839033837,0.3940335160966163
602e48dbf732e9962e27fdbd,21,black_high,black,0,0.5531915990333022,0.7855684511994423,0.7749639767399069,0.7749639767399069
602e48dbf732e9962e27fdbd,22,white_high,black,0,0.017406002461106213,0.0568610763383136,0.6308505651606165,0.36914943483938345
602e48dbf732e9962e27fdbd,23,black_high,black,0,0.5161048965357937,0.7465233393709014,0.7737210967455705,0.7737210967455705
602e48dbf732e9962e27fdbd,24,black_high,black,0,0.5629688322092418,0.602098518465981,0.630575306733123,0.630575306733123
602e48dbf732e9962e27fdbd,25,white_high,white,0,0.01752267610940455,0.02215979133129128,0.6009462199927081,0.39905378000729186
602e48dbf732e9962e27fdbd,26,white_high,white,0,0.04385690244521425,-0.014219220687896852,0.5452845301892526,0.4547154698107474
602e48dbf732e9962e27fdbd,27,black_high,white,0,0.6366627072656539,0.6368651613447853,0.5970774888581935,0.5970774888581935
602e48dbf732e9962e27fdbd,28,white_high,black,0,0.01901124899973465,0.005984079554121216,0.5854659418177826,0.41453405818221745
602e48dbf732e9962e27fdbd,29,white_high,black,0,0.0141300834940515,-0.023239373353340018,0.5638598534856565,0.4361401465143435
602e48dbf732e9962e27fdbd,30,white_high,black,0,0.01564656698649596,0.026495714659905835,0.6063442855012541,0.3936557144987459
602e48dbf732e9962e27fdbd,31,black_high,white,0,0.6336931860517121,0.6335036410399507,0.5967349254067852,0.5967349254067852
602e48dbf732e9962e27fdbd,32,white_high,black,0,-0.005643052573274462,0.022777975676926417,0.6214699304939287,0.37853006950607127
602e48dbf732e9962e27fdbd,33,black_high,black,0,0.6868699897762314,0.6208796224529659,0.5381485789798299,0.5381485789798299
602e48dbf732e9962e27fdbd,34,white_high,black,0,0.0026529920466287545,0.025268613786897084,0.616497204421785,0.383502795578215
602e48dbf732e9962e27fdbd,35,white_high,white,0,-0.005643052573274462,0.03313565296453076,0.6302783028296944,0.36972169717030556
602e48dbf732e9962e27fdbd,36,white_high,black,0,0.018302214805099602,0.006436339221860796,0.5864892126529018,0.41351078734709823
602e48dbf732e9962e27fdbd,37,white_high,white,0,0.021355198567791472,-0.0026888582938005244,0.5757229096335207,0.4242770903664793
602e48dbf732e9962e27fdbd,38,black_high,white,0,0.6041877585038445,0.6322058422559284,0.6211255911487055,0.6211255911487055
602e48dbf732e9962e27fdbd,39,white_high,white,0,0.00829351249201919,0.005583326223268188,0.594529925199749,0.405470074800251
602e48dbf732e9962e27fdbd,40,black_high,black,0,0.6220826326649777,0.6368510251940993,0.6097367692743564,0.6097367692743564
602e48dbf732e9962e27fdbd,41,black_high,white,0,0.6578991146306334,0.6744217168637343,0.6112517960432668,0.6112517960432668
602e48dbf732e9962e27fdbd,42,black_high,black,0,0.5984856539792925,0.6722793342643558,0.6593917220399995,0.6593917220399995
602e48dbf732e9962e27fdbd,43,white_high,black,0,-0.01544641549992615,0.011850645813823384,0.6205091313134794,0.3794908686865206
602e48dbf732e9962e27fdbd,44,white_high,black,0,-0.011611587442130315,0.0029504881444714273,0.6095584433894963,0.3904415566105037
602e48dbf732e9962e27fdbd,45,black_high,white,1,0.6021144536790143,0.6445237134990491,0.6333457162206138,0.6333457162206138
602e48dbf732e9962e27fdbd,46,black_high,white,0,0.5987560699836141,0.6453258794976102,0.6368476636944042,0.6368476636944042
60a59d92b7363e85a2945dde,0,black_high,black,0,0.0,0.0,0.6124907781715049,0.6124907781715049
60a59d92b7363e85a2945dde,1,white_high,black,0,0.0,0.10995776948312178,0.6473814621133638,0.3526185378866362
60a59d92b7363e85a2945dde,2,white_high,black,0,0.0,0.039804588217469544,0.6252764326923307,0.3747235673076693
60a59d92b7363e85a2945dde,3,white_high,black,0,0.0,0.018351165337693348,0.6184058186936482,0.3815941813063518
60a59d92b7363e85a2945dde,4,black_high,white,1,0.0,0.6221276292964427,0.7866899742478676,0.7866899742478676
60a59d92b7363e85a2945dde,5,white_high,black,1,0.0,0.0011876842997094739,0.6128746248791149,0.3871253751208851
60a59d92b7363e85a2945dde,6,black_high,black,1,0.0,0.62278772281983,0.7868407955641796,0.7868407955641796
60a59d92b7363e85a2945dde,7,black_high,white,0,0.0,0.5400260773620195,0.7673255986560704,0.7673255986560704
60a59d92b7363e85a2945dde,8,black_high,black,0,0.0,0.5364103320693978,0.7664452561938356,0.7664452561938356
60a59d92b7363e85a2945dde,9,black_high,black,0,0.0,0.39064622862613446,0.7290536485342274,0.7290536485342274
60a59d92b7363e85a2945dde,10,white_high,white,0,0.0,0.01539900362769936,0.6174565787823254,0.3825434212176746
60a59d92b7363e85a2945dde,11,white_high,white,1,0.2268017162176308,0.017720624094966615,0.5431525604645294,0.4568474395354706
60a59d92b7363e85a2945dde,12,black_high,black,1,0.23743329549377845,0.6657338684956754,0.7390639338329849,0.7390639338329849
60a59d92b7363e85a2945dde,13,black_high,white,1,0.30729007577736667,0.29338418594508664,0.6079862644080857,0.6079862644080857
60a59d92b7363e85a2945dde,14,black_high,black,1,0.2143523737022949,0.3479158018378157,0.6546852087559815,0.6546852087559815
60a59d92b7363e85a2945dde,15,black_high,white,0,0.19152072344044263,1.1172333455245356,0.8479418019271948,0.8479418019271948
60a59d92b7363e85a2945dde,16,black_high,black,0,0.1407941137483724,1.2165149439048857,0.8724558122824926,0.8724558122824926
60a59d92b7363e85a2945dde,17,white_high,white,0,0.06648349725948058,-0.10605670683297269,0.5554724085463395,0.4445275914536605
60a59d92b7363e85a2945dde,18,white_high,white,0,-0.14631501985960063,-0.09082746645404696,0.6302674441922074,0.36973255580779263
60a59d92b7363e85a2945dde,19,white_high,black,1,-0.008991482228651551,-0.10366671102430039,0.5814803516209159,0.41851964837908406
60a59d92b7363e85a2945dde,20,black_high,black,1,0.3754720292963181,0.9936988204462484,0.7857971045521039,0.7857971045521039
60a59d92b7363e85a2945dde,21,white_high,black,1,-0.0726608871474071,-0.29646453122512273,0.5381729907575904,0.4618270092424096
60a59d92b7363e85a2945dde,22,black_high,black,0,0.3584886443056136,1.3042110273988774,0.8514223438981816,0.8514223438981816
60a59d92b7363e85a2945dde,23,black_high,black,0,0.5730727107998121,1.0114108674773576,0.7416916343442246,0.7416916343442246
60a59d92b7363e85a2945dde,24,white_high,white,0,0.024657307079720858,0.06605140523595264,0.6257835199541905,0.37421648004580954
60a59d92b7363e85a2945dde,25,white_high,black,0,-0.1076795130388149,0.20043335240237373,0.706287699569372,0.293712300430628
60a59d92b7363e85a2945dde,26,white_high,black,1,-0.1259901384552386,-0.1955710020494197,0.589773731588753,0.410226268411247
60a59d92b7363e85a2945dde,27,white_high,black,1,-0.0696887744589806,0.012075575785832515,0.6385673515797098,0.3614326484202902
60a59d92b7363e85a2945dde,28,black_high,white,1,0.3881195818874775,0.9454563013335412,0.7715082077498382,0.7715082077498382
60a59d92b7363e85a2945dde,29,black_high,black,0,0.47869890744406784,1.027615603688488,0.7694803929955333,0.7694803929955333
60a59d92b7363e85a2945dde,30,black_high,white,0,0.469075633364039,0.7608593021410862,0.7016532098814943,0.7016532098814943
60a59d92b7363e85a2945dde,31,black_high,black,0,0.3777298185864718,0.7360106989351782,0.720259100591576,0.720259100591576
60a59d92b7363e85a2945dde,32,white_high,black,0,0.0016153879707628271,-0.24141112648765625,0.5316599590271552,0.46834004097284476
60a59d92b7363e85a2945dde,33,white_high,white,0,0.007396845954663611,-0.06376294476756558,0.5892533655106262,0.41074663448937376
60a59d92b7363e85a2945dde,34,white_high,black,0,-0.20908539469648124,-0.06005617146117318,0.6594314036421082,0.34056859635789183
60a59d92b7363e85a2945dde,35,black_high,black,0,0.3428214395729311,0.9070197985986611,0.7731514050041935,0.7731514050041935
60a59d92b7363e85a2945dde,36,black_high,black,0,0.3579574648468712,0.9815537269638933,0.7870254285156277,0.7870254285156277
60a59d92b7363e85a2945dde,37,black_high,black,0,0.4231435403941872,0.9924873094177304,0.774378117137466,0.774378117137466
60a59d92b7363e85a2945dde,38,white_high,black,0,-0.20908539469648124,-0.04138784272145807,0.6651180185059399,0.3348819814940601
60a59d92b7363e85a2945dde,39,white_high,white,1,-0.1744459895470354,-0.02814126466762614,0.6585975850163439,0.3414024149836561
60a59d92b7363e85a2945dde,40,black_high,black,0,0.38170919232246003,0.8289271922421323,0.7440018292591116,0.7440018292591116
60a59d92b7363e85a2945dde,41,white_high,black,0,-0.1660623475406773,-0.015858075397560956,0.6597907171971235,0.34020928280287654
60fcd2ade28cc412d542108c,0,white_high,black,0,0.0,0.0,0.45044368949143854,0.5495563105085615
60fcd2ade28cc412d542108c,1,black_high,black,0,0.0,0.0,0.45044368949143854,0.45044368949143854
60fcd2ade28cc412d542108c,2,white_high,black,0,0.0,2.9650483510061956,0.5727314378684477,0.4272685621315523
60fcd2ade28cc412d542108c,3,white_high,black,0,0.0,2.6033648241312437,0.5579886820064275,0.4420113179935725
60fcd2ade28cc412d542108c,4,black_high,white,0,0.0,1.544986016689332,0.5143523067014222,0.5143523067014222
60fcd2ade28cc412d542108c,5,black_high,black,0,0.0,1.6730810249475851,0.5196586444062508,0.5196586444062508
60fcd2ade28cc412d542108c,6,black_high,white,0,0.0,0.7938069845190536,0.48320863327019137,0.48320863327019137
60fcd2ade28cc412d542108c,7,black_high,white,0,0.0,0.5691819651264894,0.4739100750405524,0.4739100750405524
60fcd2ade28cc412d542108c,8,white_high,black,0,0.0,-3.7071591465531,0.30706603981712594,0.6929339601828741
60fcd2ade28cc412d542108c,9,white_high,black,1,0.0,-4.0043632314085515,0.2966761960302315,0.7033238039697685
60fcd2ade28cc412d542108c,10,black_high,white,1,0.0,-1.4848193815670003,0.39050259213761046,0.39050259213761046
60fcd2ade28cc412d542108c,11,white_high,black,1,0.0,-4.493700985610185,0.2800216828145368,0.7199783171854632
60fcd2ade28cc412d542108c,12,black_high,black,0,0.0,-1.4177018072762175,0.3931558947328311,0.3931558947328311
60fcd2ade28cc412d542108c,13,black_high,white,0,0.0,1.791894375162054,0.5245765535962946,0.5245765535962946
60fcd2ade28cc412d542108c,14,white_high,black,0,0.0,6.880020189026007,0.7195988434841682,0.28040115651583175
60fcd2ade28cc412d542108c,15,white_high,black,1,0.0,6.8265101489726,0.7178041944346598,0.2821958055653402
60fcd2ade28cc412d542108c,16,white_high,black,1,0.0,4.945206496763945,0.6505595222729424,0.34944047772705755
60fcd2ade28cc412d542108c,17,black_high,white,1,0.0,-1.426172768904512,0.39282066788036457,0.39282066788036457
60fcd2ade28cc412d542108c,18,white_high,white,1,0.0,5.566114800337221,0.6735981051836711,0.32640189481632886
60fcd2ade28cc412d542108c,19,white_high,black,0,0.15517968327723208,6.951993475898812,0.7168052196881953,0.2831947803118047
60fcd2ade28cc412d542108c,20,black_high,white,0,0.01885872780012844,3.973348743843834,0.6123369358467954,0.6123369358467954
60fcd2ade28cc412d542108c,21,white_high,black,0,0.1480623188632525,9.585413521972246,0.796849260733291,0.203150739266709
60fcd2ade28cc412d542108c,22,black_high,white,0,-0.035680259477104855,-7.780235995522385,0.18487677073057832,0.18487677073057832
60fcd2ade28cc412d542108c,23,black_high,white,0,0.07670052508747024,-8.005318220467382,0.17658867110180304,0.17658867110180304
60fcd2ade28cc412d542108c,24,white_high,white,0,0.13674997570071262,5.2263219500952225,0.6559841406011794,0.3440158593988206
60fcd2ade28cc412d542108c,25,white_high,white,0,2.461540513492336,3.6000466683122836,0.4974981773567669,0.5025018226432332
60fcd2ade28cc412d542108c,26,black_high,white,0,-0.46056365814779826,-8.041702140267379,0.1889971028293619,0.1889971028293619
60fcd2ade28cc412d542108c,27,white_high,black,0,-2.542261558042312,7.365870859618263,0.8091994556001746,0.1908005443998254
60fcd2ade28cc412d542108c,28,black_high,black,1,0.934083915116057,16.989128893282125,0.9216189598548721,0.9216189598548721
60fcd2ade28cc412d542108c,29,black_high,black,1,0.9573692632170687,14.475151199904529,0.8853028176677925,0.8853028176677925
60fcd2ade28cc412d542108c,30,black_high,white,1,0.9800351770976033,14.185833159238552,0.8799416979537595,0.8799416979537595
60fcd2ade28cc412d542108c,31,white_high,white,0,-2.4172112396140726,3.534001408625393,0.6874854119087023,0.31251458809129773
60fcd2ade28cc412d542108c,32,black_high,black,0,2.2752315741920515,14.911650324679105,0.8695994517199911,0.8695994517199911
60fcd2ade28cc412d542108c,33,white_high,white,0,4.925142396433444,-15.245523830822087,0.028056944290787405,0.9719430557092126
60fcd2ade28cc412d542108c,34,white_high,white,0,-9.056592642229422,-15.273127077842755,0.22615325381510096,0.773846746184899
60fcd2ade28cc412d542108c,35,black_high,black,0,3.794193169211973,11.994220873741309,0.7615966889236276,0.7615966889236276
60fcd2ade28cc412d542108c,36,black_high,black,0,3.3319501524680666,26.98929963656799,0.9764712648141496,0.9764712648141496
60fcd2ade28cc412d542108c,37,black_high,black,0,3.51571260442128,17.314096872452716,0.8899454879574313,0.8899454879574313
60fcd2ade28cc412d542108c,38,white_high,black,0,21.106079631707072,37.62988688002357,0.9270554910270369,0.07294450897296312
60fcd2ade28cc412d542108c,39,black_high,black,0,3.414832700569969,31.320751617225426,0.9882319944231022,0.9882319944231022
60fcd2ade28cc412d542108c,40,black_high,white,0,3.757294464768627,-70.63916006592228,3.577767074455917e-06,3.577767074455917e-06
60fcd2ade28cc412d542108c,41,white_high,white,0,16.662977300450756,-323.55611226339124,2.523396630602123e-25,1.0
612376826a580ca0368bb19f,0,black_high,white,0,0.0,0.0,0.4039513338612872,0.4039513338612872
612376826a580ca0368bb19f,1,black_high,white,0,0.0,0.0,0.4039513338612872,0.4039513338612872
612376826a580ca0368bb19f,2,white_high,black,0,0.0,0.0,0.4039513338612872,0.5960486661387128
612376826a580ca0368bb19f,3,white_high,black,0,0.0,0.0,0.4039513338612872,0.5960486661387128
612376826a580ca0368bb19f,4,white_high,black,0,0.0,0.0,0.4039513338612872,0.5960486661387128
612376826a580ca0368bb19f,5,white_high,black,0,0.0,0.0,0.4039513338612872,0.5960486661387128
612376826a580ca0368bb19f,6,white_high,black,1,0.0,0.0,0.4039513338612872,0.5960486661387128
612376826a580ca0368bb19f,7,white_high,white,0,0.0,0.0,0.4039513338612872,0.5960486661387128
612376826a580ca0368bb19f,8,white_high,black,0,0.004768380215628689,0.0,0.40270843117516086,0.5972915688248391
612376826a580ca0368bb19f,9,black_high,white,0,0.016635510617891057,0.0,0.39962065421656473,0.39962065421656473
612376826a580ca0368bb19f,10,white_high,white,0,0.006961516798297875,0.0,0.40213719716761087,0.5978628028323891
612376826a580ca0368bb19f,11,white_high,white,0,0.050876414939712435,0.0,0.39075670258604983,0.6092432974139501
612376826a580ca0368bb19f,12,white_high,white,0,0.09818439821770397,0.0,0.3786288262490393,0.6213711737509606
612376826a580ca0368bb19f,13,white_high,white,1,0.17084007211111962,0.0,0.36029910418633115,0.6397008958136688
612376826a580ca0368bb19f,14,white_high,white,1,0.24749318993593478,0.0,0.34139364957281737,0.6586063504271826
612376826a580ca0368bb19f,15,black_high,white,1,0.062343148095623475,0.0,0.38780403661689217,0.38780403661689217
612376826a580ca0368bb19f,16,white_high,white,0,-0.14727185897439876,0.0,0.4428714254404022,0.5571285745595977
612376826a580ca0368bb19f,17,white_high,white,0,-0.017581449148714345,0.0,0.40854457427808466,0.5914554257219153
612376826a580ca0368bb19f,18,white_high,white,0,0.030606938866476318,0.0,0.3959955638457221,0.6040044361542779
612376826a580ca0368bb19f,19,white_high,white,0,0.006855078569967747,0.0,0.402164914418091,0.597835085581909
612376826a580ca0368bb19f,20,black_high,white,0,-0.2649590072197502,0.0,0.474509956048941,0.474509956048941
612376826a580ca0368bb19f,21,black_high,white,0,-0.005649677900621604,0.0,0.4054255469322489,0.4054255469322489
612376826a580ca0368bb19f,22,black_high,white,0,0.03385382682296197,0.0,0.395154729743956,0.395154729743956
612376826a580ca0368bb19f,23,white_high,black,0,0.26352984499028176,0.0,0.33749906367147137,0.6625009363285286
612376826a580ca0368bb19f,24,white_high,white,0,0.20751415130125606,0.0,0.35119554789771523,0.6488044521022848
612376826a580ca0368bb19f,25,black_high,black,0,-0.0016764367530740093,0.0,0.40438859954850825,0.40438859954850825
612376826a580ca0368bb19f,26,white_high,black,0,0.1405161508101553,0.11373061327148896,0.39698596537265285,0.6030140346273472
612376826a580ca0368bb19f,27,black_high,white,0,0.052139841634764636,0.007999673068927694,0.39249502909184336,0.39249502909184336
612376826a580ca0368bb19f,28,black_high,white,0,0.031640682925254265,0.008119871311321206,0.39783276158094333,0.39783276158094333
612376826a580ca0368bb19f,29,black_high,black,0,0.11547802429583172,0.013023946300430566,0.3775414309689548,0.3775414309689548
612376826a580ca0368bb19f,30,black_high,white,1,0.06536987757964677,0.05875121430726031,0.40222648083241863,0.40222648083241863
612376826a580ca0368bb19f,31,white_high,black,0,0.5304340437873359,0.23911794554303334,0.33080315521499726,0.6691968447850027
612376826a580ca0368bb19f,32,black_high,white,0,0.5757738287289077,0.04652527066459253,0.2764256648720894,0.2764256648720894
612376826a580ca0368bb19f,33,black_high,black,0,0.506746930105781,0.0406213710162322,0.2903072454053389,0.2903072454053389
612376826a580ca0368bb19f,34,black_high,black,0,0.4547223711262942,0.05319322919865614,0.3049306183347059,0.3049306183347059
612376826a580ca0368bb19f,35,black_high,black,0,0.4168255222624141,0.03918984810921372,0.31044318460255593,0.31044318460255593
612376826a580ca0368bb19f,36,white_high,black,1,0.3903050510323102,0.3354142833076668,0.38972209027328614,0.6102779097267139
612376826a580ca0368bb19f,37,white_high,white,1,0.42250247670742813,0.17642232470576097,0.34173785075127716,0.6582621492487228
612376826a580ca0368bb19f,38,white_high,white,1,0.42548790754955385,0.2432596657418483,0.357461102229657,0.642538897770343
612376826a580ca0368bb19f,39,black_high,white,1,0.5928845513212901,-0.793368130441102,0.1311886662737235,0.1311886662737235
612376826a580ca0368bb19f,40,black_high,black,0,-8.89142309562505,-0.8509757462344147,0.9997563773188124,0.9997563773188124
612376826a580ca0368bb19f,41,black_high,black,0,-13.267562234452399,-0.7753299861414218,0.9999980377382593,0.9999980377382593
612376826a580ca0368bb19f,42,black_high,black,0,-9.66064546003819,-0.8167525551678988,0.9998979417440029,0.9998979417440029
612376826a580ca0368bb19f,43,black_high,black,1,-7.662380153517702,-0.7924888801415582,0.9991349064358752,0.9991349064358752
612376826a580ca0368bb19f,44,black_high,black,0,-12.787687576256115,-0.12428127897387461,0.9999983698075438,0.9999983698075438
612376826a580ca0368bb19f,45,black_high,black,1,-8.89142309562505,-0.06011289719442037,0.9998965414738221,0.9998965414738221
612376826a580ca0368bb19f,46,black_high,white,1,-10.336706420630456,-12.813309006151506,0.044300126551040944,0.044300126551040944
615ab5adc70f6edcacba5860,0,black_high,black,0,0.0,0.0,0.30190790575051923,0.30190790575051923
615ab5adc70f6edcacba5860,1,black_high,white,0,0.0,0.45129234383992745,0.3250706771955763,0.3250706771955763
615ab5adc70f6edcacba5860,2,black_high,white,0,0.0,0.7481230517264044,0.34079550121896296,0.34079550121896296
615ab5adc70f6edcacba5860,3,white_high,black,0,0.0,0.25874137376994116,0.3150743296700296,0.6849256703299704
615ab5adc70f6edcacba5860,4,black_high,black,1,0.0,0.7800760805055893,0.34251009994550974,0.34251009994550974
615ab5adc70f6edcacba5860,5,black_high,white,0,0.0,-3.9976618699473594,0.14283491911354107,0.14283491911354107
615ab5adc70f6edcacba5860,6,white_high,white,0,0.0,-0.8855699612313763,0.25932166947587126,0.7406783305241287
615ab5adc70f6edcacba5860,7,black_high,white,0,0.3605011805541792,-4.063825849775761,0.13081983119163024,0.13081983119163024
615ab5adc70f6edcacba5860,8,white_high,white,0,-0.0063190785676796295,-0.9161425648635323,0.2582118587788916,0.7417881412211085
615ab5adc70f6edcacba5860,9,white_high,black,0,-0.006304481361743971,-0.8439785788445029,0.26152241022152506,0.738477589778475
615ab5adc70f6edcacba5860,10,white_high,white,0,-0.008661142166855025,-0.7770117177682133,0.26472900689411655,0.7352709931058834
615ab5adc70f6edcacba5860,11,white_high,white,0,0.004499007448521216,-0.7144663967363473,0.26702863258956483,0.7329713674104352
615ab5adc70f6edcacba5860,12,black_high,black,0,0.05872017266113002,-3.880002204682383,0.14456511712787493,0.14456511712787493
615ab5adc70f6edcacba5860,13,black_high,white,0,0.07249924699447105,-0.10187893201618481,0.2932130151161005,0.2932130151161005
615ab5adc70f6edcacba5860,14,white_high,white,0,-0.0024652195868347954,1.91191403805667,0.40576023542720235,0.5942397645727977
615ab5adc70f6edcacba5860,15,black_high,white,0,0.5179450489098452,0.7219165744654152,0.31226142578501104,0.31226142578501104
615ab5adc70f6edcacba5860,16,white_high,white,0,-0.0076861063968825805,1.600598620133692,0.38828078228640145,0.6117192177135986
615ab5adc70f6edcacba5860,17,black_high,black,0,-0.022417489531222683,-0.5934041855134737,0.2739948403618557,0.2739948403618557
615ab5adc70f6edcacba5860,18,white_high,white,0,-0.06420861697501436,0.13712550028392742,0.31212631844281,0.68787368155719
615ab5adc70f6edcacba5860,19,white_high,white,0,0.0010431399598458749,-0.10742823093190698,0.2964820428871836,0.7035179571128164
615ab5adc70f6edcacba5860,20,white_high,white,0,-0.03104128380865183,-0.1487706371394133,0.2960215682028975,0.7039784317971025
615ab5adc70f6edcacba5860,21,black_high,white,1,0.32922484140122343,-2.6273974581565627,0.17601504045406477,0.17601504045406477
615ab5adc70f6edcacba5860,22,black_high,white,0,0.3524405375908644,-2.6659354084029254,0.17388853238104415,0.17388853238104415
615ab5adc70f6edcacba5860,23,black_high,black,0,0.317266598881192,-2.5754567603358067,0.17823689533456047,0.17823689533456047
615ab5adc70f6edcacba5860,24,white_high,white,0,0.004475920094091215,1.4124585573616824,0.3769932205547796,0.6230067794452204
615ab5adc70f6edcacba5860,25,black_high,white,0,0.3319496287636442,-1.9218219961013387,0.20166739287318539,0.20166739287318539
615ab5adc70f6edcacba5860,26,white_high,white,0,-0.047944204383021105,1.5709669188339372,0.38888308941507443,0.6111169105849256
615ab5adc70f6edcacba5860,27,black_high,white,0,0.7932378682825191,-1.9218219961013387,0.1845298022833149,0.1845298022833149
615ab5adc70f6edcacba5860,28,white_high,black,1,0.04691262892679877,1.571034960548321,0.3835226158732655,0.6164773841267345
615ab5adc70f6edcacba5860,29,white_high,white,0,0.10103304195523055,-4.29226457292369,0.13166385496232533,0.8683361450376746
615ab5adc70f6edcacba5860,30,white_high,white,1,0.08653349348957404,-4.741988079889201,0.12024024849283524,0.8797597515071648
615ab5adc70f6edcacba5860,31,black_high,white,0,-2.2029402959622804,-6.5229115824306865,0.13367675311414254,0.13367675311414254
615ab5adc70f6edcacba5860,32,white_high,white,1,0.010478388989151488,-3.794989673053084,0.14854106884163706,0.8514589311583629
615ab5adc70f6edcacba5860,33,white_high,white,0,4.857061144300309,-6.416205533386227,0.028535289386513733,0.9714647106134863
615ab5adc70f6edcacba5860,34,black_high,white,0,-1.1083991861519333,-5.390015193202046,0.13473998337749502,0.13473998337749502
615ab5adc70f6edcacba5860,35,white_high,white,0,-0.031143027366410524,-3.9858115981668267,0.14409529733679197,0.8559047026632081
615ab5adc70f6edcacba5860,36,black_high,black,0,-0.5859733313388097,-6.438368073530629,0.09670187549649355,0.09670187549649355
615ab5adc70f6edcacba5860,37,white_high,white,0,-0.031223548698143422,-7.053163589005491,0.07492166773486093,0.925078332265139
615ab5adc70f6edcacba5860,38,black_high,white,1,0.06874429899214285,-5.625331288054118,0.10005171890767407,0.10005171890767407
615ab5adc70f6edcacba5860,39,black_high,white,1,0.26786755137561324,-5.722195903551177,0.09387074971598931,0.09387074971598931
615ab5adc70f6edcacba5860,40,white_high,white,1,14.132897149751951,-3.6019646061348616,0.006248227643729221,0.9937517723562708
6162fc52fa68079d28dc5be9,0,white_high,black,0,0.0,0.0,0.5628931435806162,0.43710685641938385
6162fc52fa68079d28dc5be9,1,white_high,white,0,0.0,0.0,0.5628931435806162,0.43710685641938385
6162fc52fa68079d28dc5be9,2,black_high,white,0,0.14154982452557813,0.0,0.543169500867928,0.543169500867928
6162fc52fa68079d28dc5be9,3,white_high,white,0,0.8994297954960757,0.0,0.43679753043011765,0.5632024695698823
6162fc52fa68079d28dc5be9,4,white_high,black,0,0.258372406269654,0.0,0.5267859903467511,0.4732140096532489
6162fc52fa68079d28dc5be9,5,black_high,black,0,-0.008843332524857939,0.0,0.5641194613117538,0.5641194613117538
6162fc52fa68079d28dc5be9,6,black_high,white,0,-0.04677590941545777,0.2368665656360155,0.6017649227480325,0.6017649227480325
6162fc52fa68079d28dc5be9,7,white_high,black,0,0.08587895315912561,0.3394509548418796,0.5976952764440465,0.4023047235559535
6162fc52fa68079d28dc5be9,8,black_high,black,0,-0.03461500140876676,0.0963658136477189,0.5809700076406416,0.5809700076406416
6162fc52fa68079d28dc5be9,9,black_high,white,0,-0.0592053402402129,-0.07867326485484658,0.560190807887998,0.560190807887998
6162fc52fa68079d28dc5be9,10,black_high,black,0,0.05712430516900011,-0.07119412363224928,0.5450198974294254,0.5450198974294254
6162fc52fa68079d28dc5be9,11,black_high,white,0,0.03864392484293041,0.29070951098203185,0.5974910432704719,0.5974910432704719
6162fc52fa68079d28dc5be9,12,black_high,black,1,0.004367446814636949,0.33704893491206417,0.6083714140466906,0.6083714140466906
6162fc52fa68079d28dc5be9,13,white_high,white,1,0.2668012964710329,-0.15698324780538692,0.5034975420325016,0.49650245796749837
6162fc52fa68079d28dc5be9,14,black_high,white,1,0.3732655174152576,0.08884798978555346,0.5231242143636557,0.5231242143636557
6162fc52fa68079d28dc5be9,15,black_high,black,1,-0.018604765186738054,0.0815233947859944,0.5767296447354283,0.5767296447354283
6162fc52fa68079d28dc5be9,16,white_high,black,1,1.8249471262580625,0.5313317471159724,0.3831016716274799,0.6168983283725201
6162fc52fa68079d28dc5be9,17,black_high,white,1,-0.21812158279650187,0.07487555839004656,0.6030281200007553,0.6030281200007553
6162fc52fa68079d28dc5be9,18,white_high,white,0,1.5843325646444801,0.28494952989437994,0.382333475595725,0.6176665244042749
6162fc52fa68079d28dc5be9,19,white_high,black,0,0.050039701180095666,0.2696769907605337,0.593086465671983,0.406913534328017
6162fc52fa68079d28dc5be9,20,white_high,white,0,0.010881576190522615,1.3015980373086993,0.7272260043122989,0.2727739956877011
6162fc52fa68079d28dc5be9,21,black_high,black,0,0.8589536799094604,1.2137937497154838,0.6113437813006862,0.6113437813006862
6162fc52fa68079d28dc5be9,22,white_high,white,0,0.5443566476022184,-0.24278804340514482,0.45242803196172604,0.547571968038274
6162fc52fa68079d28dc5be9,23,white_high,black,0,0.7488042574362053,-0.23685581785584073,0.4248769492592653,0.5751230507407348
6162fc52fa68079d28dc5be9,24,black_high,white,1,0.8320693703263596,0.30046607311146445,0.48830318903016595,0.48830318903016595
6162fc52fa68079d28dc5be9,25,white_high,white,0,-0.6944144202505089,-0.35306487376139417,0.6095351239765189,0.3904648760234811
6162fc52fa68079d28dc5be9,26,black_high,black,0,-3.7619991247487583,0.3040786567281152,0.9272564570679758,0.9272564570679758
6162fc52fa68079d28dc5be9,27,black_high,black,0,-4.192768870159841,0.529408775594328,0.9485920866893944,0.9485920866893944
6162fc52fa68079d28dc5be9,28,white_high,black,1,-0.0013212250839308437,-0.5194574194524201,0.4902004342384788,0.5097995657615212
6162fc52fa68079d28dc5be9,29,black_high,black,0,-3.678758888733257,1.0015398456957403,0.9474284447578757,0.9474284447578757
6162fc52fa68079d28dc5be9,30,white_high,white,0,0.41430786946434134,0.7141999789527097,0.603958297157611,0.39604170284238904
6162fc52fa68079d28dc5be9,31,white_high,black,0,0.6831350422706544,0.7238629139127519,0.5685343247599779,0.4314656752400221
6162fc52fa68079d28dc5be9,32,white_high,black,1,0.41741367954509423,-0.46239012280248254,0.439521399848733,0.5604786001512669
6162fc52fa68079d28dc5be9,33,white_high,black,1,0.38748914356400066,-0.3000284476552917,0.46637649213011484,0.5336235078698852
6162fc52fa68079d28dc5be9,34,white_high,white,1,0.4768826590711357,-1.087834882011705,0.34768150345335475,0.6523184965466453
6162fc52fa68079d28dc5be9,35,white_high,black,0,-0.7289747620398881,-0.7797746840987816,0.5558341887677938,0.4441658112322062
6162fc52fa68079d28dc5be9,36,black_high,black,0,-2.836256034542326,1.3022365447014659,0.929962674634558,0.929962674634558
6162fc52fa68079d28dc5be9,37,black_high,black,0,-3.4208534893179374,0.49059008533991955,0.9211525138929917,0.9211525138929917
6162fc52fa68079d28dc5be9,38,white_high,white,0,-0.5285550497172122,-0.2898893634988243,0.5956728629720389,0.4043271370279611
6162fc52fa68079d28dc5be9,39,white_high,black,0,-0.6563231042364704,-0.4291313215244178,0.5941139216147273,0.4058860783852727
6162fc52fa68079d28dc5be9,40,white_high,white,1,-1.8813618128269702,-0.9427326490580029,0.6861311423103121,0.31386885768968786
6162fc52fa68079d28dc5be9,41,black_high,black,1,-2.0065328655122903,0.024921997417773206,0.8018993766976126,0.8018993766976126
6162fc52fa68079d28dc5be9,42,white_high,black,0,0.7409954150281701,-1.7339884352988428,0.2418731951510979,0.758126804848902
6162fc52fa68079d28dc5be9,43,black_high,black,0,-2.8216095213285852,-0.04173122463528878,0.8605847296641606,0.8605847296641606
6162fc52fa68079d28dc5be9,44,black_high,black,0,-2.2865269262057244,0.24897414134170093,0.8432193949748216,0.8432193949748216
63039f41fa5c21d483996be2,0,white_high,black,0,0.0,0.0,0.7026443343682602,0.29735566563173976
63039f41fa5c21d483996be2,1,white_high,black,0,0.0,0.0,0.7026443343682602,0.29735566563173976
63039f41fa5c21d483996be2,2,white_high,black,0,0.0,0.0,0.7026443343682602,0.29735566563173976
63039f41fa5c21d483996be2,3,black_high,white,0,0.0,0.0,0.7026443343682602,0.7026443343682602
63039f41fa5c21d483996be2,4,black_high,white,0,0.0,0.0,0.7026443343682602,0.7026443343682602
63039f41fa5c21d483996be2,5,white_high,black,0,0.0,0.0,0.7026443343682602,0.29735566563173976
63039f41fa5c21d483996be2,6,white_high,black,0,0.0,0.0,0.7026443343682602,0.29735566563173976
63039f41fa5c21d483996be2,7,black_high,black,0,0.0,0.0,0.7026443343682602,0.7026443343682602
63039f41fa5c21d483996be2,8,white_high,white,0,0.0,0.03044163723151091,0.7132719462148452,0.28672805378515476
63039f41fa5c21d483996be2,9,black_high,black,0,0.5786227265817316,0.044775708460035146,0.4896057239701655,0.4896057239701655
63039f41fa5c21d483996be2,10,black_high,black,0,0.43198583977046545,0.30785486545697943,0.6570786244010154,0.6570786244010154
63039f41fa5c21d483996be2,11,black_high,black,0,0.45610261630929716,0.38819049165323943,0.678140417043225,0.678140417043225
63039f41fa5c21d483996be2,12,white_high,black,0,0.05638808976005112,0.14600104617262397,0.7332648756259967,0.26673512437400326
63039f41fa5c21d483996be2,13,white_high,black,0,0.05849551442448304,0.09446141627210047,0.7151760243641867,0.2848239756358133
63039f41fa5c21d483996be2,14,white_high,white,0,0.06659508648246143,0.08745080487498114,0.7099499218276917,0.2900500781723083
63039f41fa5c21d483996be2,15,black_high,white,0,0.6296781864023442,0.2522312514899726,0.555403809341573,0.555403809341573
63039f41fa5c21d483996be2,16,black_high,white,0,0.4143817891854099,0.3298977675407211,0.6720020676957539,0.6720020676957539
63039f41fa5c21d483996be2,17,black_high,black,0,0.4356877779074572,0.24006051349012364,0.6293821239612688,0.6293821239612688
63039f41fa5c21d483996be2,18,white_high,black,0,0.012272830123399622,0.1880109306568305,0.760730751142007,0.23926924885799306
63039f41fa5c21d483996be2,19,black_high,black,0,0.45306179997733176,0.6061401032452364,0.7536963621813787,0.7536963621813787
63039f41fa5c21d483996be2,20,white_high,black,0,0.04106899237077613,0.19458385766103484,0.7538331927936895,0.24616680720631046
63039f41fa5c21d483996be2,21,white_high,black,1,0.0009066674945686637,0.13054790010023165,0.7462756201465156,0.2537243798534844
63039f41fa5c21d483996be2,22,black_high,white,1,0.562545215496435,0.6996446266429976,0.7486529794988901,0.7486529794988901
63039f41fa5c21d483996be2,23,white_high,black,1,0.06132530707168489,0.07333296635808068,0.7068634917116611,0.2931365082883389
63039f41fa5c21d483996be2,24,black_high,white,0,0.4612580638602729,0.9413153475602323,0.841654787087864,0.841654787087864
63039f41fa5c21d483996be2,25,black_high,black,0,0.6047752426479209,0.7602409578692715,0.7544440173856735,0.7544440173856735
63039f41fa5c21d483996be2,26,black_high,white,0,0.5551569528841758,0.30497250538157905,0.6076480480362957,0.6076480480362957
63039f41fa5c21d483996be2,27,white_high,black,0,-0.000369980059657409,0.016046121643237675,0.7084036722948099,0.29159632770519006
63039f41fa5c21d483996be2,28,white_high,black,0,0.001268631790043738,-0.12102060710384915,0.6577790757585864,0.3422209242414136
63039f41fa5c21d483996be2,29,black_high,white,0,0.5919357231294496,0.3344581203142096,0.604707925955396,0.604707925955396
63039f41fa5c21d483996be2,30,black_high,white,0,0.44887272254940636,0.34060848504560765,0.6630903747765164,0.6630903747765164
63039f41fa5c21d483996be2,31,white_high,black,1,-0.008561848515816414,-0.08753919669899478,0.674048442322619,0.32595155767738104
63039f41fa5c21d483996be2,32,black_high,white,1,0.4682201355877112,0.27462998374701786,0.6301841960898307,0.6301841960898307
63039f41fa5c21d483996be2,33,white_high,black,1,0.03185436775187592,-0.1199264479098431,0.6464818575967854,0.35351814240321455
63039f41fa5c21d483996be2,34,white_high,black,1,0.034513750450493784,0.16806322326286965,0.7475232539119231,0.2524767460880769
63039f41fa5c21d483996be2,35,black_high,black,1,0.5110325044989238,0.2498777814603728,0.6032226608574092,0.6032226608574092
63039f41fa5c21d483996be2,36,white_high,black,0,0.038555485302613844,-0.012543091068967685,0.6843060353478357,0.31569396465216426
63039f41fa5c21d483996be2,37,white_high,white,0,0.04825531192416865,0.1322098767049688,0.7313918178290979,0.2686081821709021
63039f41fa5c21d483996be2,38,white_high,black,1,0.09209752052246634,0.04907762752469961,0.6872457908812404,0.3127542091187596
63039f41fa5c21d483996be2,39,white_high,black,0,0.07910520941114355,0.1436790667830175,0.7249136432375531,0.27508635676244686
63039f41fa5c21d483996be2,40,black_high,black,1,0.8542836305333037,0.7657264331562592,0.6704841837300753,0.6704841837300753
63039f41fa5c21d483996be2,41,black_high,white,0,0.8745964231277714,-0.37027194096298155,0.22403909960627583,0.22403909960627583
63039f41fa5c21d483996be2,42,white_high,black,0,0.032611336901503016,-0.28651342754758935,0.5795721751494186,0.4204278248505814
63039f41fa5c21d483996be2,43,black_high,white,0,0.9014092044120587,-0.10973598968330558,0.2999377490238484,0.2999377490238484
63039f41fa5c21d483996be2,44,black_high,white,0,0.8670624767112709,-0.05151103924726105,0.33375084900095864,0.33375084900095864
63039f41fa5c21d483996be2,45,black_high,black,0,0.839651815945921,-0.2846307505450821,0.2614107800145552,0.2614107800145552
63039f41fa5c21d483996be2,46,white_high,black,0,0.01830562497384828,0.346015065208522,0.8042895862506292,0.19571041374937082
650f65aac58fe4dc08bbe23f_2,0,black_high,black,0,0.0,0.0,0.4897706349186712,0.4897706349186712
650f65aac58fe4dc08bbe23f_2,1,white_high,white,0,0.0,0.06855348470730496,0.5225703252852676,0.4774296747147324
650f65aac58fe4dc08bbe23f_2,2,white_high,black,0,0.25048631721570314,0.1015388912981316,0.41918329233500856,0.5808167076649915
650f65aac58fe4dc08bbe23f_2,3,black_high,white,0,0.11071713048411783,0.30471844473398874,0.5818930900586942,0.5818930900586942
650f65aac58fe4dc08bbe23f_2,4,black_high,white,0,0.03811009052248887,0.2529435940867801,0.59156503828555,0.59156503828555
650f65aac58fe4dc08bbe23f_2,5,black_high,black,0,0.06044528079429609,0.310771005654811,0.6078775428283856,0.6078775428283856
650f65aac58fe4dc08bbe23f_2,6,white_high,black,0,0.24015768180808622,0.13592730027348576,0.4401624025474017,0.5598375974525983
650f65aac58fe4dc08bbe23f_2,7,black_high,black,0,0.04543001300820061,0.3947496641823597,0.6520250173266245,0.6520250173266245
650f65aac58fe4dc08bbe23f_2,8,white_high,black,0,0.2315173561509506,0.11507270808073661,0.43440750559010644,0.5655924944098936
650f65aac58fe4dc08bbe23f_2,9,white_high,black,1,0.2241180401566478,0.07357704626850503,0.41844056652521283,0.5815594334747871
650f65aac58fe4dc08bbe23f_2,10,black_high,black,1,0.048227458015147426,0.3658361816226376,0.6381243251499149,0.6381243251499149
650f65aac58fe4dc08bbe23f_2,11,white_high,white,1,0.25534564599321163,0.4303452462532326,0.5730155320279909,0.42698446797200906
650f65aac58fe4dc08bbe23f_2,12,black_high,black,1,0.0775700637858816,0.6090620987884519,0.7264678589493346,0.7264678589493346
650f65aac58fe4dc08bbe23f_2,13,black_high,black,1,0.08604958402684927,0.21983044698723253,0.5536031535040578,0.5536031535040578
650f65aac58fe4dc08bbe23f_2,14,black_high,white,0,0.04198057617148724,0.5297451654223542,0.7095183629569061,0.7095183629569061
650f65aac58fe4dc08bbe23f_2,15,black_high,black,0,0.0343291896401321,0.6255355652194348,0.7485917810519449,0.7485917810519449
650f65aac58fe4dc08bbe23f_2,16,white_high,white,0,0.2586245703934389,0.3072964951294022,0.513065421615856,0.486934578384144
650f65aac58fe4dc08bbe23f_2,17,black_high,black,0,0.05600034206496246,0.4155777848957906,0.6564680513528556,0.6564680513528556
650f65aac58fe4dc08bbe23f_2,18,white_high,white,0,0.3018571150255792,0.20668862365322482,0.44444252629044917,0.5555574737095508
650f65aac58fe4dc08bbe23f_2,19,white_high,black,0,0.37631010902187323,0.3630382783518287,0.48342207745252036,0.5165779225474796
650f65aac58fe4dc08bbe23f_2,20,black_high,black,1,0.07376641653275742,0.430616623036969,0.6552894150972889,0.6552894150972889
650f65aac58fe4dc08bbe23f_2,21,black_high,black,0,0.04281285119259444,-0.058645498560948556,0.4414707781224184,0.4414707781224184
650f65aac58fe4dc08bbe23f_2,22,black_high,white,0,0.04281285119259444,0.22567813367691125,0.5766964116651715,0.5766964116651715
650f65aac58fe4dc08bbe23f_2,23,black_high,black,0,0.06187724976495161,0.18973207151783056,0.5507972922347866,0.5507972922347866
650f65aac58fe4dc08bbe23f_2,24,white_high,black,0,0.33825298265481907,0.25640359632083504,0.4507482384516623,0.5492517615483377
650f65aac58fe4dc08bbe23f_2,25,black_high,white,0,0.07472194344094016,0.177943154949185,0.5391010694355267,0.5391010694355267
650f65aac58fe4dc08bbe23f_2,26,white_high,black,0,0.33119801622617234,0.21305338919938416,0.4336079039378199,0.5663920960621801
650f65aac58fe4dc08bbe23f_2,27,black_high,white,1,0.08465392948735094,0.22372857201566215,0.5561067721685599,0.5561067721685599
650f65aac58fe4dc08bbe23f_2,28,white_high,white,1,0.27468438201791523,0.21534545378410375,0.4614404532987436,0.5385595467012564
650f65aac58fe4dc08bbe23f_2,29,black_high,black,1,0.2568053145886722,0.24414197066009827,0.48371304466978204,0.48371304466978204
650f65aac58fe4dc08bbe23f_2,30,white_high,white,0,0.40208328777890867,0.15333605895730634,0.373501791213556,0.626498208786444
650f65aac58fe4dc08bbe23f_2,31,black_high,white,1,0.0563726409488977,0.1593063848400588,0.5389642976745042,0.5389642976745042
650f65aac58fe4dc08bbe23f_2,32,white_high,white,1,0.38320322372474436,0.19372819901163862,0.40041673910042497,0.599583260899575
650f65aac58fe4dc08bbe23f_2,33,white_high,black,1,0.17118248194846863,0.17707540616538306,0.4925906851964998,0.5074093148035002
650f65aac58fe4dc08bbe23f_2,34,white_high,white,0,0.1928893232867804,0.18638420923944854,0.48665838517401516,0.5133416148259848
650f65aac58fe4dc08bbe23f_2,35,black_high,white,0,0.08785350750468493,0.06082703891551043,0.4768482380188543,0.4768482380188543
650f65aac58fe4dc08bbe23f_2,36,white_high,white,0,0.27294736203688463,0.17717309329259842,0.4441561402182416,0.5558438597817583
650f65aac58fe4dc08bbe23f_2,37,black_high,white,0,0.07088732479541812,0.10857038755478116,0.5078074075528825,0.5078074075528825
650f65aac58fe4dc08bbe23f_2,38,white_high,black,0,0.36744623204602744,0.20167091608939672,0.4113593062403723,0.5886406937596277
650f65aac58fe4dc08bbe23f_2,39,white_high,white,0,0.3908036069468308,0.20111768028380644,0.4003197892533815,0.5996802107466185
650f65aac58fe4dc08bbe23f_2,40,white_high,black,0,0.25508827277385937,0.1914989881061372,0.4594185594074223,0.5405814405925777
650f65aac58fe4dc08bbe23f_2,41,black_high,black,0,0.10033618398911216,0.1383997998339465,0.5079895323756601,0.5079895323756601
650f65aac58fe4dc08bbe23f_2,42,white_high,white,0,0.27939722517669646,0.22477331282428437,0.4636848679677154,0.5363151320322845
650f65aac58fe4dc08bbe23f_2,43,white_high,white,0,0.3341304690068844,0.201832835507825,0.42696469160322714,0.5730353083967729
650f65aac58fe4dc08bbe23f_2,44,black_high,white,0,0.1337854832702773,0.10767333422120952,0.4772850008253762,0.4772850008253762
650f65aac58fe4dc08bbe23f_2,45,white_high,white,0,0.42240163680302445,0.17216094614652547,0.37283287525021236,0.6271671247497876
650f65aac58fe4dc08bbe23f_2,46,white_high,black,0,0.33489433994906387,0.17878293261000328,0.41584724812361595,0.584152751876384
654fd3d72b14d852c7fff2b4,0,black_high,black,0,0.0,0.0,0.529044421232614,0.529044421232614
654fd3d72b14d852c7fff2b4,1,black_high,black,1,0.0,0.04097241400631391,0.54383565842299,0.54383565842299
654fd3d72b14d852c7fff2b4,2,white_high,white,0,0.0,0.814545454491932,0.7856493320864286,0.21435066791357138
654fd3d72b14d852c7fff2b4,3,black_high,black,0,0.0303825282147604,0.45444775325241404,0.6752402621545909,0.6752402621545909
654fd3d72b14d852c7fff2b4,4,white_high,white,0,0.24867255419010934,0.9160056252964006,0.7474708471906351,0.25252915280936494
654fd3d72b14d852c7fff2b4,5,white_high,white,0,0.3543557700499837,0.6625940450009723,0.6373361567587679,0.36266384324123213
654fd3d72b14d852c7fff2b4,6,black_high,black,0,0.03409909498626433,0.45627704932260116,0.6746391141783856,0.6746391141783856
654fd3d72b14d852c7fff2b4,7,black_high,black,0,0.03507441658925531,0.31232939496164375,0.6268760426673624,0.6268760426673624
654fd3d72b14d852c7fff2b4,8,white_high,black,1,0.2722952524825035,0.2397618332755478,0.5172619734488232,0.4827380265511768
654fd3d72b14d852c7fff2b4,9,white_high,white,1,0.3154226579991608,0.06293600796254173,0.43775919328889157,0.5622408067111084
654fd3d72b14d852c7fff2b4,10,white_high,white,1,0.6999659551837962,0.06293600796254173,0.3081982651508031,0.6918017348491969
654fd3d72b14d852c7fff2b4,11,black_high,black,0,-0.24651367528307527,-0.16952182444695396,0.5567761612500173,0.5567761612500173
654fd3d72b14d852c7fff2b4,12,white_high,white,0,-1.5608767750424228,0.4350864184333608,0.9532081941165786,0.046791805883421356
654fd3d72b14d852c7fff2b4,13,black_high,black,0,-0.10015848699020412,-0.00983602616450123,0.5615468560824053,0.5615468560824053
654fd3d72b14d852c7fff2b4,14,black_high,black,0,-0.0705684732930063,-0.13369173687411107,0.5061656439980753,0.5061656439980753
654fd3d72b14d852c7fff2b4,15,white_high,black,0,-0.7782591008731659,0.1956048949749915,0.822035876996024,0.17796412300397602
654fd3d72b14d852c7fff2b4,16,black_high,black,0,-0.0847304244131413,0.13773055530587314,0.6080889057628653,0.6080889057628653
654fd3d72b14d852c7fff2b4,17,white_high,white,0,-0.4053639290970193,0.5018410493645855,0.8074342423793591,0.19256575762064088
654fd3d72b14d852c7fff2b4,18,white_high,white,0,0.25217666880349554,0.40259537579329313,0.582900651678296,0.41709934832170403
654fd3d72b14d852c7fff2b4,19,black_high,white,0,0.012096860674551138,-0.061542877648536984,0.5023488829962026,0.5023488829962026
654fd3d72b14d852c7fff2b4,20,black_high,black,0,-0.006082711419975325,0.05164121884082146,0.5498623278027067,0.5498623278027067
654fd3d72b14d852c7fff2b4,21,white_high,white,0,0.46612386837836794,0.2888320303394224,0.4647857644665552,0.5352142355334448
654fd3d72b14d852c7fff2b4,22,white_high,white,0,0.456425465899552,0.3008231106304354,0.47262717089109557,0.5273728291089044
654fd3d72b14d852c7fff2b4,23,black_high,black,0,0.0011644305138223511,0.04397284353692428,0.5444968523072693,0.5444968523072693
654fd3d72b14d852c7fff2b4,24,white_high,white,0,0.48859264013877357,0.30060254135254844,0.4609241774703014,0.5390758225296985
654fd3d72b14d852c7fff2b4,25,white_high,white,0,0.48810514980569075,0.26696777004922295,0.44899127616960577,0.5510087238303942
654fd3d72b14d852c7fff2b4,26,black_high,black,0,-0.02253115016888335,0.11401021967446544,0.577994173912587,0.577994173912587
654fd3d72b14d852c7fff2b4,27,black_high,black,0,-0.02084537494947256,0.04427520314609465,0.5525188655013885,0.5525188655013885
654fd3d72b14d852c7fff2b4,28,white_high,white,0,0.5539405493440492,0.2386828380390292,0.41547072177287014,0.5845292782271299
654fd3d72b14d852c7fff2b4,29,black_high,black,1,-0.01996299260240595,0.06822569149363616,0.5607839712170589,0.5607839712170589
654fd3d72b14d852c7fff2b4,30,white_high,black,1,0.5547200532040137,0.8540764343370211,0.6343503579839522,0.36564964201604777
654fd3d72b14d852c7fff2b4,31,black_high,black,1,-0.0019424841228401508,0.38861946198062325,0.6644840934752545,0.6644840934752545
654fd3d72b14d852c7fff2b4,32,black_high,black,0,-0.01996299260240595,0.06238828172452747,0.558695475908221,0.558695475908221
654fd3d72b14d852c7fff2b4,33,white_high,white,0,0.49997014558862773,-0.3881342358430797,0.2362994885489348,0.7637005114510652
654fd3d72b14d852c7fff2b4,34,black_high,black,0,0.021256970197644907,0.2601864184399749,0.6137719974414623,0.6137719974414623
654fd3d72b14d852c7fff2b4,35,white_high,white,0,0.45867742833722314,-0.03128614685372963,0.3554794055995579,0.6445205944004422
654fd3d72b14d852c7fff2b4,36,white_high,white,0,0.47969139326738497,-0.1136123195435246,0.321895887742792,0.678104112257208
654fd3d72b14d852c7fff2b4,37,black_high,black,0,0.0021412196541534395,0.2611679484898918,0.6206654449491444,0.6206654449491444
654fd3d72b14d852c7fff2b4,38,black_high,black,0,0.006344816907231895,0.34279082905731956,0.646747753416578,0.646747753416578
654fd3d72b14d852c7fff2b4,39,black_high,black,1,0.04087651605900647,0.4140896134968086,0.658845553175195,0.658845553175195
654fd3d72b14d852c7fff2b4,40,black_high,black,0,0.018156122714286422,0.37367041696011005,0.6530466053040554,0.6530466053040554
654fd3d72b14d852c7fff2b4,41,white_high,white,0,0.6353448538821029,0.2627853715642636,0.39541948791208803,0.604580512087912
654fd3d72b14d852c7fff2b4,42,white_high,white,0,0.7976966241390817,0.010175442376271882,0.26365737224044417,0.7363426277595558
654fd3d72b14d852c7fff2b4,43,black_high,black,0,0.01919097831960225,0.19765519746759128,0.5927655475537194,0.5927655475537194
654fd3d72b14d852c7fff2b4,44,white_high,white,1,0.7799815617959842,0.18866277238610324,0.322525244052398,0.677474755947602
6550edd3c5d5a51c51ab1224,0,black_high,black,0,0.0,0.0,0.5314397409031353,0.5314397409031353
6550edd3c5d5a51c51ab1224,1,black_high,black,1,0.0,0.16988081537460115,0.559182890731238,0.559182890731238
6550edd3c5d5a51c51ab1224,2,black_high,black,1,0.0,0.19197215755511238,0.5627673340606502,0.5627673340606502
6550edd3c5d5a51c51ab1224,3,white_high,white,0,0.0,0.08976581708359797,0.5461346289077164,0.45386537109228364
6550edd3c5d5a51c51ab1224,4,black_high,black,0,0.2596125616116449,0.08129942220298195,0.5021120544864699,0.5021120544864699
6550edd3c5d5a51c51ab1224,5,white_high,black,0,0.31639441720747363,0.6674492040168252,0.5883644355463304,0.41163556445366956
6550edd3c5d5a51c51ab1224,6,black_high,black,0,0.15003317694661117,-0.03378962374425677,0.5012045915504517,0.5012045915504517
6550edd3c5d5a51c51ab1224,7,black_high,black,0,0.2427445341829053,-0.01853913619409671,0.4884483953086802,0.4884483953086802
6550edd3c5d5a51c51ab1224,8,white_high,white,0,0.5801058965424475,0.4984239385093688,0.5180199750488158,0.4819800249511842
6550edd3c5d5a51c51ab1224,9,black_high,white,0,0.20106336328985283,-0.04765486448020641,0.49051707792632127,0.49051707792632127
6550edd3c5d5a51c51ab1224,10,black_high,black,0,0.19681441612243827,-0.04765486448020641,0.4912166705518251,0.4912166705518251
6550edd3c5d5a51c51ab1224,11,black_high,black,0,0.1645428532621429,-0.009698295323384528,0.5027827188220216,0.5027827188220216
6550edd3c5d5a51c51ab1224,12,white_high,white,0,0.5914221803189964,0.8083707354729376,0.5668119943453541,0.4331880056546459
6550edd3c5d5a51c51ab1224,13,white_high,white,0,0.2683383417536749,0.6074502572651179,0.5864574967492899,0.41354250325071007
6550edd3c5d5a51c51ab1224,14,black_high,black,0,0.06560264972866373,-0.020806914568003675,0.5172422792480798,0.5172422792480798
6550edd3c5d5a51c51ab1224,15,black_high,black,0,0.009753740065826244,-0.051434199568544545,0.5213902032047244,0.5213902032047244
6550edd3c5d5a51c51ab1224,16,black_high,white,0,0.05316061297746384,-0.05315330705358974,0.5139671214003008,0.5139671214003008
6550edd3c5d5a51c51ab1224,17,white_high,white,0,0.32134403533170763,0.5095173916966331,0.5621514131730908,0.4378485868269092
6550edd3c5d5a51c51ab1224,18,black_high,black,0,0.1380889948544643,-0.021767225086401703,0.5051518464003342,0.5051518464003342
6550edd3c5d5a51c51ab1224,19,white_high,white,0,0.21191452439360509,0.7313315495720344,0.6149408409087908,0.38505915909120925
6550edd3c5d5a51c51ab1224,20,white_high,black,1,0.6439880293415542,0.7707186634912289,0.552164042830322,0.44783595716967795
6550edd3c5d5a51c51ab1224,21,white_high,white,1,0.6610228190872866,0.7955053108727396,0.5534265827721672,0.44657341722783284
6550edd3c5d5a51c51ab1224,22,black_high,black,1,0.16788239497434482,0.16279975814939843,0.5306058240343147,0.5306058240343147
6550edd3c5d5a51c51ab1224,23,black_high,black,1,0.1624841237098939,0.08329742872901563,0.5184304132756451,0.5184304132756451
6550edd3c5d5a51c51ab1224,24,white_high,white,1,0.4049063401476953,1.297578064351856,0.6712927826341406,0.3287072173658594
6550edd3c5d5a51c51ab1224,25,black_high,black,1,0.32312201696020426,0.23856950327913656,0.5175477760397063,0.5175477760397063
6550edd3c5d5a51c51ab1224,26,white_high,white,1,1.3801057338619642,-0.18399366790297542,0.2881184469206098,0.7118815530793903
6550edd3c5d5a51c51ab1224,27,black_high,black,0,-0.23496299452786423,0.1608180838948463,0.5954819832364385,0.5954819832364385
6550edd3c5d5a51c51ab1224,28,white_high,white,0,-0.4990077159771898,0.2183997854421743,0.6453290322453188,0.3546709677546812
6550edd3c5d5a51c51ab1224,29,white_high,black,0,2.149998311310258,0.5036037526283816,0.27712696723280883,0.7228730327671912
6550edd3c5d5a51c51ab1224,30,white_high,white,0,1.950119489107578,0.0923046730416718,0.2501061193815107,0.7498938806184893
6550edd3c5d5a51c51ab1224,31,white_high,white,0,0.5878205540567112,0.10783708372409047,0.4525682677646873,0.5474317322353127
6550edd3c5d5a51c51ab1224,32,white_high,white,0,2.378773494407314,0.34632132807301963,0.22915272994149324,0.7708472700585067
6550edd3c5d5a51c51ab1224,33,white_high,white,0,0.46502326523598003,0.0999456230912104,0.47138218171673946,0.5286178182832606
6550edd3c5d5a51c51ab1224,34,black_high,black,0,0.23338223582708434,-0.09998838113507713,0.4765903288067908,0.4765903288067908
6550edd3c5d5a51c51ab1224,35,white_high,white,0,3.324972637574016,0.5902472738545457,0.1576556848550799,0.8423443151449201
6550edd3c5d5a51c51ab1224,36,black_high,black,0,-1.1297428457432483,-0.07547644805187917,0.6943425214218166,0.6943425214218166
6550edd3c5d5a51c51ab1224,37,white_high,white,0,-1.6852964458550763,0.8149231152524883,0.8548462062126122,0.1451537937873878
6550edd3c5d5a51c51ab1224,38,white_high,white,0,1.7673165668188024,0.8318302082008524,0.3798005168512518,0.6201994831487482
6550edd3c5d5a51c51ab1224,39,white_high,white,0,2.136159869825435,0.3609822714879995,0.2604553752410278,0.7395446247589722
6550edd3c5d5a51c51ab1224,40,black_high,white,0,-0.5415735324051629,-0.047049978748015,0.6110501669162017,0.6110501669162017
6550edd3c5d5a51c51ab1224,41,black_high,black,0,-0.8918997481572529,-0.048574020201400975,0.6640795687823426,0.6640795687823426
6550edd3c5d5a51c51ab1224,42,black_high,black,1,-0.8281973334704033,-0.08933915812665469,0.6485569198734801,0.6485569198734801
6550edd3c5d5a51c51ab1224,43,black_high,black,1,-0.6927531374793635,-0.19479870460819237,0.6115872427168024,0.6115872427168024
6550edd3c5d5a51c51ab1224,44,white_high,white,1,1.3912866539784134,1.7257799961100706,0.5857193421029412,0.4142806578970588
6550edd3c5d5a51c51ab1224,45,black_high,black,1,-0.891741592932395,0.14321199969996196,0.6916354956452901,0.6916354956452901
6550edd3c5d5a51c51ab1224,46,white_high,white,0,1.1746850374458129,-2.2028802239731755,0.1091655326927406,0.8908344673072595
656bb5b282d8f0267db9d167,0,black_high,white,0,0.0,0.0,0.6302752327472515,0.6302752327472515
656bb5b282d8f0267db9d167,1,black_high,white,0,0.0,0.0,0.6302752327472515,0.6302752327472515
656bb5b282d8f0267db9d167,2,black_high,black,0,0.0,0.0,0.6302752327472515,0.6302752327472515
656bb5b282d8f0267db9d167,3,black_high,white,0,0.0,0.15222808217487901,0.6696957488368958,0.6696957488368958
656bb5b282d8f0267db9d167,4,white_high,black,0,0.0,0.22725669975359175,0.6883203830030424,0.31167961699695756
656bb5b282d8f0267db9d167,5,black_high,white,1,0.0,0.16494908614610984,0.672893333914473,0.672893333914473
656bb5b282d8f0267db9d167,6,black_high,black,1,0.0,0.17489792764150466,0.6753829742123053,0.6753829742123053
656bb5b282d8f0267db9d167,7,white_high,black,1,0.0,0.3066113225837603,0.7073764298180643,0.29262357018193574
656bb5b282d8f0267db9d167,8,black_high,black,0,0.0,0.5610867852025949,0.7636080143906516,0.7636080143906516
656bb5b282d8f0267db9d167,9,black_high,black,1,0.0,0.15098305632302386,0.6693819453276684,0.6693819453276684
656bb5b282d8f0267db9d167,10,white_high,black,1,0.0,0.29394281535041866,0.7043802856480683,0.2956197143519317
656bb5b282d8f0267db9d167,11,white_high,black,0,0.0,0.0005170585360489144,0.6304124783437343,0.36958752165626574
656bb5b282d8f0267db9d167,12,black_high,white,0,0.0,0.4358236211137167,0.7368904787785153,0.7368904787785153
656bb5b282d8f0267db9d167,13,black_high,black,0,0.0,0.48491445832687086,0.7475883168216024,0.7475883168216024
656bb5b282d8f0267db9d167,14,white_high,black,0,0.0,0.13548709551032279,0.6654637011662495,0.33453629883375047
656bb5b282d8f0267db9d167,15,white_high,black,0,0.0,0.2662792371062248,0.6977763593593623,0.30222364064063767
656bb5b282d8f0267db9d167,16,white_high,black,0,0.0,0.09590693966525937,0.6553524144573414,0.3446475855426586
656bb5b282d8f0267db9d167,17,black_high,white,0,0.0,0.014701071512483718,0.634169129565331,0.634169129565331
656bb5b282d8f0267db9d167,18,white_high,black,1,0.0,0.18296818534767287,0.6773952585200809,0.32260474147991913
656bb5b282d8f0267db9d167,19,white_high,white,1,0.0,-0.10779395374089978,0.601232601969771,0.398767398030229
656bb5b282d8f0267db9d167,20,white_high,white,1,0.12876440375736842,-0.09054883840137502,0.5704201893826123,0.4295798106173877
656bb5b282d8f0267db9d167,21,black_high,white,0,0.29121823828951204,-0.13170086519818672,0.5129038463276947,0.5129038463276947
656bb5b282d8f0267db9d167,22,white_high,black,0,-0.028065830756775774,-0.053462472666172794,0.623508518075321,0.37649148192467896
656bb5b282d8f0267db9d167,23,black_high,white,0,0.3107121440123821,0.10482102268059655,0.5741627370437062,0.5741627370437062
656bb5b282d8f0267db9d167,24,white_high,white,0,0.008970674121245678,0.15848673941171812,0.6690120029151173,0.3309879970848827
656bb5b282d8f0267db9d167,25,white_high,white,1,0.32682585771619704,0.15848673941171812,0.5845871930150249,0.41541280698497507
656bb5b282d8f0267db9d167,26,white_high,white,1,0.1984373491328736,0.15816931826317565,0.6195234883050919,0.38047651169490815
656bb5b282d8f0267db9d167,27,black_high,black,1,1.2757759205777073,0.0996163329493275,0.3086514044578731,0.3086514044578731
656bb5b282d8f0267db9d167,28,black_high,white,0,1.2344424870029393,0.32345519783631194,0.3765168301573505,0.3765168301573505
656bb5b282d8f0267db9d167,29,black_high,white,0,1.1845805304874062,0.37499879464838876,0.4039960329627071,0.4039960329627071
656bb5b282d8f0267db9d167,30,white_high,black,0,0.5474573452728649,0.45131144373857457,0.6044095447618104,0.3955904552381896
656bb5b282d8f0267db9d167,31,white_high,black,0,0.29413342127470377,-0.017863603058779043,0.5443790112542906,0.45562098874570944
656bb5b282d8f0267db9d167,32,black_high,black,0,1.1543600078403915,0.17234067216063326,0.357719580015181,0.357719580015181
656bb5b282d8f0267db9d167,33,black_high,white,0,1.262683895896331,0.050945353617036525,0.3000706064002271,0.3000706064002271
656bb5b282d8f0267db9d167,34,black_high,black,0,1.1215056619317245,-0.01419968151887311,0.3185707215472662,0.3185707215472662
656bb5b282d8f0267db9d167,35,white_high,black,0,0.20055725326569457,0.15357999996390215,0.6177203216439999,0.3822796783560001
656bb5b282d8f0267db9d167,36,white_high,white,0,0.4217295195178933,0.3569473891950008,0.6129194664895115,0.38708053351048854
656bb5b282d8f0267db9d167,37,black_high,white,0,0.185101088584351,0.2542823810417459,0.6484438650740278,0.6484438650740278
656bb5b282d8f0267db9d167,38,black_high,black,0,0.31533998440790234,0.16870897390205114,0.5905796487352812,0.5905796487352812
656bb5b282d8f0267db9d167,39,white_high,black,0,0.17603045386080496,0.06125091471075429,0.5993232062900544,0.4006767937099456
656bb5b282d8f0267db9d167,40,white_high,black,0,0.17350422711671765,0.10902698538377048,0.613001863629667,0.386998136370333
656bb5b282d8f0267db9d167,41,white_high,black,0,0.17555604436888214,-0.014329191266499171,0.5786146098904594,0.42138539010954057
656bb5b282d8f0267db9d167,42,black_high,black,1,0.10685523914936104,0.10566721568307791,0.629959809591989,0.629959809591989
656bb5b282d8f0267db9d167,43,black_high,black,0,0.14281611377143155,0.7959459470141867,0.7820093641427532,0.7820093641427532
656bb5b282d8f0267db9d167,44,black_high,black,1,0.22202373342488163,0.5306104796658877,0.70784201654666,0.70784201654666
656bb5b282d8f0267db9d167,45,white_high,black,1,0.15861298680991964,0.15629500689147366,0.629659700398962,0.370340299601038
65ccca52871269168cc029b5,0,black_high,white,0,0.0,0.0,0.21577818126784673,0.21577818126784673
65ccca52871269168cc029b5,1,black_high,black,0,0.0,0.0,0.21577818126784673,0.21577818126784673
65ccca52871269168cc029b5,2,white_high,white,0,0.0,0.09520170461406512,0.24984165298215402,0.750158347017846
65ccca52871269168cc029b5,3,white_high,white,0,0.2025466710874849,0.0919825301576658,0.18060654214660468,0.8193934578533953
65ccca52871269168cc029b5,4,white_high,white,0,0.1435725713448818,0.07267207107114348,0.1926823314293764,0.8073176685706236
65ccca52871269168cc029b5,5,black_high,white,0,0.3953528076439634,0.4868113480866092,0.24843692636625608,0.24843692636625608
65ccca52871269168cc029b5,6,black_high,white,0,0.3407921666390649,0.40808452356409924,0.23949577672673666,0.23949577672673666
65ccca52871269168cc029b5,7,white_high,white,0,0.06539876271439454,0.07862495628927044,0.22030189825010066,0.7796981017498994
65ccca52871269168cc029b5,8,black_high,white,1,0.3628745168615439,0.5282344004517413,0.27713599286784546,0.27713599286784546
65ccca52871269168cc029b5,9,black_high,white,1,0.3058451508799944,0.47511845794334584,0.2787114873985007,0.2787114873985007
65ccca52871269168cc029b5,10,black_high,white,1,-0.11599920351286264,0.44511519569483504,0.4588954076876586,0.4588954076876586
65ccca52871269168cc029b5,11,white_high,white,0,1.5315899115085634,0.07647399505910665,0.014635714438596997,0.985364285561403
65ccca52871269168cc029b5,12,black_high,white,0,2.647154495146295,0.48280313761791893,0.0035674060943478567,0.0035674060943478567
65ccca52871269168cc029b5,13,white_high,white,0,-0.021177381092591062,0.07976383460639644,0.2520058302126638,0.7479941697873362
65ccca52871269168cc029b5,14,black_high,black,0,0.4523760246524824,0.47890668080178295,0.2249206279551149,0.2249206279551149
65ccca52871269168cc029b5,15,black_high,white,1,0.3801421989294575,0.5386958696790429,0.2744090186959504,0.2744090186959504
65ccca52871269168cc029b5,16,white_high,white,1,0.10735833528470896,0.1015425403608877,0.213810453106776,0.7861895468932241
65ccca52871269168cc029b5,17,black_high,white,1,0.5371563635184778,0.6192776911702491,0.2449559843625066,0.2449559843625066
65ccca52871269168cc029b5,18,white_high,white,0,0.9332662967429909,0.1664590718869095,0.05579117188377431,0.9442088281162256
65ccca52871269168cc029b5,19,black_high,black,0,0.5012169706990451,0.615386940876557,0.25704109143611764,0.25704109143611764
65ccca52871269168cc029b5,20,white_high,white,0,0.8238006040717241,0.1259959152882069,0.06354781585563271,0.9364521841443673
65ccca52871269168cc029b5,21,black_high,white,0,0.6282961125228177,0.7373083817782591,0.255070114758468,0.255070114758468
65ccca52871269168cc029b5,22,white_high,white,0,0.32256861739844983,0.13251365267116422,0.15819633393521323,0.8418036660647867
65ccca52871269168cc029b5,23,white_high,black,0,0.2701270236795887,0.13251365267116422,0.1727149263353523,0.8272850736646478
65ccca52871269168cc029b5,24,white_high,white,0,0.225105595117885,0.052879947370990416,0.1630179147138075,0.8369820852861924
65ccca52871269168cc029b5,25,black_high,black,0,0.6193701863974832,0.7154575874276636,0.25017480916027923,0.25017480916027923
65ccca52871269168cc029b5,26,black_high,white,0,0.6845290232561432,0.746235795785376,0.2374608445301962,0.2374608445301962
65ccca52871269168cc029b5,27,black_high,white,0,0.5184123591553356,0.6793731491167176,0.2753715449887422,0.2753715449887422
65ccca52871269168cc029b5,28,black_high,white,0,0.5493952382831014,0.6473272793786259,0.25086962331823404,0.25086962331823404
65ccca52871269168cc029b5,29,white_high,black,1,0.2135484443691521,0.11108158216566871,0.18302293067038106,0.816977069329619
65ccca52871269168cc029b5,30,white_high,white,0,0.1953374424174883,0.08980856914128277,0.18210622861313658,0.8178937713868635
65ccca52871269168cc029b5,31,white_high,white,0,0.07087742589524071,0.0492096105769234,0.2085135487215183,0.7914864512784817
65ccca52871269168cc029b5,32,black_high,white,0,0.6002051827667917,0.6836988834322504,0.2454655375257928,0.2454655375257928
65ccca52871269168cc029b5,33,white_high,white,0,0.09339611526812758,0.016904674573231977,0.19094363194606107,0.8090563680539389
65ccca52871269168cc029b5,34,black_high,white,0,0.6235417405511628,0.719049078286607,0.2499565839437836,0.2499565839437836
65ccca52871269168cc029b5,35,black_high,white,0,0.6256941611784255,0.7246848265091269,0.25126895081974004,0.25126895081974004
65ccca52871269168cc029b5,36,black_high,black,0,0.670207600447834,0.7304796940195826,0.23694009033195634,0.23694009033195634
65ccca52871269168cc029b5,37,white_high,white,0,0.13338439451719009,0.06573324359671423,0.19369835625730855,0.8063016437426914
65ccca52871269168cc029b5,38,black_high,black,0,0.4450526768308112,0.5604807760162653,0.2575233843952962,0.2575233843952962
65ccca52871269168cc029b5,39,white_high,white,0,0.16446894432550857,0.05240248977532834,0.18016096733534417,0.8198390326646559
65ccca52871269168cc029b5,40,white_high,white,0,0.059520189839578484,0.0059004788472769056,0.1981324994515666,0.8018675005484334
65ccca52871269168cc029b5,41,white_high,white,0,0.13595989700077327,-0.008432722456841246,0.17078036096114294,0.8292196390388571
65ccca52871269168cc029b5,42,black_high,black,0,0.513052285136018,0.5611419918219007,0.23254996204960368,0.23254996204960368
65ccca52871269168cc029b5,43,black_high,white,0,0.5044978199553325,0.7698994708485203,0.319076485442771,0.319076485442771
65ccca52871269168cc029b5,44,white_high,white,0,0.20796951555506854,0.1345652445713526,0.19190220972109837,0.8080977902789016
65ccca52871269168cc029b5,45,white_high,white,0,0.0764890407217578,0.08327502716538172,0.21809071763250418,0.7819092823674958
65ccca52871269168cc029b5,46,white_high,white,1,0.15285429908883463,0.08327502716538172,0.19309497027299,0.80690502972701
65ccca52871269168cc029b5,47,white_high,black,1,-0.08744983784166126,0.07047845785782751,0.2741592948100712,0.7258407051899288
65f2f5ae1f9747ed36bd7226,0,white_high,white,0,0.0,0.0,0.5034281601377596,0.4965718398622404
65f2f5ae1f9747ed36bd7226,1,white_high,black,0,0.4029504919032283,0.0,0.3324962590502506,0.6675037409497494
65f2f5ae1f9747ed36bd7226,2,black_high,white,0,0.10124361466917617,0.0,0.4588838547152214,0.4588838547152214
65f2f5ae1f9747ed36bd7226,3,white_high,white,0,0.40476701224895384,0.0,0.3317856368623584,0.6682143631376416
65f2f5ae1f9747ed36bd7226,4,white_high,white,0,0.6433373960924362,0.0,0.2458528668747834,0.7541471331252166
65f2f5ae1f9747ed36bd7226,5,white_high,black,0,0.5640685970048911,0.0,0.2726817888748684,0.7273182111251316
65f2f5ae1f9747ed36bd7226,6,black_high,white,0,0.06778696491166256,0.0,0.47356620888571505,0.47356620888571505
65f2f5ae1f9747ed36bd7226,7,white_high,black,0,0.49100557699789,0.0,0.2989700477317958,0.7010299522682042
65f2f5ae1f9747ed36bd7226,8,white_high,white,0,0.48552041267251034,0.0,0.30100140944067344,0.6989985905593266
65f2f5ae1f9747ed36bd7226,9,black_high,white,0,0.0407153799061588,0.0,0.4854812454258697,0.4854812454258697
65f2f5ae1f9747ed36bd7226,10,white_high,white,1,0.5209510077848862,0.0,0.28802040510158167,0.7119795948984183
65f2f5ae1f9747ed36bd7226,11,black_high,white,0,0.3684462473411463,0.0,0.3461363841943362,0.3461363841943362
65f2f5ae1f9747ed36bd7226,12,black_high,black,0,0.17365208932316792,0.0,0.4273836570641977,0.4273836570641977
65f2f5ae1f9747ed36bd7226,13,white_high,white,0,2.8844633920332647,0.19096150679673382,0.008693468204165085,0.9913065317958349
65f2f5ae1f9747ed36bd7226,14,white_high,white,0,1.7233693185131402,0.284400434157832,0.07419260090572036,0.9258073990942797
65f2f5ae1f9747ed36bd7226,15,black_high,white,0,-0.04116788101086153,0.08806655556666909,0.560114346576543,0.560114346576543
65f2f5ae1f9747ed36bd7226,16,black_high,black,0,-0.009527446941458902,0.07722694425470575,0.541581200063071,0.541581200063071
65f2f5ae1f9747ed36bd7226,17,white_high,white,0,1.2651573093074258,0.3480354716652909,0.16746640767233015,0.8325335923276699
65f2f5ae1f9747ed36bd7226,18,black_high,black,0,0.025359282660229326,0.15273438914819698,0.5593062754255048,0.5593062754255048
65f2f5ae1f9747ed36bd7226,19,white_high,white,0,0.8898418108178675,0.3325937049779677,0.27507384565661624,0.7249261543433838
65f2f5ae1f9747ed36bd7226,20,white_high,black,0,0.8851425621084967,0.4256031205000098,0.31072872394231066,0.6892712760576893
65f2f5ae1f9747ed36bd7226,21,black_high,black,0,-0.06688992473895375,0.11268891368366801,0.5818595575622492,0.5818595575622492
65f2f5ae1f9747ed36bd7226,22,black_high,white,0,-0.06273193598480059,0.09990729879846807,0.5745739469358736,0.5745739469358736
65f2f5ae1f9747ed36bd7226,23,black_high,black,0,0.02595705016441667,0.17683784716764586,0.5694974099163607,0.5694974099163607
65f2f5ae1f9747ed36bd7226,24,black_high,white,0,-0.024112085459250907,0.1472267984653896,0.5783198627578171,0.5783198627578171
65f2f5ae1f9747ed36bd7226,25,black_high,black,0,0.04566024879332317,0.15054453761159242,0.5495080161854197,0.5495080161854197
65f2f5ae1f9747ed36bd7226,26,black_high,black,0,-0.00183530063198316,0.13752730834276833,0.5645103837763075,0.5645103837763075
65f2f5ae1f9747ed36bd7226,27,white_high,black,0,0.7950186701902189,0.3651758760283305,0.3220552458887976,0.6779447541112025
65f2f5ae1f9747ed36bd7226,28,white_high,white,0,0.8716966749579749,0.3193780027583864,0.2768107614823506,0.7231892385176494
65f2f5ae1f9747ed36bd7226,29,white_high,white,0,0.7217058636407855,0.32870207304069327,0.3364008695779197,0.6635991304220803
65f2f5ae1f9747ed36bd7226,30,black_high,black,0,-0.014889375193514371,0.10298329664954614,0.5551716658710384,0.5551716658710384
65f2f5ae1f9747ed36bd7226,31,black_high,white,0,-0.02328107848790989,0.06797755399679356,0.543552684367711,0.543552684367711
65f2f5ae1f9747ed36bd7226,32,black_high,black,0,-0.008307454247791526,0.038706054016382954,0.5241372777443499,0.5241372777443499
65f2f5ae1f9747ed36bd7226,33,white_high,black,0,0.6317494786887127,0.4298320276877063,0.41523106878691735,0.5847689312130826
65f2f5ae1f9747ed36bd7226,34,white_high,white,0,0.6555034369202566,0.3830577078417474,0.3853827310750759,0.6146172689249241
65f2f5ae1f9747ed36bd7226,35,black_high,white,0,0.005002907029390378,0.08196885269402121,0.5372924358780266,0.5372924358780266
65f2f5ae1f9747ed36bd7226,36,black_high,black,0,0.004810578642031004,0.06394261747499318,0.5294648283293701,0.5294648283293701
65f2f5ae1f9747ed36bd7226,37,white_high,black,0,0.7122092654517871,0.2746921312322388,0.31910739290133416,0.6808926070986658
65f2f5ae1f9747ed36bd7226,38,black_high,black,0,0.0018434483037063631,0.035452045824715145,0.5182378526321296,0.5182378526321296
65f2f5ae1f9747ed36bd7226,39,black_high,white,0,0.030176589437943675,0.11601020562903266,0.5411780189911192,0.5411780189911192
65f2f5ae1f9747ed36bd7226,40,white_high,white,0,0.6936163185435475,0.3185953849651443,0.343516863229407,0.656483136770593
65f2f5ae1f9747ed36bd7226,41,black_high,white,0,0.03106883615359219,0.11601020562903266,0.5407872781947418,0.5407872781947418
65f2f5ae1f9747ed36bd7226,42,black_high,black,0,0.008263334624141036,0.10735583246468389,0.5469782449085335,0.5469782449085335
65f2f5ae1f9747ed36bd7226,43,white_high,black,0,0.707852854196096,0.42777296547893584,0.3821987284063523,0.6178012715936477
65f2f5ae1f9747ed36bd7226,44,white_high,white,0,0.6598103825883468,0.4555787123433773,0.4142404211942016,0.5857595788057983
65f2f5ae1f9747ed36bd7226,45,black_high,white,0,0.020334010752225417,0.13233226198024006,0.5526117801699811,0.5526117801699811
65f2f5ae1f9747ed36bd7226,46,white_high,white,0,0.7383773047119171,0.3920936955098739,0.3550347712034173,0.6449652287965827
65f2f5ae1f9747ed36bd7226,47,white_high,white,1,0.7036598576731137,0.4088070642614864,0.3760661941054046,0.6239338058945954
65feaaac53eb219f09ad5ea0,0,white_high,black,0,0.0,0.0,0.6851530953105477,0.3148469046894523
65feaaac53eb219f09ad5ea0,1,white_high,white,0,0.0,0.0,0.6851530953105477,0.3148469046894523
65feaaac53eb219f09ad5ea0,2,white_high,white,0,0.707481123626448,0.0,0.5414244737361035,0.4585755262638965
65feaaac53eb219f09ad5ea0,3,white_high,black,0,-0.32842466433249895,0.0,0.7429606400054174,0.2570393599945826
65feaaac53eb219f09ad5ea0,4,black_high,white,0,-0.04596822994557558,0.0,0.6936599789123935,0.6936599789123935
65feaaac53eb219f09ad5ea0,5,white_high,black,0,-0.32811010824077935,0.0,0.742908717259166,0.25709128274083404
65feaaac53eb219f09ad5ea0,6,black_high,black,1,0.028645647645018382,0.0,0.6797879155920622,0.6797879155920622
65feaaac53eb219f09ad5ea0,7,black_high,white,1,0.028645647645018382,0.4391560656675554,0.7562742967739471,0.7562742967739471
65feaaac53eb219f09ad5ea0,8,black_high,black,0,-0.020649177718349614,0.39353214720703755,0.7568586374643983,0.7568586374643983
65feaaac53eb219f09ad5ea0,9,white_high,white,0,-0.33407010607836735,-0.14663552942538552,0.7190099331617132,0.28099006683828676
65feaaac53eb219f09ad5ea0,10,white_high,black,1,1.1376204825171694,-0.16936568705816799,0.41287939523818634,0.5871206047618136
65feaaac53eb219f09ad5ea0,11,white_high,white,1,1.0887445435625667,-0.08228400535753859,0.44162582974963965,0.5583741702503604
65feaaac53eb219f09ad5ea0,12,white_high,black,0,0.1619927995592955,-0.1320969780116861,0.6279362583922523,0.3720637416077477
65feaaac53eb219f09ad5ea0,13,black_high,black,0,0.11588881283894349,-0.15068931858614815,0.6334745440206192,0.6334745440206192
65feaaac53eb219f09ad5ea0,14,white_high,black,0,0.08153482982244831,0.21862511003411955,0.7101356979313612,0.2898643020686388
65feaaac53eb219f09ad5ea0,15,black_high,black,0,0.18295876046994436,1.5558393562820838,0.8769801911159122,0.8769801911159122
65feaaac53eb219f09ad5ea0,16,white_high,black,0,0.12278163960163337,-0.6016795758486584,0.537778525243922,0.462221474756078
65feaaac53eb219f09ad5ea0,17,white_high,white,0,0.11857525013892821,0.30598037879887374,0.7190047909564099,0.2809952090435901
65feaaac53eb219f09ad5ea0,18,black_high,black,0,0.3181311264262713,-0.6844022875797724,0.4777807294345062,0.4777807294345062
65feaaac53eb219f09ad5ea0,19,white_high,black,1,0.4196323326848773,1.5318306182995325,0.8505384966746842,0.14946150332531583
65feaaac53eb219f09ad5ea0,20,black_high,black,1,0.1683190258894935,1.1380031687976697,0.8341951099034697,0.8341951099034697
65feaaac53eb219f09ad5ea0,21,black_high,white,0,0.1554979696811074,-0.5880015735802753,0.5336858426876715,0.5336858426876715
65feaaac53eb219f09ad5ea0,22,white_high,black,1,0.22211632160014197,-0.8030875223830178,0.472894163229841,0.527105836770159
65feaaac53eb219f09ad5ea0,23,black_high,white,0,-0.28333894505818974,-0.41599429351700123,0.6599118790256033,0.6599118790256033
65feaaac53eb219f09ad5ea0,24,black_high,black,1,0.31852300157001656,-0.28599587901623713,0.5634237668363417,0.5634237668363417
65feaaac53eb219f09ad5ea0,25,white_high,white,0,0.4300248712990604,0.9486168511356559,0.773078385843812,0.22692161415618795
65feaaac53eb219f09ad5ea0,26,white_high,black,0,-0.07306154110574514,0.9774455491021375,0.8436329006806379,0.1563670993193621
65feaaac53eb219f09ad5ea0,27,white_high,black,0,-0.21874621815282314,-0.051242663650779466,0.7155165062056728,0.28448349379432725
65feaaac53eb219f09ad5ea0,28,black_high,black,1,0.23262750152721876,0.9049758272542965,0.7955430776290696,0.7955430776290696
65feaaac53eb219f09ad5ea0,29,white_high,black,0,-0.19100808521695165,0.35064520255479126,0.7765559649337549,0.2234440350662451
65feaaac53eb219f09ad5ea0,30,black_high,black,1,0.24827285872016977,-0.20607442632567533,0.5950453696837569,0.5950453696837569
65feaaac53eb219f09ad5ea0,31,black_high,white,0,0.23611418191598746,0.7613363426984375,0.7740820997431188,0.7740820997431188
65feaaac53eb219f09ad5ea0,32,black_high,black,1,-0.31296980890112264,0.7884373181524504,0.8493489653566175,0.8493489653566175
65feaaac53eb219f09ad5ea0,33,black_high,white,0,-0.3616860602963362,0.5369142187089904,0.8255220598726402,0.8255220598726402
65feaaac53eb219f09ad5ea0,34,black_high,white,1,0.2623840265152139,0.49383271134144135,0.7266312135724365,0.7266312135724365
65feaaac53eb219f09ad5ea0,35,black_high,black,1,-0.0633777964469776,0.5844909414597257,0.7920801538574821,0.7920801538574821
65feaaac53eb219f09ad5ea0,36,black_high,black,1,-0.028981221813924624,0.5109403973466219,0.7762961575678416,0.7762961575678416
65feaaac53eb219f09ad5ea0,37,white_high,black,1,-0.15204194838848706,0.5760277110989779,0.8032651133687887,0.1967348866312113
65feaaac53eb219f09ad5ea0,38,white_high,black,0,-0.24546337551792613,0.5875451235091828,0.8172052837701367,0.18279471622986332
65feaaac53eb219f09ad5ea0,39,black_high,black,0,-0.06921682798217554,0.6507542515490685,0.8021566133934931,0.8021566133934931
65feaaac53eb219f09ad5ea0,40,white_high,black,0,-0.24546337551792613,0.33670508192461696,0.7825731737969028,0.21742682620309717
65feaaac53eb219f09ad5ea0,41,black_high,black,0,-0.058835039024611374,0.667023942175551,0.8029629910193249,0.8029629910193249
65feaaac53eb219f09ad5ea0,42,black_high,black,0,-0.056982527342683637,0.9142035842282026,0.8343745844417751,0.8343745844417751
65feaaac53eb219f09ad5ea0,43,white_high,black,0,-0.21761451418100927,0.5940805621109354,0.8144374102384209,0.18556258976157913
65feaaac53eb219f09ad5ea0,44,white_high,black,0,-0.18886571351893652,0.47951904249656363,0.7949853053183175,0.20501469468168254
65feaaac53eb219f09ad5ea0,45,black_high,black,0,-0.06357227954188191,0.33822658887449425,0.75488377343101,0.75488377343101
65ff850ad8ac7b0e4cf9ec57,0,white_high,black,0,0.0,0.0,0.5155136202963089,0.48448637970369113
65ff850ad8ac7b0e4cf9ec57,1,black_high,white,1,0.0,0.0,0.5155136202963089,0.5155136202963089
65ff850ad8ac7b0e4cf9ec57,2,white_high,black,0,0.0,0.0,0.5155136202963089,0.48448637970369113
65ff850ad8ac7b0e4cf9ec57,3,black_high,black,0,0.0,0.0,0.5155136202963089,0.5155136202963089
65ff850ad8ac7b0e4cf9ec57,4,black_high,white,0,0.0,0.7158604620193401,0.610834528640566,0.610834528640566
65ff850ad8ac7b0e4cf9ec57,5,black_high,white,0,0.0,0.7803022858729183,0.6191204170839929,0.6191204170839929
65ff850ad8ac7b0e4cf9ec57,6,white_high,black,0,0.0,0.10941210743475675,0.530335322977494,0.469664677022506
65ff850ad8ac7b0e4cf9ec57,7,white_high,black,0,0.0,-0.16505431168018478,0.4931109066110746,0.5068890933889254
65ff850ad8ac7b0e4cf9ec57,8,black_high,white,0,0.0,0.8091325491305272,0.6228053715556103,0.6228053715556103
65ff850ad8ac7b0e4cf9ec57,9,white_high,white,1,0.0,0.2681186148544721,0.5517331643458081,0.4482668356541919
65ff850ad8ac7b0e4cf9ec57,10,black_high,white,0,0.16399802991100315,0.7801189663681385,0.5978844581246208,0.5978844581246208
65ff850ad8ac7b0e4cf9ec57,11,white_high,black,1,0.000620247986234751,0.27520865895170044,0.5526019560508743,0.44739804394912575
65ff850ad8ac7b0e4cf9ec57,12,black_high,black,1,0.12269594690277513,0.773458895211168,0.6023988390823867,0.6023988390823867
65ff850ad8ac7b0e4cf9ec57,13,white_high,black,1,0.04939386466276902,0.09474354162945225,0.521661803919354,0.478338196080646
65ff850ad8ac7b0e4cf9ec57,14,black_high,black,0,0.119238984236416,0.6191090807293473,0.5826175921704593,0.5826175921704593
65ff850ad8ac7b0e4cf9ec57,15,black_high,white,0,0.10612714804977202,-0.3947056840239749,0.44771627442749773,0.44771627442749773
65ff850ad8ac7b0e4cf9ec57,16,black_high,white,0,0.22799974930474004,-0.4046073410603273,0.4300953767204307,0.4300953767204307
65ff850ad8ac7b0e4cf9ec57,17,white_high,black,0,-0.08194108732665115,-0.06526870003026701,0.5177745876572288,0.48222541234277116
65ff850ad8ac7b0e4cf9ec57,18,black_high,white,0,0.004701565569690952,-0.38354233107856717,0.46287820216332376,0.46287820216332376
65ff850ad8ac7b0e4cf9ec57,19,white_high,black,0,0.903833421995023,0.026583183074483138,0.39787787863375595,0.602122121366244
65ff850ad8ac7b0e4cf9ec57,20,black_high,white,0,0.5492355558196437,-0.3833207315484053,0.3907051695774465,0.3907051695774465
65ff850ad8ac7b0e4cf9ec57,21,white_high,white,0,-1.8935611216334065,0.01618469155966079,0.7501025536324293,0.24989744636757072
65ff850ad8ac7b0e4cf9ec57,22,white_high,black,0,-2.5363030144754357,0.029788386569592575,0.8108567760499017,0.1891432239500983
65ff850ad8ac7b0e4cf9ec57,23,white_high,black,0,-2.852397484095836,-0.07988171684128502,0.8274533913795522,0.1725466086204478
65ff850ad8ac7b0e4cf9ec57,24,black_high,white,1,-0.8706989013166168,-0.3749730737937816,0.5820702171286682,0.5820702171286682
65ff850ad8ac7b0e4cf9ec57,25,black_high,black,1,0.28726839254283865,-0.3760150520651522,0.42601693779119315,0.42601693779119315
65ff850ad8ac7b0e4cf9ec57,26,white_high,black,1,-0.5839719678873316,0.14018748129484537,0.6119053181512514,0.3880946818487486
65ff850ad8ac7b0e4cf9ec57,27,white_high,white,1,0.5968158547884354,0.09409055461888499,0.44746217185060333,0.5525378281493967
65ff850ad8ac7b0e4cf9ec57,28,black_high,black,0,-0.49577159238316515,0.05870553994120043,0.5898106016803292,0.5898106016803292
65ff850ad8ac7b0e4cf9ec57,29,white_high,black,0,-0.17508305815093272,0.1654848356343104,0.561442724687642,0.438557275312358
65ff850ad8ac7b0e4cf9ec57,30,black_high,white,0,0.06132806379732758,0.8532602983844689,0.6206085828826577,0.6206085828826577
65ff850ad8ac7b0e4cf9ec57,31,white_high,white,1,4.158906172475785,-0.3185340274665251,0.08553656733514547,0.9144634326648545
65ff850ad8ac7b0e4cf9ec57,32,white_high,white,0,3.5717631105943948,-0.2746391022720359,0.11642702818837086,0.8835729718116292
65ff850ad8ac7b0e4cf9ec57,33,white_high,white,0,3.729019225627398,-0.3910238370886351,0.10198972194886971,0.8980102780511303
65ff850ad8ac7b0e4cf9ec57,34,white_high,white,0,3.3457801435778363,-0.31315722890809594,0.12731541034776148,0.8726845896522385
65ff850ad8ac7b0e4cf9ec57,35,black_high,black,0,2.7245495540795064,0.9112441001475868,0.28442054691682056,0.28442054691682056
65ff850ad8ac7b0e4cf9ec57,36,black_high,white,1,2.5395668071702695,-0.23789963102800563,0.19058321756022412,0.19058321756022412
65ff850ad8ac7b0e4cf9ec57,37,black_high,black,1,1.4695182552845676,-0.2515002673018008,0.2947297138506643,0.2947297138506643
65ff850ad8ac7b0e4cf9ec57,38,black_high,white,1,0.6681592111031145,-0.006214528849671535,0.4245449201081249,0.4245449201081249
65ff850ad8ac7b0e4cf9ec57,39,black_high,white,1,2.8673246586982235,-0.008799495380261958,0.18245521021481909,0.18245521021481909
65ff850ad8ac7b0e4cf9ec57,40,black_high,white,0,1.9488315974749175,-0.001270690358135606,0.2695462288161547,0.2695462288161547
65ff850ad8ac7b0e4cf9ec57,41,black_high,white,0,0.833698380672766,0.004443447481808787,0.40413831688027185,0.40413831688027185
65ff850ad8ac7b0e4cf9ec57,42,white_high,black,0,1.46143919294756,-0.38429230209729504,0.28085032826574347,0.7191496717342565
660bdc29f5dec2745c7e7ee3,0,black_high,black,0,0.0,0.0,0.5768951835289937,0.5768951835289937
660bdc29f5dec2745c7e7ee3,1,white_high,white,0,0.0,1.7539984263605648,0.8116004334799007,0.18839956652009926
660bdc29f5dec2745c7e7ee3,2,white_high,white,0,1.141905160732505,2.2229443647527756,0.7347907143841276,0.2652092856158724
660bdc29f5dec2745c7e7ee3,3,black_high,black,0,-0.5873851808018276,0.23403840759983996,0.7003135168081893,0.7003135168081893
660bdc29f5dec2745c7e7ee3,4,white_high,white,0,-1.658626790630543,-0.1161199524165964,0.7894695873473783,0.21053041265262173
660bdc29f5dec2745c7e7ee3,5,white_high,white,0,5.297150227623449,-0.053070738354261,0.03920218181151083,0.9607978181884892
660bdc29f5dec2745c7e7ee3,6,white_high,white,1,-3.2723914489097226,-0.17863740614903292,0.9120682848400348,0.08793171515996523
660bdc29f5dec2745c7e7ee3,7,black_high,black,1,-0.32824891948916785,-0.027742157501199318,0.6241346828342126,0.6241346828342126
660bdc29f5dec2745c7e7ee3,8,white_high,white,1,3.968508667980386,0.5044246489272933,0.12325477250872238,0.8767452274912776
660bdc29f5dec2745c7e7ee3,9,white_high,white,1,1.345837963545959,0.5567685244390363,0.448312881105223,0.551687118894777
660bdc29f5dec2745c7e7ee3,10,white_high,black,0,1.5531836708923363,0.5386502553925668,0.4120818584570787,0.5879181415429213
660bdc29f5dec2745c7e7ee3,11,white_high,white,0,0.614330041822208,0.5070852874621622,0.5596401061538544,0.4403598938461456
660bdc29f5dec2745c7e7ee3,12,black_high,black,0,-0.8056793777603025,-0.11614619739989462,0.681850216194294,0.681850216194294
660bdc29f5dec2745c7e7ee3,13,black_high,black,0,-0.8542426055787513,-0.02043954640641326,0.7020147904757517,0.7020147904757517
660bdc29f5dec2745c7e7ee3,14,white_high,white,0,0.6574997807425931,0.09576126440287795,0.48540684930254363,0.5145931506974564
660bdc29f5dec2745c7e7ee3,15,black_high,black,0,-0.2469070503616007,-0.18509233396783198,0.5867590284117998,0.5867590284117998
660bdc29f5dec2745c7e7ee3,16,black_high,black,0,-0.33835758147292694,0.029720996303768656,0.6344728452262969,0.6344728452262969
660bdc29f5dec2745c7e7ee3,17,white_high,white,0,4.294545814855707,-0.3529931356159449,0.06075879099555802,0.939241209004442
660bdc29f5dec2745c7e7ee3,18,black_high,black,0,-0.39723561216543984,-0.23675709784776622,0.6023566895018422,0.6023566895018422
660bdc29f5dec2745c7e7ee3,19,white_high,white,0,0.10831986009968464,0.5629589729140079,0.6475361926438913,0.3524638073561087
660bdc29f5dec2745c7e7ee3,20,black_high,black,1,-0.5599916411113174,-0.05674383901378079,0.6547778587276818,0.6547778587276818
660bdc29f5dec2745c7e7ee3,21,black_high,black,1,-0.8015903449856778,-0.2902905175206239,0.6559706446284309,0.6559706446284309
660bdc29f5dec2745c7e7ee3,22,white_high,white,1,-0.393342545954081,0.878553446006477,0.7584580818606295,0.24154191813937054
660bdc29f5dec2745c7e7ee3,23,black_high,black,0,-0.6479354265775149,-0.12215142571907597,0.6581113058310858,0.6581113058310858
660bdc29f5dec2745c7e7ee3,24,white_high,white,0,-0.12824543643710018,0.9006351537614901,0.7280708781127205,0.27192912188727947
660bdc29f5dec2745c7e7ee3,25,white_high,white,0,2.7501178356146316,0.9427193891908372,0.29413493306010513,0.7058650669398949
660bdc29f5dec2745c7e7ee3,26,white_high,white,0,3.745894777765216,1.0196807163879136,0.18572773233181172,0.8142722676681883
660bdc29f5dec2745c7e7ee3,27,black_high,black,0,-0.419277725256777,-0.11917397203727684,0.6240726730951328,0.6240726730951328
660bdc29f5dec2745c7e7ee3,28,white_high,white,0,3.9253810232184594,0.5913927182039039,0.13277569226282723,0.8672243077371727
660bdc29f5dec2745c7e7ee3,29,black_high,black,0,-0.8369974044616633,-0.16041651173238253,0.6800045357932126,0.6800045357932126
660bdc29f5dec2745c7e7ee3,30,white_high,white,0,0.43164794914634874,1.2414637515603681,0.6987132574813695,0.3012867425186305
660bdc29f5dec2745c7e7ee3,31,black_high,black,0,0.01705908196828143,-0.09599094610644728,0.5587015549145637,0.5587015549145637
660bdc29f5dec2745c7e7ee3,32,white_high,white,0,4.156650216550581,0.1369015472053321,0.08895926393248309,0.9110407360675169
660bdc29f5dec2745c7e7ee3,33,black_high,black,0,-0.6094059458256295,-0.2003937127529024,0.6406764301366029,0.6406764301366029
660bdc29f5dec2745c7e7ee3,34,white_high,white,0,3.7290196089561887,0.7644770419816267,0.1632385319460142,0.8367614680539858
660bdc29f5dec2745c7e7ee3,35,black_high,black,0,-0.09635300959504373,-0.11590106235249634,0.5737626812660748,0.5737626812660748
660bdc29f5dec2745c7e7ee3,36,black_high,black,0,0.1264389428226872,-0.10663516793853862,0.5392126441417454,0.5392126441417454
660bdc29f5dec2745c7e7ee3,37,white_high,white,0,5.190599601260187,0.7133687486948791,0.06745480198611042,0.9325451980138896
660bdc29f5dec2745c7e7ee3,38,white_high,white,0,1.823602108221327,0.817579578100672,0.41343488946742935,0.5865651105325707
660bdc29f5dec2745c7e7ee3,39,white_high,white,1,5.462221254089056,0.6925745047303278,0.056346021919077796,0.9436539780809222
660bdc29f5dec2745c7e7ee3,40,black_high,black,1,-0.6059684822202832,-0.15669088671757075,0.6467331995587549,0.6467331995587549
660bdc29f5dec2745c7e7ee3,41,black_high,black,0,-0.23766943223570003,-0.16094296909746691,0.589128439700631,0.589128439700631
660bdc29f5dec2745c7e7ee3,42,black_high,black,0,-0.7819153144141936,-0.3035835472289828,0.6510746146880172,0.6510746146880172
660bdc29f5dec2745c7e7ee3,43,black_high,black,0,-0.5353345711923555,-0.01612118462405067,0.6571410058924774,0.6571410058924774
660bdc29f5dec2745c7e7ee3,44,black_high,black,0,-0.5826559979449898,-0.31237801821435585,0.6194723022172903,0.6194723022172903
660bdc29f5dec2745c7e7ee3,45,black_high,black,0,-0.9156505958030037,-0.049577852870491095,0.7064232535902847,0.7064232535902847
660bdc29f5dec2745c7e7ee3,46,black_high,black,0,-0.6965155021403457,-0.1948818873325678,0.6545385060600991,0.6545385060600991
660bdc29f5dec2745c7e7ee3,47,white_high,white,0,5.290479729936699,1.3351247527924641,0.09244209773912937,0.9075579022608706
660d675bbdf59327d9deb4ad,0,white_high,black,0,0.0,0.0,0.8099926718586359,0.19000732814136412
660d675bbdf59327d9deb4ad,1,black_high,black,0,0.0,0.0,0.8099926718586359,0.8099926718586359
660d675bbdf59327d9deb4ad,2,black_high,black,0,0.0,0.07863720856649123,0.8111536905283302,0.8111536905283302
660d675bbdf59327d9deb4ad,3,white_high,black,0,0.0,0.25791798827542567,0.8137802660812941,0.18621973391870594
660d675bbdf59327d9deb4ad,4,black_high,black,0,0.0,-0.06703593555440865,0.8089986296718977,0.8089986296718977
660d675bbdf59327d9deb4ad,5,white_high,black,0,0.0,1.97962552400193,0.8375779816561794,0.16242201834382064
660d675bbdf59327d9deb4ad,6,black_high,black,0,0.0,-0.19898594148186133,0.8070304153915268,0.8070304153915268
660d675bbdf59327d9deb4ad,7,white_high,white,1,0.0,-0.6194130236176701,0.8006564103294317,0.1993435896705683
660d675bbdf59327d9deb4ad,8,black_high,black,0,0.6152765312331716,-0.6538129032196396,0.7904982571330521,0.7904982571330521
660d675bbdf59327d9deb4ad,9,white_high,black,0,1.50849979814105,4.417487865147396,0.8493715607446392,0.15062843925536085
660d675bbdf59327d9deb4ad,10,white_high,black,0,0.7259436538808413,6.09897594170273,0.8772470018140934,0.12275299818590657
660d675bbdf59327d9deb4ad,11,black_high,black,0,0.4631302587790562,-0.17761283654814483,0.8003288532054974,0.8003288532054974
660d675bbdf59327d9deb4ad,12,black_high,white,0,0.38318514415325383,-1.485109645213217,0.7807964808645184,0.7807964808645184
660d675bbdf59327d9deb4ad,13,white_high,black,0,0.8243163769774815,-6.768927701210215,0.6725680337630595,0.3274319662369405
660d675bbdf59327d9deb4ad,14,white_high,black,0,0.5233557890214122,-6.596894729548534,0.6825042601173243,0.31749573988267565
660d675bbdf59327d9deb4ad,15,black_high,black,0,0.2502991128857838,-6.241921196012861,0.6954435822003657,0.6954435822003657
660d675bbdf59327d9deb4ad,16,white_high,black,0,0.6471377425259788,17.593001881692977,0.9560356919393104,0.04396430806068963
660d675bbdf59327d9deb4ad,17,black_high,black,1,0.2664826317288095,4.672450477452391,0.8668771514039542,0.8668771514039542
660d675bbdf59327d9deb4ad,18,black_high,black,1,0.05020383810784525,-0.45617239183767033,0.8023855323646869,0.8023855323646869
660d675bbdf59327d9deb4ad,19,black_high,black,1,0.1716027259885027,3.4602610615906846,0.8539830148713837,0.8539830148713837
660d675bbdf59327d9deb4ad,20,black_high,black,1,0.005122088690679358,1.856490086876531,0.8358932222760126,0.8358932222760126
660d675bbdf59327d9deb4ad,21,white_high,black,1,0.5753426954670148,-14.190171144838686,0.5075401274349416,0.4924598725650584
660d675bbdf59327d9deb4ad,22,white_high,black,1,0.7034345671238067,-13.115172236424888,0.5302664605184417,0.46973353948155827
660d675bbdf59327d9deb4ad,23,white_high,black,1,0.7227582209061627,-9.11772836319188,0.6233369159318819,0.3766630840681181
660d675bbdf59327d9deb4ad,24,black_high,white,0,0.33318632857850594,0.16393755728278725,0.8074753288357429,0.8074753288357429
660d675bbdf59327d9deb4ad,25,white_high,black,0,1.927612516273612,-10.783832188447807,0.5566741097596579,0.4433258902403421
660d675bbdf59327d9deb4ad,26,white_high,black,0,1.9499188828713225,-9.957843090404332,0.5756531491770824,0.42434685082291757
660d675bbdf59327d9deb4ad,27,black_high,white,0,1.247111589490862,-0.6797606661416771,0.7798309175277637,0.7798309175277637
660d675bbdf59327d9deb4ad,28,white_high,white,0,-0.49189914993538136,-9.531909868620003,0.6412300695489992,0.3587699304510008
660d675bbdf59327d9deb4ad,29,black_high,black,0,-2.9763193384134135,-1.2506245991493699,0.8342288141385757,0.8342288141385757
660d675bbdf59327d9deb4ad,30,black_high,black,0,-3.0343287749667383,-1.880919869964326,0.8264781991201839,0.8264781991201839
660d675bbdf59327d9deb4ad,31,white_high,white,0,-2.764830075262394,1.7162756531471746,0.8677087162216723,0.13229128377832766
660d675bbdf59327d9deb4ad,32,white_high,white,0,-2.2087260875850383,9.244127198050144,0.9276560071482307,0.07234399285176929
660d675bbdf59327d9deb4ad,33,black_high,black,0,-3.883642225451339,1.774934638674678,0.8801732027124844,0.8801732027124844
660d675bbdf59327d9deb4ad,34,white_high,white,1,-3.2370368055623304,-29.664189575718652,0.2513962741770966,0.7486037258229035
660d675bbdf59327d9deb4ad,35,white_high,white,1,-1.4668758490773774,-32.53352119477054,0.17692862072953183,0.8230713792704681
660d675bbdf59327d9deb4ad,36,white_high,white,1,-3.0873887603840755,-37.99880096660065,0.12931873722704565,0.8706812627729543
660d675bbdf59327d9deb4ad,37,white_high,white,1,-1.538046160963117,-35.22738788279867,0.1431357789800378,0.8568642210199622
660d675bbdf59327d9deb4ad,38,white_high,white,0,-3.2616100082814588,-37.99880096660065,0.13121673367359796,0.868783266326402
660d675bbdf59327d9deb4ad,39,black_high,black,0,-3.6772798494831913,-3.448837002461527,0.8133503799891546,0.8133503799891546
660d675bbdf59327d9deb4ad,40,black_high,black,0,-2.7034178646426206,10.0681096327733,0.935717586811342,0.935717586811342
660d675bbdf59327d9deb4ad,41,white_high,white,0,5.0544630377524316,-114.32497977343374,4.4093950912460454e-05,0.9999559060490876
660d675bbdf59327d9deb4ad,42,black_high,black,0,-6.744826446723746,-11.213048905579925,0.7350337658354167,0.7350337658354167
6613f83d1a9cf059d0af91ec,0,black_high,black,0,0.0,0.0,0.43422845284182704,0.43422845284182704
6613f83d1a9cf059d0af91ec,1,black_high,black,1,0.0,0.7837831384864755,0.5070121682038687,0.5070121682038687
6613f83d1a9cf059d0af91ec,2,white_high,white,1,0.0,0.6394268994013581,0.4935370810235467,0.5064629189764533
6613f83d1a9cf059d0af91ec,3,white_high,white,1,0.18305556633340442,0.647802573162054,0.47724577582298605,0.522754224177014
6613f83d1a9cf059d0af91ec,4,black_high,white,0,0.30877128166731005,-0.026355231901138976,0.40377551878876855,0.40377551878876855
6613f83d1a9cf059d0af91ec,5,white_high,white,1,0.06868298644184381,0.6511527691482892,0.4882218540609804,0.5117781459390196
6613f83d1a9cf059d0af91ec,6,white_high,white,1,0.007183536237936924,0.6379496298362537,0.4927287323643421,0.5072712676356579
6613f83d1a9cf059d0af91ec,7,black_high,white,1,0.14271477527854287,-0.05862458841639377,0.4158577907513298,0.4158577907513298
6613f83d1a9cf059d0af91ec,8,black_high,black,0,0.2478325849996077,-0.060071808339390166,0.40622500740820516,0.40622500740820516
6613f83d1a9cf059d0af91ec,9,black_high,black,0,0.16346129859091235,0.014212507024843488,0.4205904218014261,0.4205904218014261
6613f83d1a9cf059d0af91ec,10,white_high,white,0,0.1107322849955664,0.4234739854841236,0.46310725866492586,0.5368927413350741
6613f83d1a9cf059d0af91ec,11,white_high,white,0,0.16816023304546446,0.3939985146597462,0.4550491942019081,0.5449508057980919
6613f83d1a9cf059d0af91ec,12,black_high,black,0,-0.1927400609579878,-0.088976294219354,0.4437704930624449,0.4437704930624449
6613f83d1a9cf059d0af91ec,13,white_high,white,0,-0.03373951250039982,0.8831462128034111,0.5194282002627585,0.4805717997372415
6613f83d1a9cf059d0af91ec,14,black_high,black,0,1.3536265241235474,0.31672436505710355,0.34258265410485456,0.34258265410485456
6613f83d1a9cf059d0af91ec,15,white_high,black,0,0.5200659696467484,-2.0480478347807507,0.22730859413137064,0.7726914058686294
6613f83d1a9cf059d0af91ec,16,black_high,black,0,1.3131834224222843,1.8593403616348714,0.484834460646404,0.484834460646404
6613f83d1a9cf059d0af91ec,17,white_high,white,0,0.5070545973980213,7.279406570036288,0.9058704204194703,0.0941295795805297
6613f83d1a9cf059d0af91ec,18,black_high,black,1,-0.009280188479026452,8.661055932915252,0.9513367727717692,0.9513367727717692
6613f83d1a9cf059d0af91ec,19,white_high,white,1,-1.2022892642551777,-1.4369827794032475,0.41283550677823005,0.5871644932217699
6613f83d1a9cf059d0af91ec,20,black_high,black,1,1.3705432147000014,4.179373175294592,0.6865882908618001,0.6865882908618001
6613f83d1a9cf059d0af91ec,21,white_high,white,0,-0.20959441519168787,-0.5491551249363564,0.4033769733536694,0.5966230266463306
6613f83d1a9cf059d0af91ec,22,black_high,black,0,1.1224201905703852,4.186117349058183,0.7066950369665725,0.7066950369665725
6613f83d1a9cf059d0af91ec,23,white_high,white,0,-0.22308824675412164,-0.2786280000343673,0.4291405567947051,0.5708594432052949
6613f83d1a9cf059d0af91ec,24,white_high,white,0,-0.2902884544907371,0.1451864249166328,0.4745195360957241,0.5254804639042758
6613f83d1a9cf059d0af91ec,25,white_high,white,0,-0.5080188643142467,-0.09006157707578633,0.472888762800115,0.527111237199885
6613f83d1a9cf059d0af91ec,26,black_high,black,0,2.1682369793379968,4.086191514151828,0.6110096059165551,0.6110096059165551
6613f83d1a9cf059d0af91ec,27,white_high,white,1,0.48936533380652025,-0.14362907860971752,0.37730942507781146,0.6226905749221885
6613f83d1a9cf059d0af91ec,28,black_high,black,1,0.7199499267220768,4.951087251109478,0.788401461811504,0.788401461811504
6613f83d1a9cf059d0af91ec,29,white_high,white,1,0.03257468152927895,-0.7121253011670898,0.3675607031611208,0.6324392968388792
6613f83d1a9cf059d0af91ec,30,white_high,white,0,-0.10234979717347306,-0.6319049758314921,0.38642630862575766,0.6135736913742423
6613f83d1a9cf059d0af91ec,31,white_high,white,0,-0.16180032632768165,-0.681753686654503,0.3872767526892673,0.6127232473107327
6613f83d1a9cf059d0af91ec,32,black_high,black,0,0.7114054313263776,4.420728289993498,0.754075417502514,0.754075417502514
6613f83d1a9cf059d0af91ec,33,black_high,black,0,0.7476363964884513,4.4467904373326395,0.7533705811509276,0.7533705811509276
6613f83d1a9cf059d0af91ec,34,black_high,black,0,0.771476977927879,4.376294216395094,0.74676721473652,0.74676721473652
6613f83d1a9cf059d0af91ec,35,black_high,black,0,0.7296988010755114,4.262208978732989,0.7416274289636371,0.7416274289636371
6613f83d1a9cf059d0af91ec,36,black_high,black,0,0.6082442463510574,4.5574753188297485,0.770307950636371,0.770307950636371
6613f83d1a9cf059d0af91ec,37,white_high,black,0,0.11459414824947659,-3.098202697578036,0.18781047699658282,0.8121895230034172
6613f83d1a9cf059d0af91ec,38,white_high,white,0,0.007045599920319251,-4.3455112891045715,0.13125647369710416,0.8687435263028959
6613f83d1a9cf059d0af91ec,39,black_high,black,1,0.019651636665811087,-1.484757420372129,0.3044117991942401,0.3044117991942401
6613f83d1a9cf059d0af91ec,40,black_high,black,1,0.08289090006075718,-0.24983861916351557,0.4039910134968038,0.4039910134968038
6613f83d1a9cf059d0af91ec,41,black_high,black,1,0.08314684634354452,-0.6527275982857499,0.36832711242799626,0.36832711242799626
6613f83d1a9cf059d0af91ec,42,white_high,black,0,-0.4369060906232586,-1.1762639752183333,0.368024531010509,0.631975468989491
6613f83d1a9cf059d0af91ec,43,black_high,black,0,0.07668273604533524,12.475109975216629,0.9874454700730457,0.9874454700730457
6613f83d1a9cf059d0af91ec,44,white_high,white,0,-0.38889619388461144,-3.0233433850688076,0.22298752754413598,0.777012472455864
6613f83d1a9cf059d0af91ec,45,white_high,white,0,1.138718757286257,-2.2642226217379604,0.17721931362618232,0.8227806863738176
6613f83d1a9cf059d0af91ec,46,white_high,white,0,-1.5623900395699848,-3.74933933658283,0.2532711038284751,0.7467288961715248
6613f83d1a9cf059d0af91ec,47,black_high,black,0,5.060213251957289,11.12858432457277,0.8809390138051933,0.8809390138051933
6614fb6af3c5aa23b962ea2d,0,white_high,black,0,0.0,0.0,0.7397921692052564,0.26020783079474363
6614fb6af3c5aa23b962ea2d,1,white_high,white,1,0.0,0.0,0.7397921692052564,0.26020783079474363
6614fb6af3c5aa23b962ea2d,2,white_high,black,0,0.05921130117748352,0.0,0.6539234558955747,0.34607654410442534
6614fb6af3c5aa23b962ea2d,3,white_high,black,0,0.04926617066724802,0.0,0.6692847305607783,0.3307152694392217
6614fb6af3c5aa23b962ea2d,4,black_high,black,0,0.32888910625998363,0.0,0.22715462984333407,0.22715462984333407
6614fb6af3c5aa23b962ea2d,5,white_high,black,0,0.042066526974352245,0.2527765758974898,0.9240568901891998,0.07594310981080021
6614fb6af3c5aa23b962ea2d,6,white_high,white,0,0.05329751010494932,0.17114611192956453,0.8650688716959188,0.13493112830408116
6614fb6af3c5aa23b962ea2d,7,black_high,black,0,0.4946506013519496,0.26588263878101276,0.36967494098092085,0.36967494098092085
6614fb6af3c5aa23b962ea2d,8,white_high,white,0,0.07380979417875493,0.0623516429137904,0.7242870146501604,0.27571298534983957
6614fb6af3c5aa23b962ea2d,9,white_high,black,0,0.18376103797048257,0.08087718072074955,0.5829728894179858,0.41702711058201425
6614fb6af3c5aa23b962ea2d,10,white_high,black,0,0.12684710831099133,0.10122240533605328,0.7043456210802034,0.2956543789197966
6614fb6af3c5aa23b962ea2d,11,black_high,white,0,0.7812696497846624,0.12010304911109305,0.02882777296877412,0.02882777296877412
6614fb6af3c5aa23b962ea2d,12,black_high,white,0,0.7564971819601103,0.1553412433583292,0.04297994803302294,0.04297994803302294
6614fb6af3c5aa23b962ea2d,13,black_high,white,0,0.7455965454204213,0.12301436316950731,0.037293416646131436,0.037293416646131436
6614fb6af3c5aa23b962ea2d,14,black_high,white,1,0.7502923653553135,0.11164331529786728,0.03351109185436139,0.03351109185436139
6614fb6af3c5aa23b962ea2d,15,black_high,white,1,0.7179024490671846,0.09317462998749464,0.03676550775807257,0.03676550775807257
6614fb6af3c5aa23b962ea2d,16,white_high,black,0,0.19125025865246953,0.09664621692239685,0.5967929954909021,0.40320700450909785
6614fb6af3c5aa23b962ea2d,17,black_high,white,0,0.8191297883233812,0.16867221513713446,0.030970130976071906,0.030970130976071906
6614fb6af3c5aa23b962ea2d,18,black_high,white,0,0.7598451927617572,0.12267440994641776,0.0338430286959913,0.0338430286959913
6614fb6af3c5aa23b962ea2d,19,black_high,white,1,0.8275306638518067,0.10958386757519836,0.019667038189770124,0.019667038189770124
6614fb6af3c5aa23b962ea2d,20,black_high,white,0,0.7763984295372348,0.1796448347798452,0.04424689316469079,0.04424689316469079
6614fb6af3c5aa23b962ea2d,21,black_high,white,0,0.6985840103273583,0.1199947272895272,0.04986045716039167,0.04986045716039167
6614fb6af3c5aa23b962ea2d,22,white_high,black,0,0.09512397459707614,0.0961356511354596,0.741133676677996,0.258866323322004
6614fb6af3c5aa23b962ea2d,23,black_high,white,0,0.7914249599993546,0.1925284764389683,0.04362580545718468,0.04362580545718468
6614fb6af3c5aa23b962ea2d,24,black_high,white,0,0.7581605563107312,0.15988623852066586,0.0438052696837196,0.0438052696837196
6614fb6af3c5aa23b962ea2d,25,white_high,black,0,0.1321367238088188,0.13362491609824456,0.7417639867143385,0.2582360132856615
6614fb6af3c5aa23b962ea2d,26,white_high,black,1,0.11193909635585073,0.07624938547599872,0.6896812268807372,0.3103187731192628
6614fb6af3c5aa23b962ea2d,27,white_high,white,0,0.19698526303050604,0.10613826840548124,0.6030150702528714,0.3969849297471286
6614fb6af3c5aa23b962ea2d,28,black_high,white,1,0.6034049618694095,0.15135867858836155,0.11162655638920521,0.11162655638920521
6614fb6af3c5aa23b962ea2d,29,white_high,black,0,0.05106961375492529,0.09888870584349552,0.7981611049173387,0.20183889508266128
6614fb6af3c5aa23b962ea2d,30,black_high,white,1,0.603708286386297,0.1179694594852429,0.09056860332459732,0.09056860332459732
6614fb6af3c5aa23b962ea2d,31,black_high,white,0,0.6018734301047692,0.11362541613068686,0.0891526412553985,0.0891526412553985
6614fb6af3c5aa23b962ea2d,32,white_high,black,0,0.030740484006155804,0.06372902782897077,0.7811720760638419,0.21882792393615813
6614fb6af3c5aa23b962ea2d,33,white_high,black,0,0.021504920764476715,0.04037536507543004,0.7640646904087754,0.23593530959122455
6614fb6af3c5aa23b962ea2d,34,white_high,black,0,0.02295026342812083,0.05282968950897532,0.7774827513351888,0.22251724866481115
6614fb6af3c5aa23b962ea2d,35,white_high,black,0,0.0909101344235671,0.09347126973553457,0.743179552448764,0.256820447551236
6614fb6af3c5aa23b962ea2d,36,black_high,white,1,0.596036164053176,0.1082531465617533,0.08941352763916119,0.08941352763916119
6614fb6af3c5aa23b962ea2d,37,white_high,black,0,0.012542403541326455,0.051110854780026,0.7876823103267849,0.21231768967321507
6614fb6af3c5aa23b962ea2d,38,white_high,black,0,0.01772817578547142,0.06983358791465318,0.8028837479669123,0.1971162520330877
6614fb6af3c5aa23b962ea2d,39,black_high,white,0,0.5975426288099317,0.15726500320554587,0.11993673366745781,0.11993673366745781
6614fb6af3c5aa23b962ea2d,40,white_high,white,0,0.02419684233691953,0.029463548643207445,0.7467264776091284,0.25327352239087164
6614fb6af3c5aa23b962ea2d,41,black_high,white,0,0.3021356109361457,0.17971285486691885,0.5498763075854965,0.5498763075854965
6614fb6af3c5aa23b962ea2d,42,black_high,white,0,0.3655839731222289,0.15432748349119801,0.39824516308014557,0.39824516308014557
6614fb6af3c5aa23b962ea2d,43,black_high,black,1,0.20255499367144736,0.19424344330661936,0.7286015330574767,0.7286015330574767
6614fb6af3c5aa23b962ea2d,44,black_high,black,1,0.20255499367144736,0.18470205299401643,0.7153890262895745,0.7153890262895745
6614fb6af3c5aa23b962ea2d,45,black_high,white,0,0.24321541260355312,0.16673004978947714,0.6264785744350033,0.6264785744350033
6631997e0554bb6d25062fd4,0,white_high,black,0,0.0,0.0,0.6335111247183611,0.36648887528163887
6631997e0554bb6d25062fd4,1,black_high,white,0,0.0,0.0,0.6335111247183611,0.6335111247183611
6631997e0554bb6d25062fd4,2,black_high,black,0,0.0,0.0,0.6335111247183611,0.6335111247183611
6631997e0554bb6d25062fd4,3,black_high,black,0,0.0,0.18677207445184849,0.8667451657752954,0.8667451657752954
6631997e0554bb6d25062fd4,4,black_high,black,0,0.0,0.2219453914615359,0.8930270569286297,0.8930270569286297
6631997e0554bb6d25062fd4,5,black_high,black,0,0.0,0.2714951931915214,0.9222704676716864,0.9222704676716864
6631997e0554bb6d25062fd4,6,black_high,black,0,0.0,0.3523655242257935,0.9546696608076471,0.9546696608076471
6631997e0554bb6d25062fd4,7,black_high,white,0,0.0,0.19982827650894974,0.8770856765391372,0.8770856765391372
6631997e0554bb6d25062fd4,8,white_high,black,0,0.0,0.12797956281597905,0.8108190758151855,0.18918092418481447
6631997e0554bb6d25062fd4,9,white_high,white,0,0.0,0.0820098810944173,0.7556875789904288,0.24431242100957118
6631997e0554bb6d25062fd4,10,white_high,white,0,0.18787303666380478,0.10300418221711263,0.4862918816414017,0.5137081183585983
6631997e0554bb6d25062fd4,11,black_high,black,0,0.2959242698576186,0.2624413019212164,0.5768226172251073,0.5768226172251073
6631997e0554bb6d25062fd4,12,black_high,black,0,0.2074730898904022,0.21209226699857042,0.6410865178774445,0.6410865178774445
6631997e0554bb6d25062fd4,13,white_high,white,0,0.34885821354435764,0.2077442998523395,0.3884309942803383,0.6115690057196617
6631997e0554bb6d25062fd4,14,black_high,black,0,0.25422079307882084,0.3526515379962469,0.7765526085122227,0.7765526085122227
6631997e0554bb6d25062fd4,15,white_high,black,0,0.203824876817762,0.12203288871635769,0.491746887366423,0.508253112633577
6631997e0554bb6d25062fd4,16,white_high,white,0,0.252213529453217,0.07822570357377648,0.3346658187720648,0.6653341812279352
6631997e0554bb6d25062fd4,17,white_high,white,0,0.2748448661534365,0.11569450410868372,0.35849937998766424,0.6415006200123358
6631997e0554bb6d25062fd4,18,white_high,white,0,0.19879314213861055,0.09382517935229201,0.4507967502721852,0.5492032497278148
6631997e0554bb6d25062fd4,19,white_high,white,0,0.11888243889158737,0.0811774660424061,0.5694941711934876,0.43050582880651245
6631997e0554bb6d25062fd4,20,white_high,black,0,0.2950934718089685,0.09053063151573207,0.2882105859396018,0.7117894140603982
6631997e0554bb6d25062fd4,21,black_high,black,0,0.1797911791746747,0.2277756716671826,0.7084288634263731,0.7084288634263731
6631997e0554bb6d25062fd4,22,white_high,black,1,0.17144938887856456,0.10104017002351365,0.5119344292668501,0.48806557073314993
6631997e0554bb6d25062fd4,23,black_high,black,1,0.22470429607203307,0.31516748157785474,0.7665903525140655,0.7665903525140655
6631997e0554bb6d25062fd4,24,white_high,black,1,0.22049458371198966,0.0941229801431744,0.4135488701001321,0.5864511298998679
6631997e0554bb6d25062fd4,25,black_high,black,0,0.2635294497246676,0.5952501324358933,0.9478914515488513,0.9478914515488513
6631997e0554bb6d25062fd4,26,white_high,white,0,0.17805486459520317,0.3970576958750618,0.8910161742257733,0.10898382577422672
6631997e0554bb6d25062fd4,27,black_high,black,0,0.1983972176805608,0.5853891011079604,0.9641902135283378,0.9641902135283378
6631997e0554bb6d25062fd4,28,black_high,black,0,0.2048009245009951,0.5826866953618163,0.9618912803682341,0.9618912803682341
6631997e0554bb6d25062fd4,29,black_high,black,0,0.22783268069745027,0.5828527241403363,0.9554777744944374,0.9554777744944374
6631997e0554bb6d25062fd4,30,black_high,black,0,0.21783317138235225,0.5794901547986296,0.9574385629424081,0.9574385629424081
6631997e0554bb6d25062fd4,31,white_high,black,0,0.22917172336721187,0.3238387028017176,0.7718846996617474,0.22811530033825256
6631997e0554bb6d25062fd4,32,white_high,white,0,0.23387350707343,-0.011795500026676453,0.23223314485939203,0.7677668551406079
6631997e0554bb6d25062fd4,33,white_high,white,0,0.3566595412150674,0.04136657193941072,0.15581063814037566,0.8441893618596243
6631997e0554bb6d25062fd4,34,black_high,black,0,0.22427266904840426,0.2974480539448354,0.7439304211146939,0.7439304211146939
6631997e0554bb6d25062fd4,35,black_high,black,0,0.31042607871738165,0.4696267212357662,0.8424881300952825,0.8424881300952825
6631997e0554bb6d25062fd4,36,white_high,white,0,0.3837034720051107,0.2036553786584272,0.3251606369599076,0.6748393630400924
6631997e0554bb6d25062fd4,37,black_high,black,0,0.2617166615989293,0.3909511132472778,0.812181034335361,0.812181034335361
6631997e0554bb6d25062fd4,38,white_high,white,0,0.3235260341361427,0.11457118792803306,0.2818603035707765,0.7181396964292235
6631997e0554bb6d25062fd4,39,white_high,white,0,0.24971818786647082,0.0410095045783032,0.2822139679058822,0.7177860320941178
6631997e0554bb6d25062fd4,40,black_high,black,0,0.20678623681372585,0.32994042691237657,0.805511503060484,0.805511503060484
6631997e0554bb6d25062fd4,41,white_high,black,1,0.3047980864277857,0.1412551834026729,0.35136402305806824,0.6486359769419318
6631997e0554bb6d25062fd4,42,black_high,black,0,0.19991489825565015,0.35463794594733256,0.8382262954273311,0.8382262954273311
6631997e0554bb6d25062fd4,43,white_high,white,0,0.3047980864277857,-0.1355631738507849,0.07062610544296277,0.9293738945570372
6631997e0554bb6d25062fd4,44,black_high,black,1,0.18690214733262187,0.3467474108153751,0.843094114415073,0.843094114415073
6631997e0554bb6d25062fd4,45,white_high,white,1,0.2844202920814871,-0.13729315499267758,0.07981945563955077,0.9201805443604493
6631997e0554bb6d25062fd4,46,white_high,white,1,0.7067199141385365,-0.11863396551981914,0.004924067047895429,0.9950759329521046
6631997e0554bb6d25062fd4,47,black_high,black,0,-3.3144231754040074,0.33618677376561884,0.9999999999967386,0.9999999999967386
663636e1e732142a9c211523,0,black_high,black,0,0.0,0.0,0.8115459700171711,0.8115459700171711
663636e1e732142a9c211523,1,black_high,black,0,0.0,0.11806238603236924,0.8115621334935321,0.8115621334935321
663636e1e732142a9c211523,2,white_high,black,1,0.0,0.08421141596174395,0.8115574991936322,0.18844250080636782
663636e1e732142a9c211523,3,black_high,black,1,0.0,-0.041321153841066216,0.8115403126422407,0.8115403126422407
663636e1e732142a9c211523,4,white_high,white,1,0.0,2.4364533129055705,0.8118793199937226,0.18812068000627735
663636e1e732142a9c211523,5,black_high,black,1,4.499909468199409,2.264460445832186,0.811239722208305,0.811239722208305
663636e1e732142a9c211523,6,white_high,white,1,0.6018389047153236,-20.793042943635335,0.808599288349833,0.19140071165016703
663636e1e732142a9c211523,7,white_high,white,1,-5.5363300251653005,-21.096690798319607,0.8094063387313468,0.19059366126865318
663636e1e732142a9c211523,8,black_high,black,1,146.32614870844037,-18.465183897094658,0.7879422414165885,0.7879422414165885
663636e1e732142a9c211523,9,white_high,white,0,23.52039358305251,252.56384718448442,0.8409249219822511,0.1590750780177489
663636e1e732142a9c211523,10,white_high,white,0,-4.213434065980926,226.56029538465623,0.8411320144540003,0.15886798554599968
663636e1e732142a9c211523,11,black_high,black,1,-73.68925140806681,251.07664214354884,0.8520557711397946,0.8520557711397946
663636e1e732142a9c211523,12,white_high,white,0,8.10863802498842,-2430.380677498407,0.3267672161377702,0.6732327838622298
663636e1e732142a9c211523,13,white_high,white,0,-25.104668886397985,-2065.3894373436233,0.40941812840192326,0.5905818715980767
663636e1e732142a9c211523,14,white_high,white,0,24.70778042873212,-3031.1072587182043,0.21832202743704776,0.7816779725629522
663636e1e732142a9c211523,15,white_high,white,0,-53.95077062054658,-2844.369918667413,0.2615573444120707,0.7384426555879293
663636e1e732142a9c211523,16,black_high,black,0,91.0776702796314,-1499.9905884797683,0.5089406141932153,0.5089406141932153
663636e1e732142a9c211523,17,black_high,black,0,65.19080368223531,-347.5568074216786,0.7484939758349752,0.7484939758349752
663636e1e732142a9c211523,18,black_high,black,1,74.34429646240582,-173.6086279587686,0.7752366103821816,0.7752366103821816
663636e1e732142a9c211523,19,white_high,black,0,50.273795233079944,5019.818808504875,0.9972919432563649,0.0027080567436350567
663636e1e732142a9c211523,20,black_high,black,1,21.31644594430621,-1666.4984309097622,0.48729246664466846,0.48729246664466846
663636e1e732142a9c211523,21,white_high,black,1,47.24983924236713,3335.908400688857,0.9879204297243561,0.01207957027564388
663636e1e732142a9c211523,22,black_high,black,1,94.63739991797388,-2268.5456513481254,0.34176714158101135,0.34176714158101135
663636e1e732142a9c211523,23,black_high,white,1,71.21785442194552,-2623.116902711211,0.27850782581212,0.27850782581212
663636e1e732142a9c211523,24,white_high,white,0,-119.43788352411977,-4817.320109122951,0.060344331817577396,0.9396556681824226
663636e1e732142a9c211523,25,white_high,white,0,-236.38741381776816,-4654.707597187803,0.07619654787486711,0.9238034521251329
663636e1e732142a9c211523,26,black_high,black,0,207.7976235467609,-2778.632121777122,0.22910740671679863,0.22910740671679863
663636e1e732142a9c211523,27,black_high,black,0,222.17056906785928,-194.78510485110337,0.7477841626015408,0.7477841626015408
663636e1e732142a9c211523,28,black_high,black,0,236.86751748898936,744.140312805157,0.8714898549981203,0.8714898549981203
663636e1e732142a9c211523,29,black_high,black,0,210.7861521972885,-605.4507132274023,0.6746721787866374,0.6746721787866374
663636e1e732142a9c211523,30,white_high,white,0,-177.47352189174944,-4867.579311318226,0.06074027629743394,0.939259723702566
663636e1e732142a9c211523,31,black_high,black,0,210.74065552857422,69.44351616748418,0.7914351722605502,0.7914351722605502
663636e1e732142a9c211523,32,black_high,black,0,217.35168724235749,247.465626874515,0.8156343077209771,0.8156343077209771
663636e1e732142a9c211523,33,white_high,white,0,-205.80928650236854,-6446.675417443613,0.01587945696557909,0.9841205430344209
663636e1e732142a9c211523,34,black_high,black,0,241.81158913011262,584.4187272381,0.8540577793366231,0.8540577793366231
663636e1e732142a9c211523,35,black_high,black,0,272.0574985773847,-397.56998756817006,0.7027939205761725,0.7027939205761725
663636e1e732142a9c211523,36,black_high,black,0,267.78773177222143,236.92706766929587,0.8072844058849722,0.8072844058849722
663636e1e732142a9c211523,37,white_high,white,0,-171.13338490413463,-7428.367011014582,0.006454053104257413,0.9935459468957426
663636e1e732142a9c211523,38,white_high,white,0,-220.43394709882534,-7162.494579616619,0.008539896291934187,0.9914601037080658
663636e1e732142a9c211523,39,white_high,white,0,-165.19952666258183,-7594.635443156728,0.005537126496316739,0.9944628735036832
663636e1e732142a9c211523,40,white_high,white,0,-216.87248087069463,-7723.346405959201,0.005170040366678952,0.994829959633321
663636e1e732142a9c211523,41,black_high,black,0,202.88914454818263,636.0897049236555,0.8638788308713312,0.8638788308713312
663636e1e732142a9c211523,42,black_high,black,1,166.51045744235745,407.56450257840197,0.8423579330052287,0.8423579330052287
663636e1e732142a9c211523,43,white_high,white,1,-184.39365831043244,-6657.202611800032,0.012940647864300483,0.9870593521356995
663636e1e732142a9c211523,44,white_high,white,1,-312.6490860869812,-5742.331796448032,0.032278199240504436,0.9677218007594955
664c9a37d570871d534dd3c2,0,black_high,black,0,0.0,0.0,0.49624788590790747,0.49624788590790747
664c9a37d570871d534dd3c2,1,white_high,white,0,0.0,0.21353216266903707,0.7927413003456973,0.20725869965430266
664c9a37d570871d534dd3c2,2,white_high,white,0,0.20913710574646655,0.20033498619070864,0.48227560791134805,0.517724392088652
664c9a37d570871d534dd3c2,3,black_high,white,0,0.04778642117764413,0.045910929189568295,0.49326954197309386,0.49326954197309386
664c9a37d570871d534dd3c2,4,white_high,white,0,0.3910223228006266,0.21126294199414408,0.23921406354100852,0.7607859364589915
664c9a37d570871d534dd3c2,5,black_high,white,0,0.049756023087434244,0.037283118557141906,0.47645561626040783,0.47645561626040783
664c9a37d570871d534dd3c2,6,black_high,black,0,0.036367797785681985,0.03458127878002411,0.49341082491642374,0.49341082491642374
664c9a37d570871d534dd3c2,7,white_high,white,0,0.5218025728733692,0.28854799691634037,0.18289727139609302,0.817102728603907
664c9a37d570871d534dd3c2,8,white_high,white,0,0.5366934957245756,0.2651974079799263,0.14934052550700644,0.8506594744929936
664c9a37d570871d534dd3c2,9,black_high,black,0,0.05207389355517688,0.047051675281040546,0.4882736156712629,0.4882736156712629
664c9a37d570871d534dd3c2,10,black_high,black,0,0.04873940861950175,0.059010254378301624,0.5125574611484637,0.5125574611484637
664c9a37d570871d534dd3c2,11,white_high,white,0,0.608731251864122,0.35562572780806273,0.16479839028749402,0.835201609712506
664c9a37d570871d534dd3c2,12,white_high,white,0,0.5667198499667575,0.3475813826793256,0.1966819649683803,0.8033180350316197
664c9a37d570871d534dd3c2,13,black_high,black,0,0.025491306997865042,0.09105823083608099,0.5990547536583285,0.5990547536583285
664c9a37d570871d534dd3c2,14,black_high,white,0,0.021078781192534767,0.06910240960562843,0.5720152760014721,0.5720152760014721
664c9a37d570871d534dd3c2,15,black_high,black,0,0.02768828906641227,0.07295830992218699,0.5677273927888269,0.5677273927888269
664c9a37d570871d534dd3c2,16,black_high,black,0,0.014890206953199057,0.052347483874818926,0.5555081948613965,0.5555081948613965
664c9a37d570871d534dd3c2,17,white_high,white,0,0.4381919257231184,0.3665367127186837,0.38456332320067976,0.6154366767993202
664c9a37d570871d534dd3c2,18,white_high,white,1,0.43603262420633865,0.3715070391279768,0.3953376163539828,0.6046623836460172
664c9a37d570871d534dd3c2,19,black_high,white,1,0.03191685449686616,0.08599566157195618,0.581405515011457,0.581405515011457
664c9a37d570871d534dd3c2,20,white_high,white,1,0.5405270310011487,0.4046298102225617,0.29352117103947223,0.7064788289605277
664c9a37d570871d534dd3c2,21,white_high,white,0,0.5908956121144223,0.37324710178603265,0.198181787372223,0.801818212627777
664c9a37d570871d534dd3c2,22,black_high,black,0,0.05176779837616664,0.07064280125674807,0.5262013105459455,0.5262013105459455
664c9a37d570871d534dd3c2,23,white_high,white,1,0.6844964886570919,0.36056444582640024,0.11175877714629363,0.8882412228537063
664c9a37d570871d534dd3c2,24,black_high,black,1,0.047619965392314265,0.050369734967977406,0.5006150339239751,0.5006150339239751
664c9a37d570871d534dd3c2,25,white_high,white,1,0.7448069773467457,0.3844604072562806,0.09077269257447688,0.9092273074255232
664c9a37d570871d534dd3c2,26,white_high,white,1,0.6597076969641897,0.3868236317283823,0.14822381419761158,0.8517761858023885
664c9a37d570871d534dd3c2,27,black_high,black,0,0.019036568295066246,0.05947070741281049,0.5601727797964605,0.5601727797964605
664c9a37d570871d534dd3c2,28,black_high,black,1,0.020627610165381498,0.06476845562427966,0.5659660787621054,0.5659660787621054
664c9a37d570871d534dd3c2,29,black_high,white,1,0.0416722717575498,0.0822414299315269,0.5603841021152196,0.5603841021152196
664c9a37d570871d534dd3c2,30,white_high,black,1,0.5934709234232327,0.47452289189742514,0.31633466533695387,0.6836653346630461
664c9a37d570871d534dd3c2,31,black_high,black,1,0.013110372987340066,0.03665668923507387,0.5335936859927676,0.5335936859927676
664c9a37d570871d534dd3c2,32,white_high,white,0,0.5762053078223295,0.5865506242654903,0.5126756611220115,0.48732433887798854
664c9a37d570871d534dd3c2,33,black_high,black,0,0.030380107707037765,0.08416491102517187,0.5809508829322954,0.5809508829322954
664c9a37d570871d534dd3c2,34,white_high,white,1,0.6631637322116695,0.5377305499864055,0.30749279350338543,0.6925072064966146
664c9a37d570871d534dd3c2,35,black_high,black,0,0.04368354386211429,0.08160769118371965,0.5562404246483915,0.5562404246483915
664c9a37d570871d534dd3c2,36,white_high,black,1,0.5224638344714069,0.5172125381573593,0.4879099974205989,0.5120900025794011
664c9a37d570871d534dd3c2,37,black_high,black,1,-0.01334983830933616,0.014935859395526493,0.5410787166184962,0.5410787166184962
664c9a37d570871d534dd3c2,38,white_high,white,1,0.4128317444603782,0.6217656142991278,0.787900599263628,0.212099400736372
66723b1f7c3cf6961f0868a3,0,white_high,black,0,0.0,0.0,0.7618107793962484,0.23818922060375158
66723b1f7c3cf6961f0868a3,1,black_high,black,0,0.0,0.0,0.7618107793962484,0.7618107793962484
66723b1f7c3cf6961f0868a3,2,white_high,white,0,0.0,0.14882716250118394,0.7907537581240145,0.2092462418759855
66723b1f7c3cf6961f0868a3,3,white_high,black,0,0.11470315603947516,0.15729906743585836,0.7703670223486275,0.22963297765137247
66723b1f7c3cf6961f0868a3,4,black_high,black,1,0.4023836052065499,0.6492280133058789,0.8083550108313288,0.8083550108313288
66723b1f7c3cf6961f0868a3,5,black_high,black,1,0.2171563527228783,0.6543797007475575,0.8392664478282594,0.8392664478282594
66723b1f7c3cf6961f0868a3,6,black_high,black,1,0.2808985381366199,0.7495485960597303,0.843962404765472,0.843962404765472
66723b1f7c3cf6961f0868a3,7,black_high,black,0,0.2544156370495164,0.9992377950853013,0.8805461826940267,0.8805461826940267
66723b1f7c3cf6961f0868a3,8,black_high,black,0,0.3599496864047259,0.6694952015065554,0.8190089602231978,0.8190089602231978
66723b1f7c3cf6961f0868a3,9,black_high,black,0,0.295640008897295,0.6524939391366054,0.8267379227192327,0.8267379227192327
66723b1f7c3cf6961f0868a3,10,black_high,black,0,0.23489023336909542,0.5108702476421536,0.8133640754163335,0.8133640754163335
66723b1f7c3cf6961f0868a3,11,black_high,black,1,0.2762199062634066,0.5120115326543858,0.8064281450284211,0.8064281450284211
66723b1f7c3cf6961f0868a3,12,black_high,black,0,0.3227683934973376,-0.32454164219430837,0.6075364748123552,0.6075364748123552
66723b1f7c3cf6961f0868a3,13,white_high,black,0,0.17988784068529073,-0.1451742596814394,0.6895943000230729,0.31040569997692713
66723b1f7c3cf6961f0868a3,14,white_high,black,1,0.16757694631875952,-0.17838582795116661,0.6845567357009786,0.31544326429902136
66723b1f7c3cf6961f0868a3,15,white_high,white,0,0.19320584612528954,-0.6475352425754616,0.5548097499449953,0.4451902500550047
66723b1f7c3cf6961f0868a3,16,white_high,black,1,0.21216713304691479,-0.5459201905254234,0.577564218562926,0.42243578143707405
66723b1f7c3cf6961f0868a3,17,black_high,black,0,0.2897939483357454,1.1268228337120167,0.890998442665879,0.890998442665879
66723b1f7c3cf6961f0868a3,18,black_high,black,0,0.31457612255738654,1.115743942693798,0.8870322152665401,0.8870322152665401
66723b1f7c3cf6961f0868a3,19,white_high,black,0,0.1625409260550999,2.075115643088475,0.9646585134755051,0.03534148652449487
66723b1f7c3cf6961f0868a3,20,white_high,white,0,0.15097070799223372,-1.047506576809311,0.4548941816825479,0.5451058183174521
66723b1f7c3cf6961f0868a3,21,black_high,black,0,0.38540398719419816,0.07735936908777752,0.6936630489650851,0.6936630489650851
66723b1f7c3cf6961f0868a3,22,white_high,white,0,0.26716592683964285,-0.8357928596589219,0.48154975527001304,0.518450244729987
66723b1f7c3cf6961f0868a3,23,black_high,black,0,0.27828168344566573,0.9984713964287396,0.8776109464381714,0.8776109464381714
66723b1f7c3cf6961f0868a3,24,black_high,white,0,0.4538388964964074,0.44260913828238846,0.7595189040162239,0.7595189040162239
66723b1f7c3cf6961f0868a3,25,white_high,black,0,0.0908709100845946,-1.1794812332126365,0.434997438731392,0.565002561268608
66723b1f7c3cf6961f0868a3,26,white_high,black,0,0.05405147589461499,0.44882177699731735,0.832742284963431,0.16725771503656905
66723b1f7c3cf6961f0868a3,27,black_high,black,0,0.23940209224088027,0.7784775609840328,0.8540793452859994,0.8540793452859994
66723b1f7c3cf6961f0868a3,28,white_high,black,0,0.027422425760744173,0.5256459329169544,0.8482787276318646,0.15172127236813537
66723b1f7c3cf6961f0868a3,29,black_high,black,0,0.2554898240038594,0.42344424451221885,0.7942795710122077,0.7942795710122077
66723b1f7c3cf6961f0868a3,30,white_high,white,0,0.093821165120717,0.7318043734220876,0.8673629644344094,0.1326370355655906
66723b1f7c3cf6961f0868a3,31,black_high,white,0,0.24563037593229203,0.4759601136109433,0.8054705357473934,0.8054705357473934
66723b1f7c3cf6961f0868a3,32,white_high,black,0,0.08234385177170675,0.6685095112477655,0.860536287930446,0.139463712069554
66723b1f7c3cf6961f0868a3,33,black_high,black,0,0.2194720855930399,0.5529430087713743,0.8229508318580777,0.8229508318580777
66723b1f7c3cf6961f0868a3,34,black_high,black,0,0.268037450810902,0.8064214209557304,0.8539827070828713,0.8539827070828713
66723b1f7c3cf6961f0868a3,35,white_high,black,0,0.07795087410747556,0.9650659154182939,0.8963331140616219,0.10366688593837814
66723b1f7c3cf6961f0868a3,36,white_high,black,0,0.09694218723960463,0.6541902188381858,0.8566000275894976,0.1433999724105024
66723b1f7c3cf6961f0868a3,37,black_high,black,0,0.2844054280222452,0.7154482881751694,0.838329591818567,0.838329591818567
66723b1f7c3cf6961f0868a3,38,white_high,black,0,0.09694218723960463,0.6856026697574908,0.8608716048936242,0.13912839510637576
66723b1f7c3cf6961f0868a3,39,white_high,black,0,0.10234211991433356,0.5164065752958548,0.8357332724953059,0.16426672750469407
66723b1f7c3cf6961f0868a3,40,black_high,white,1,0.2603640095695832,0.9144165194132547,0.8694217435164399,0.8694217435164399
66723b1f7c3cf6961f0868a3,41,white_high,black,1,0.04957615747969821,0.776899961652044,0.8784673820484913,0.12153261795150871
66723b1f7c3cf6961f0868a3,42,white_high,black,1,0.05770068379184988,0.6291038730601647,0.8585382585329375,0.14146174146706247
66723b1f7c3cf6961f0868a3,43,black_high,white,1,0.22764467600766009,0.9122751711068763,0.8732643545122631,0.8732643545122631
66723b1f7c3cf6961f0868a3,44,white_high,black,1,0.1913822391264599,0.6239829919179969,0.8385661563100671,0.16143384368993285
66723b1f7c3cf6961f0868a3,45,black_high,black,0,0.3290719737713398,0.6925882714926127,0.8278051643565666,0.8278051643565666
66723b1f7c3cf6961f0868a3,46,white_high,black,0,0.17372346213874618,-0.39367938088279075,0.6286776828830063,0.3713223171169937
66723b1f7c3cf6961f0868a3,47,white_high,white,0,0.18469213958462521,0.5348229844269021,0.8256556614861287,0.17434433851387132
667a7ab2a6179deb78e9dd1a,0,white_high,black,0,0.0,0.0,0.5157740737484385,0.48422592625156147
667a7ab2a6179deb78e9dd1a,1,white_high,black,0,0.0,0.0,0.5157740737484385,0.48422592625156147
667a7ab2a6179deb78e9dd1a,2,black_high,white,0,0.0,0.0,0.5157740737484385,0.5157740737484385
667a7ab2a6179deb78e9dd1a,3,black_high,white,0,0.0,0.0,0.5157740737484385,0.5157740737484385
667a7ab2a6179deb78e9dd1a,4,white_high,black,0,0.0,0.0,0.5157740737484385,0.48422592625156147
667a7ab2a6179deb78e9dd1a,5,white_high,black,0,0.0,0.0,0.5157740737484385,0.48422592625156147
667a7ab2a6179deb78e9dd1a,6,black_high,white,0,0.0,0.0,0.5157740737484385,0.5157740737484385
667a7ab2a6179deb78e9dd1a,7,white_high,black,0,0.0,0.0,0.5157740737484385,0.48422592625156147
667a7ab2a6179deb78e9dd1a,8,white_high,black,0,0.0,0.0,0.5157740737484385,0.48422592625156147
667a7ab2a6179deb78e9dd1a,9,white_high,white,0,0.0,0.0,0.5157740737484385,0.48422592625156147
667a7ab2a6179deb78e9dd1a,10,black_high,white,0,0.24500222696320373,0.0,0.5062898538875797,0.5062898538875797
667a7ab2a6179deb78e9dd1a,11,black_high,white,0,0.055152546420322454,0.0,0.5136398246304308,0.5136398246304308
667a7ab2a6179deb78e9dd1a,12,black_high,white,1,0.3703015725043683,0.0,0.5014372418691907,0.5014372418691907
667a7ab2a6179deb78e9dd1a,13,black_high,white,1,0.3725939130377907,0.0,0.5013484584490872,0.5013484584490872
667a7ab2a6179deb78e9dd1a,14,black_high,white,1,0.2708544574351929,0.0,0.505288711716658,0.505288711716658
667a7ab2a6179deb78e9dd1a,15,white_high,black,1,0.748251633463445,0.0,0.48680201621273744,0.5131979837872626
667a7ab2a6179deb78e9dd1a,16,white_high,black,1,0.5700648782731724,0.0,0.4937005929162699,0.5062994070837301
667a7ab2a6179deb78e9dd1a,17,white_high,black,1,0.62333066374004,0.0,0.49163801452699957,0.5083619854730004
667a7ab2a6179deb78e9dd1a,18,white_high,black,1,0.5216517694983447,0.0,0.49557545196112385,0.5044245480388762
667a7ab2a6179deb78e9dd1a,19,black_high,white,0,0.4574917054830231,0.0,0.4980603147483774,0.4980603147483774
667a7ab2a6179deb78e9dd1a,20,white_high,white,0,0.3802459022608381,0.0,0.5010520927465031,0.4989479072534969
667a7ab2a6179deb78e9dd1a,21,black_high,black,0,-0.5993401058089343,0.0,0.5389133598689768,0.5389133598689768
667a7ab2a6179deb78e9dd1a,22,black_high,white,0,-0.6268365502647507,0.7156331003946527,0.5673621387571288,0.5673621387571288
667a7ab2a6179deb78e9dd1a,23,black_high,white,0,-0.13960723537999487,0.6683877776474192,0.546934987016727,0.546934987016727
667a7ab2a6179deb78e9dd1a,24,black_high,white,0,-1.1124353745687532,0.6821276460855296,0.5844665553188054,0.5844665553188054
667a7ab2a6179deb78e9dd1a,25,black_high,white,0,0.24613485519469522,0.6577279616270884,0.5316781392998492,0.5316781392998492
667a7ab2a6179deb78e9dd1a,26,black_high,black,0,-2.460697494064239,0.715947122029156,0.6353534158768273,0.6353534158768273
667a7ab2a6179deb78e9dd1a,27,black_high,black,1,-2.6861338355627704,0.46850569224809546,0.6345632345599165,0.6345632345599165
667a7ab2a6179deb78e9dd1a,28,white_high,black,0,-2.2900721922505363,-0.10846585387875751,0.598951532933947,0.401048467066053
667a7ab2a6179deb78e9dd1a,29,black_high,white,0,-2.7517894634464657,0.6331606545043247,0.6427968603426952,0.6427968603426952
667a7ab2a6179deb78e9dd1a,30,white_high,black,0,5.243576360399629,-0.14093634590789075,0.31624811984498213,0.6837518801550179
667a7ab2a6179deb78e9dd1a,31,white_high,black,0,5.149959537608199,-0.2850290595029439,0.3145596209905937,0.6854403790094064
667a7ab2a6179deb78e9dd1a,32,white_high,black,0,7.434287106551993,0.27200611401786506,0.25990058434975477,0.7400994156502452
667a7ab2a6179deb78e9dd1a,33,black_high,white,0,3.0135232149239535,0.5031294825254801,0.4192627346916198,0.4192627346916198
667a7ab2a6179deb78e9dd1a,34,white_high,black,0,-21.212750042221668,-0.9922812850044136,0.9606734382765331,0.039326561723466935
667a7ab2a6179deb78e9dd1a,35,black_high,black,0,-4.141799303854735,0.9327859470775645,0.7004176739470392,0.7004176739470392
667a7ab2a6179deb78e9dd1a,36,white_high,black,1,-20.169743439500408,0.7152230594093248,0.9643835131650708,0.03561648683492924
667a7ab2a6179deb78e9dd1a,37,black_high,white,1,-6.083320503744909,0.6379582130901735,0.7510833232253415,0.7510833232253415
667a7ab2a6179deb78e9dd1a,38,white_high,black,1,-10.504488869282635,0.1313540330566527,0.8469471092408343,0.15305289075916573
667a7ab2a6179deb78e9dd1a,39,white_high,black,0,-10.530873635792345,-0.05797153300950668,0.8436461447900331,0.15635385520996692
667a7ab2a6179deb78e9dd1a,40,white_high,black,0,-10.374746303488333,-0.31328302350216797,0.8350528696652745,0.16494713033472552
667a7ab2a6179deb78e9dd1a,41,white_high,black,0,-10.05560264982567,0.26442600983329617,0.8404966151967077,0.1595033848032923
667a7ab2a6179deb78e9dd1a,42,white_high,black,0,-10.115042774521902,-0.516387116022159,0.8249383503446374,0.17506164965536264
667a7ab2a6179deb78e9dd1a,43,white_high,black,0,-10.332717655392747,-0.03410762601989303,0.8400512623502049,0.15994873764979511
667a7ab2a6179deb78e9dd1a,44,black_high,white,1,1.7856437887295895,-0.2372128081825352,0.43775706432485917,0.43775706432485917
667a7ab2a6179deb78e9dd1a,45,black_high,black,0,3.2014187558131812,-0.12016836308575651,0.3890105472948456,0.3890105472948456
667a7ab2a6179deb78e9dd1a,46,black_high,white,1,2.794703834846236,2.5471748561636987,0.5061920061000784,0.5061920061000784
667bd577710d52a05ac09036,0,black_high,black,0,0.0,0.0,0.6045992455858973,0.6045992455858973
667bd577710d52a05ac09036,1,black_high,black,0,0.0,0.15669723283385775,0.6196060925706731,0.6196060925706731
667bd577710d52a05ac09036,2,black_high,black,0,0.0,0.03119164871448001,0.6076032125994212,0.6076032125994212
667bd577710d52a05ac09036,3,white_high,black,0,0.0,0.9255525722785928,0.6895524307049667,0.31044756929503325
667bd577710d52a05ac09036,4,white_high,black,0,0.0,0.9535013014778162,0.6919607527795733,0.30803924722042675
667bd577710d52a05ac09036,5,white_high,black,0,0.0,0.895658112618168,0.6869650309961491,0.31303496900385086
667bd577710d52a05ac09036,6,black_high,black,0,0.0,-0.0024526369368946532,0.6043627015872347,0.6043627015872347
667bd577710d52a05ac09036,7,white_high,black,0,0.0,0.708659417531633,0.670519246448142,0.329480753551858
667bd577710d52a05ac09036,8,white_high,white,0,0.0,0.7737229878911952,0.676291477332547,0.323708522667453
667bd577710d52a05ac09036,9,white_high,white,0,0.9095940637020463,0.6281998796445618,0.5771667903819073,0.4228332096180927
667bd577710d52a05ac09036,10,white_high,white,0,-0.267507172469568,0.6472094526604517,0.6886159250667178,0.31138407493328224
667bd577710d52a05ac09036,11,black_high,black,1,0.12532751376378123,0.028419353341507643,0.5952167568579674,0.5952167568579674
667bd577710d52a05ac09036,12,white_high,white,1,0.4628340197212476,2.0173310137574885,0.74110882242389,0.25889117757611
667bd577710d52a05ac09036,13,white_high,white,1,-0.4295917839718192,1.8519677813109725,0.7933162049772462,0.2066837950227538
667bd577710d52a05ac09036,14,white_high,white,0,4.825204358222448,1.9925296945616227,0.327830040359507,0.672169959640493
667bd577710d52a05ac09036,15,black_high,black,0,0.03063446417050729,0.21282562192842064,0.6220269928737481,0.6220269928737481
667bd577710d52a05ac09036,16,white_high,black,1,-0.5375015619101842,0.0897489642298818,0.663223976607466,0.336776023392534
667bd577710d52a05ac09036,17,white_high,black,0,-2.3401809911383777,0.6478182643431323,0.8361703030597205,0.1638296969402795
667bd577710d52a05ac09036,18,black_high,black,0,0.05662676547186876,0.41542337476284086,0.6386252148967272,0.6386252148967272
667bd577710d52a05ac09036,19,black_high,black,1,-0.029893334637498756,0.6779591343237357,0.6704473280637817,0.6704473280637817
667bd577710d52a05ac09036,20,white_high,black,0,-1.6223558304890515,0.3916574459664491,0.7750597734284302,0.22494022657156976
667bd577710d52a05ac09036,21,white_high,black,0,-1.8075921450896897,0.4126591282257258,0.7892316924011146,0.21076830759888543
667bd577710d52a05ac09036,22,black_high,black,1,-0.17399561354389026,0.11304522847780507,0.6319185732107059,0.6319185732107059
667bd577710d52a05ac09036,23,black_high,black,1,0.01336663081878324,-0.22043336937151758,0.5818451834091685,0.5818451834091685
667bd577710d52a05ac09036,24,black_high,white,0,-0.16460413401002,-0.39222064089300135,0.5824519452042352,0.5824519452042352
667bd577710d52a05ac09036,25,black_high,white,0,-0.18969192205030444,-0.06433585508040307,0.6166217788962358,0.6166217788962358
667bd577710d52a05ac09036,26,black_high,black,0,0.0982401395703914,0.6243708216038636,0.6540531800795628,0.6540531800795628
667bd577710d52a05ac09036,27,white_high,black,0,-1.6861141037179834,1.7994351347000455,0.8618466638550709,0.13815333614492908
667bd577710d52a05ac09036,28,black_high,white,0,0.0982401395703914,1.1607399238641554,0.7012529203702643,0.7012529203702643
667bd577710d52a05ac09036,29,black_high,white,0,0.8776884938404542,1.0158264846484595,0.617839952415667,0.617839952415667
667bd577710d52a05ac09036,30,white_high,black,0,-1.3988069854640306,1.838967895952143,0.8495099467363671,0.15049005326363285
667bd577710d52a05ac09036,31,black_high,white,0,-0.440623237322535,-0.406310380835254,0.6079033623289878,0.6079033623289878
667bd577710d52a05ac09036,32,black_high,white,1,-0.9118954775018809,-0.5400467699594285,0.639839428339817,0.639839428339817
667bd577710d52a05ac09036,33,black_high,black,0,3.182320585398826,-0.406310380835254,0.26445052621331977,0.26445052621331977
667bd577710d52a05ac09036,34,white_high,black,0,0.7459865095461793,-0.6235223989288012,0.4680972295115233,0.5319027704884767
667bd577710d52a05ac09036,35,black_high,white,0,3.8859283192525607,0.055199908631325845,0.24589553791472943,0.24589553791472943
669533c82c03a4d6320159d3,0,white_high,white,0,0.0,0.0,0.42659972617488373,0.5734002738251163
669533c82c03a4d6320159d3,1,black_high,black,0,0.03268795819719059,0.0,0.34434112099608166,0.34434112099608166
669533c82c03a4d6320159d3,2,white_high,white,1,0.023793899162998573,0.025478461772820336,0.4309956961785323,0.5690043038214677
669533c82c03a4d6320159d3,3,white_high,white,0,0.5384402567926018,0.0288375714920263,0.0032519621423211004,0.9967480378576788
669533c82c03a4d6320159d3,4,white_high,white,1,0.501126741165096,0.018852304897912432,0.004346303163074108,0.9956536968369258
669533c82c03a4d6320159d3,5,white_high,white,1,0.5011235116658788,0.023594537096285298,0.004570671924802307,0.9954293280751977
669533c82c03a4d6320159d3,6,white_high,white,1,0.5726079719566184,0.03510181303508578,0.002417662004604363,0.9975823379953956
669533c82c03a4d6320159d3,7,white_high,white,0,0.4002200099754898,0.0214836602594156,0.01298436989539336,0.9870156301046067
669533c82c03a4d6320159d3,8,white_high,white,1,0.37661535027134063,0.019493337390219502,0.016292044175696203,0.9837079558243038
669533c82c03a4d6320159d3,9,black_high,black,0,0.1193184062390338,0.015336171323645259,0.19724478584749805,0.19724478584749805
669533c82c03a4d6320159d3,10,white_high,white,0,0.51645826321352,0.05954119282980716,0.005686787218811389,0.9943132127811886
669533c82c03a4d6320159d3,11,white_high,white,0,0.5022099537726528,0.06653177020238037,0.007120583152322511,0.9928794168476774
669533c82c03a4d6320159d3,12,white_high,white,0,0.4507280253634881,0.05015534457437681,0.010316994928984398,0.9896830050710156
669533c82c03a4d6320159d3,13,white_high,white,1,0.5178089100425838,0.06333193776577495,0.0058356952965859495,0.9941643047034141
669533c82c03a4d6320159d3,14,black_high,black,1,0.14655660526772574,0.054893096642930544,0.21885422942248853,0.21885422942248853
669533c82c03a4d6320159d3,15,black_high,black,1,0.18965690437914592,0.29484615317514173,0.6952942448839114,0.6952942448839114
669533c82c03a4d6320159d3,16,black_high,black,0,0.1661682325059422,0.2582569037750539,0.6649450819530869,0.6649450819530869
669533c82c03a4d6320159d3,17,black_high,black,0,0.14155769359490494,0.26218707543367614,0.7289878930963439,0.7289878930963439
669533c82c03a4d6320159d3,18,white_high,white,1,0.5701737262235638,0.2045855345270601,0.014907750277388058,0.9850922497226119
669533c82c03a4d6320159d3,19,white_high,white,1,0.6128545092067958,0.24596731677884054,0.014705860746206228,0.9852941392537937
669533c82c03a4d6320159d3,20,black_high,black,1,0.13578874062441065,0.23797376160396128,0.6884709144306348,0.6884709144306348
669533c82c03a4d6320159d3,21,white_high,white,1,0.25845466817237106,0.2306089308679398,0.3560804780922468,0.6439195219077531
669533c82c03a4d6320159d3,22,black_high,white,0,0.19798663884702855,0.32028548814870844,0.7324876551273554,0.7324876551273554
669533c82c03a4d6320159d3,23,white_high,white,0,0.36698124008494565,0.1884436316168287,0.09993511570706039,0.9000648842929396
669533c82c03a4d6320159d3,24,black_high,white,0,0.1812324337371036,0.22748431617783074,0.5491030604674149,0.5491030604674149
669533c82c03a4d6320159d3,25,white_high,white,0,0.32165864304144953,0.1916908309745801,0.15703396265922517,0.8429660373407748
669533c82c03a4d6320159d3,26,white_high,white,0,0.35591644223416796,0.21569948362328117,0.1431140596601713,0.8568859403398287
669533c82c03a4d6320159d3,27,white_high,white,0,0.3723026890651263,0.19498036631909782,0.10110582218728151,0.8988941778127185
669533c82c03a4d6320159d3,28,black_high,black,0,0.1726087059565467,0.3258443903538546,0.7919786354946425,0.7919786354946425
669533c82c03a4d6320159d3,29,white_high,white,0,0.4548297356424613,0.34373810473716904,0.18552553903546082,0.8144744609645391
669533c82c03a4d6320159d3,30,white_high,white,0,0.40849962661358596,0.23684154411730604,0.10672408729536871,0.8932759127046312
669533c82c03a4d6320159d3,31,black_high,black,0,0.1295862210968363,0.32954617054237656,0.8623220787946455,0.8623220787946455
669533c82c03a4d6320159d3,32,black_high,white,0,0.1489520542497234,0.20830746161444272,0.583378315277841,0.583378315277841
669533c82c03a4d6320159d3,33,black_high,white,1,0.1725436502671864,0.21511041652193993,0.5393645442385699,0.5393645442385699
669533c82c03a4d6320159d3,34,black_high,black,1,0.1325545803779678,0.23670374246934495,0.6929414528721128,0.6929414528721128
669533c82c03a4d6320159d3,35,black_high,black,1,0.09591534775836422,0.22657569498337096,0.7495788406327245,0.7495788406327245
669533c82c03a4d6320159d3,36,black_high,white,1,0.25057976502787993,0.27712047319522953,0.49675928851295215,0.49675928851295215
669533c82c03a4d6320159d3,37,black_high,black,0,0.08137927279976473,0.2547195010946587,0.8250718442264321,0.8250718442264321
669533c82c03a4d6320159d3,38,black_high,black,0,0.18564201778667155,0.2411023658940345,0.5732583907763918,0.5732583907763918
669533c82c03a4d6320159d3,39,white_high,white,0,0.12795815809610253,0.16491969684136804,0.5244964921519483,0.47550350784805173
669533c82c03a4d6320159d3,40,black_high,black,0,0.08598722404123382,0.20137283410754542,0.7178100355652403,0.7178100355652403
669533c82c03a4d6320159d3,41,black_high,black,0,0.06676082739772532,0.16700990739262828,0.6840299151745242,0.6840299151745242
669533c82c03a4d6320159d3,42,black_high,black,0,0.08211122771400695,0.1631521295449486,0.6382329502274562,0.6382329502274562
669533c82c03a4d6320159d3,43,black_high,white,0,0.16622335229366486,0.22348827739084026,0.5779551083437229,0.5779551083437229
669533c82c03a4d6320159d3,44,black_high,black,0,0.0865508927668214,0.20650737004674663,0.7275691543126284,0.7275691543126284
669533c82c03a4d6320159d3,45,white_high,white,0,0.19960236677754736,0.15080900947565412,0.30669825800841605,0.6933017419915839
669533c82c03a4d6320159d3,46,white_high,white,0,0.2339534142264899,0.1700715558118353,0.2736147195359444,0.7263852804640556
669533c82c03a4d6320159d3,47,black_high,black,0,0.18094950538594923,0.23884602566824908,0.5795956619375524,0.5795956619375524
66b0cd32e02e57ac86e82550,0,white_high,white,0,0.0,0.0,0.31622418281405507,0.6837758171859449
66b0cd32e02e57ac86e82550,1,white_high,white,0,0.578977322076336,0.0,0.26843439410490394,0.7315656058950961
66b0cd32e02e57ac86e82550,2,black_high,white,0,0.106459294426171,0.0,0.3070967308860259,0.3070967308860259
66b0cd32e02e57ac86e82550,3,black_high,white,1,0.07696334638955225,0.0,0.30961092479898733,0.30961092479898733
66b0cd32e02e57ac86e82550,4,black_high,white,1,0.07321623045046449,0.0,0.30993113560657626,0.30993113560657626
66b0cd32e02e57ac86e82550,5,black_high,black,0,-0.38053646435251315,0.0,0.34998877990226457,0.34998877990226457
66b0cd32e02e57ac86e82550,6,white_high,white,1,0.28717211638284357,0.5311538297344722,0.3376764965189528,0.6623235034810472
66b0cd32e02e57ac86e82550,7,black_high,black,1,0.5721400936148032,0.08114597757562209,0.2753958792123784,0.2753958792123784
66b0cd32e02e57ac86e82550,8,black_high,white,1,0.3516905081103803,0.21648236062238368,0.3046571966472567,0.3046571966472567
66b0cd32e02e57ac86e82550,9,white_high,black,0,3.510140250277065,1.5982296497356456,0.1772169433330258,0.8227830566669743
66b0cd32e02e57ac86e82550,10,black_high,white,0,-0.7007625921490512,0.11064309451945112,0.39010242573695436,0.39010242573695436
66b0cd32e02e57ac86e82550,11,white_high,white,0,3.689821331913744,1.542106577891626,0.16389030482909078,0.8361096951709093
66b0cd32e02e57ac86e82550,12,white_high,black,0,1.2737530288592895,1.572898175617673,0.342624916786612,0.657375083213388
66b0cd32e02e57ac86e82550,13,white_high,white,1,1.2407544435093731,1.6249730505186253,0.35032364994320303,0.649676350056797
66b0cd32e02e57ac86e82550,14,white_high,white,1,1.0270345068713795,1.607162347970251,0.36834642697058984,0.6316535730294102
66b0cd32e02e57ac86e82550,15,black_high,white,1,3.2494723619301964,0.1941147656488736,0.12001132749808947,0.12001132749808947
66b0cd32e02e57ac86e82550,16,black_high,black,1,6.0150982427628055,0.1941147656488736,0.0432035037393712,0.0432035037393712
66b0cd32e02e57ac86e82550,17,white_high,white,0,5.948767934572034,-8.886436116695718,0.0012288947321277591,0.9987711052678723
66b0cd32e02e57ac86e82550,18,white_high,white,0,1.2989654046736052,-9.75551901571307,0.005544667195978407,0.9944553328040215
66b0cd32e02e57ac86e82550,19,white_high,white,0,2.9709342142022495,-8.591041275560375,0.004531370838550032,0.99546862916145
66b0cd32e02e57ac86e82550,20,white_high,white,1,2.545254170751347,-10.482513301625993,0.002527417316596654,0.9974725826834033
66b0cd32e02e57ac86e82550,21,black_high,white,1,-0.6085136129498938,-1.7013370978523001,0.23006382672176964,0.23006382672176964
66b0cd32e02e57ac86e82550,22,white_high,white,0,-13.264758206232337,-10.574815700669001,0.5754002451502571,0.4245997548497429
66b0cd32e02e57ac86e82550,23,black_high,black,0,-12.545180653152531,-1.5802640049736913,0.9736915229994385,0.9736915229994385
66b0cd32e02e57ac86e82550,24,black_high,black,1,-7.322971961079774,-0.3011378526433324,0.8844496660840208,0.8844496660840208
66b0cd32e02e57ac86e82550,25,black_high,black,1,-7.6996337777974695,0.8292357548201001,0.9332414061550321,0.9332414061550321
66b0cd32e02e57ac86e82550,26,white_high,white,1,-5.162753506152335,-81.16638113627975,2.969543961980413e-14,0.9999999999999704
66b0cd32e02e57ac86e82550,27,white_high,white,0,-14.26911197253737,-81.4183215412036,1.0223570293798012e-12,0.9999999999989776
66b0cd32e02e57ac86e82550,28,white_high,white,1,-1.1916824597873377,-82.06649047079283,4.238094693827432e-15,0.9999999999999958
66b0cd32e02e57ac86e82550,29,black_high,black,0,-16.979408741540325,-11.121323889658852,0.8278035833103714,0.8278035833103714
66b0cd32e02e57ac86e82550,30,white_high,white,0,-17.047714388939873,-19.061785730148422,0.1713415957323716,0.8286584042676284
66b0cd32e02e57ac86e82550,31,white_high,white,0,3.0348543964860344,-17.00537775698916,0.00015364378167682883,0.9998463562183232
66b0cd32e02e57ac86e82550,32,white_high,white,0,3.8347754001112904,-18.041112657703515,7.377754648595834e-05,0.999926222453514
66b0cd32e02e57ac86e82550,33,white_high,white,1,4.68291041783265,-18.041112657703515,5.256754483088867e-05,0.9999474324551691
66b0cd32e02e57ac86e82550,34,white_high,white,1,4.0378388382661665,-17.264291671941223,9.27911130019594e-05,0.999907208886998
66b0cd32e02e57ac86e82550,35,black_high,black,0,-11.759808082430217,-1.592476813717201,0.9641681977217428,0.9641681977217428
66b0cd32e02e57ac86e82550,36,black_high,black,0,-13.157569269064929,-0.028942101854332075,0.9887489632423724,0.9887489632423724
66b0cd32e02e57ac86e82550,37,white_high,white,0,9.995410361087558,-1.2317220761688192,0.005176885388302405,0.9948231146116976
66b0cd32e02e57ac86e82550,38,white_high,white,0,5.756700804997681,-1.3376885983854723,0.02642626410131853,0.9735737358986815
66b0cd32e02e57ac86e82550,39,white_high,white,0,5.983396446072203,-0.43513494308062173,0.0343402655940967,0.9656597344059032
66b0cd32e02e57ac86e82550,40,black_high,black,0,-18.506903409582694,-0.022055580067888117,0.9986639721230999,0.9986639721230999
66b0cd32e02e57ac86e82550,41,black_high,black,0,-10.279715416148969,-0.035177161381025446,0.9652191250102,0.9652191250102
66b0cd32e02e57ac86e82550,42,black_high,black,0,-9.737118202077186,-0.1712615103277379,0.954870376506516,0.954870376506516
66b0cd32e02e57ac86e82550,43,black_high,black,0,-10.465713575347795,0.296319217241515,0.9715326239925336,0.9715326239925336
66b0cd32e02e57ac86e82550,44,black_high,black,0,-9.91560246971661,0.21444172333865041,0.9636497664569535,0.9636497664569535
66b0cd32e02e57ac86e82550,45,black_high,black,0,-11.041767046411348,0.09255199345668755,0.9753713749990703,0.9753713749990703
66b0ce2b37f5b9ab41e82585,0,white_high,black,0,0.0,0.0,0.5589999354497058,0.44100006455029417
66b0ce2b37f5b9ab41e82585,1,black_high,black,1,0.0,0.0,0.5589999354497058,0.5589999354497058
66b0ce2b37f5b9ab41e82585,2,black_high,black,1,0.0,0.4036846650991555,0.9929024583038648,0.9929024583038648
66b0ce2b37f5b9ab41e82585,3,black_high,black,1,0.0,0.4964979485089698,0.9975819065916994,0.9975819065916994
66b0ce2b37f5b9ab41e82585,4,black_high,black,0,0.0,0.6619483414141814,0.9996475332235675,0.9996475332235675
66b0ce2b37f5b9ab41e82585,5,black_high,black,0,0.0,0.6250746311636074,0.9994584562437634,0.9994584562437634
66b0ce2b37f5b9ab41e82585,6,white_high,black,0,0.0,0.112703898762918,0.8249632628209147,0.1750367371790853
66b0ce2b37f5b9ab41e82585,7,white_high,white,0,0.0,0.06512505025391406,0.7302613241047807,0.26973867589521927
66b0ce2b37f5b9ab41e82585,8,white_high,white,0,0.03410208946248791,0.07148979633160332,0.6621186892683919,0.3378813107316081
66b0ce2b37f5b9ab41e82585,9,white_high,black,0,0.048549180306485806,0.08445899663079304,0.6582554608641478,0.34174453913585223
66b0ce2b37f5b9ab41e82585,10,black_high,black,0,0.09722948376491064,0.591736596942626,0.9975252977795592,0.9975252977795592
66b0ce2b37f5b9ab41e82585,11,black_high,black,0,0.09666239467601431,0.5534315830638128,0.9961638054930073,0.9961638054930073
66b0ce2b37f5b9ab41e82585,12,white_high,white,0,0.03832100309310435,0.05480143327131712,0.6056673777795702,0.39433262222042975
66b0ce2b37f5b9ab41e82585,13,white_high,black,0,0.0868036351406577,0.09313849376249266,0.5771095209342956,0.4228904790657044
66b0ce2b37f5b9ab41e82585,14,black_high,black,0,0.21323153811022724,0.5439135965819321,0.9835403911456705,0.9835403911456705
66b0ce2b37f5b9ab41e82585,15,white_high,black,1,0.06644167474780441,0.05063930212410821,0.5132402273468417,0.4867597726531583
66b0ce2b37f5b9ab41e82585,16,black_high,black,0,0.1965439470142196,0.5216894943637114,0.9824627840772387,0.9824627840772387
66b0ce2b37f5b9ab41e82585,17,white_high,black,0,0.081812513980963,0.030411933494551353,0.41051880750884145,0.5894811924911585
66b0ce2b37f5b9ab41e82585,18,black_high,black,0,0.1953989774298151,0.541577271131844,0.9862220652849404,0.9862220652849404
66b0ce2b37f5b9ab41e82585,19,black_high,black,0,0.19300369696912362,0.5429216011987836,0.9868017841588762,0.9868017841588762
66b0ce2b37f5b9ab41e82585,20,white_high,black,0,0.07268356223639014,0.03950654884618718,0.4626999269059105,0.5373000730940896
66b0ce2b37f5b9ab41e82585,21,white_high,white,0,0.07268356223639014,0.026572551262486314,0.42551191531022176,0.5744880846897782
66b0ce2b37f5b9ab41e82585,22,black_high,black,0,0.23799735293318475,0.5350904556088539,0.9758462864644291,0.9758462864644291
66b0ce2b37f5b9ab41e82585,23,black_high,black,0,0.28145662169593505,0.6087011424223767,0.982879243225554,0.982879243225554
66b0ce2b37f5b9ab41e82585,24,black_high,black,0,0.22897083303775542,0.627446098909688,0.9924616379319583,0.9924616379319583
66b0ce2b37f5b9ab41e82585,25,black_high,black,0,0.25651952551606966,0.683861674509702,0.9946032319873991,0.9946032319873991
66b0ce2b37f5b9ab41e82585,26,white_high,white,0,0.09217476044459835,0.0173302282541493,0.346379330472942,0.653620669527058
66b0ce2b37f5b9ab41e82585,27,black_high,black,0,0.27921798241289475,0.5509743173794659,0.9678181022226675,0.9678181022226675
66b0ce2b37f5b9ab41e82585,28,black_high,black,0,0.2902979079374092,0.5878314575604384,0.9759669575973612,0.9759669575973612
66b0ce2b37f5b9ab41e82585,29,black_high,black,0,0.24603023831788068,0.5497929997464575,0.9776118862434727,0.9776118862434727
66b0ce2b37f5b9ab41e82585,30,black_high,black,1,0.28571378258205304,0.5686475683182649,0.9716365638292261,0.9716365638292261
66b0ce2b37f5b9ab41e82585,31,white_high,white,1,0.08871874655814146,0.023958033022869377,0.37343820543486905,0.626561794565131
66b0ce2b37f5b9ab41e82585,32,black_high,black,1,0.3828960651286696,0.5973074506725697,0.9390863516151857,0.9390863516151857
66b0ce2b37f5b9ab41e82585,33,white_high,white,1,0.14712664974542392,0.018243253477884736,0.22017280253234406,0.7798271974676559
66b0ce2b37f5b9ab41e82585,34,black_high,black,1,0.38184875961196113,0.6583193829039309,0.9694857346137437,0.9694857346137437
66b0ce2b37f5b9ab41e82585,35,white_high,white,1,0.13588187580893343,0.02332802774934451,0.254569902949205,0.745430097050795
66b0ce2b37f5b9ab41e82585,36,white_high,white,0,0.1787526652435607,0.04734103668470841,0.21515646033798355,0.7848435396620165
66b0ce2b37f5b9ab41e82585,37,black_high,black,0,0.3870978953059475,0.5523204821957237,0.8968122791001615,0.8968122791001615
66b0ce2b37f5b9ab41e82585,38,white_high,white,0,0.09388810768313269,0.0010881910265958406,0.30064867366673187,0.6993513263332681
66b0ce2b37f5b9ab41e82585,39,white_high,white,0,0.10589291082016183,0.0013901626220222743,0.2727779903815117,0.7272220096184883
66b0ce2b37f5b9ab41e82585,40,black_high,black,0,0.5834088527045784,0.544952701547819,0.44744703763115884,0.44744703763115884
66b0ce2b37f5b9ab41e82585,41,white_high,white,0,0.19564247552686626,0.02761825659309468,0.15177677726359748,0.8482232227364025
66b0ce2b37f5b9ab41e82585,42,black_high,black,0,0.4738532139060502,0.5743665427125793,0.8034972078877862,0.8034972078877862
66cc85c87017ef38adbaebc6,0,white_high,white,0,0.0,0.0,0.5024750743621824,0.4975249256378176
66cc85c87017ef38adbaebc6,1,white_high,white,0,0.13722046669589422,0.0,0.49498893221822565,0.5050110677817743
66cc85c87017ef38adbaebc6,2,white_high,white,0,0.1440697211024493,0.0,0.49461529818887195,0.505384701811128
66cc85c87017ef38adbaebc6,3,black_high,white,0,0.43928563108267565,0.0,0.4785222350892815,0.4785222350892815
66cc85c87017ef38adbaebc6,4,white_high,black,0,-0.014880362733588995,0.0,0.5032868744374194,0.4967131255625806
66cc85c87017ef38adbaebc6,5,white_high,white,0,-0.0046613143744142025,0.0,0.5027293745639323,0.4972706254360677
66cc85c87017ef38adbaebc6,6,black_high,black,0,0.8689294822023533,0.0,0.45518950518769424,0.45518950518769424
66cc85c87017ef38adbaebc6,7,black_high,black,0,1.0126354537152924,0.5078917993542689,0.4749587883398797,0.4749587883398797
66cc85c87017ef38adbaebc6,8,white_high,white,0,0.04707385291751051,0.09070637051996701,0.5048553990326655,0.4951446009673345
66cc85c87017ef38adbaebc6,9,black_high,black,0,0.8710313974243555,0.21890450623182917,0.46694532159696267,0.46694532159696267
66cc85c87017ef38adbaebc6,10,black_high,black,0,0.8228309135593401,0.6009765995865901,0.49037258990031013,0.49037258990031013
66cc85c87017ef38adbaebc6,11,black_high,black,0,0.8467114252016723,0.38754040180917915,0.47743945316088754,0.47743945316088754
66cc85c87017ef38adbaebc6,12,black_high,black,1,0.9462114248760782,0.4116878580542046,0.47333843169518747,0.47333843169518747
66cc85c87017ef38adbaebc6,13,black_high,white,0,0.9391996914883279,-1.3669571741026125,0.37910067190584973,0.37910067190584973
66cc85c87017ef38adbaebc6,14,black_high,black,0,0.7842344550352074,-1.1102519484140798,0.40046470248712157,0.40046470248712157
66cc85c87017ef38adbaebc6,15,black_high,white,0,0.7656855236329188,1.6149503638517384,0.5486539503585575,0.5486539503585575
66cc85c87017ef38adbaebc6,16,white_high,black,0,0.0016220196290561116,0.519621876377008,0.5306969317381206,0.4693030682618794
66cc85c87017ef38adbaebc6,17,black_high,black,0,0.815366164827132,1.8984980237189895,0.5612581746703217,0.5612581746703217
66cc85c87017ef38adbaebc6,18,white_high,white,0,0.006000633760714257,-0.8226279956277396,0.4573713828920207,0.5426286171079793
66cc85c87017ef38adbaebc6,19,white_high,white,0,0.011094075971764997,-0.8293044145038408,0.4567339928036502,0.5432660071963498
66cc85c87017ef38adbaebc6,20,white_high,white,0,-0.04219928636118628,-0.750999398254591,0.46386821376383414,0.5361317862361659
66cc85c87017ef38adbaebc6,21,black_high,black,0,0.9288375812519843,-1.0871848822772092,0.3941139696739304,0.3941139696739304
66cc85c87017ef38adbaebc6,22,black_high,black,0,0.9006096815123263,1.772161463796592,0.5498580574169909,0.5498580574169909
66cc85c87017ef38adbaebc6,23,white_high,white,0,0.0010846423226616893,-0.6593014098335717,0.46649672311245094,0.5335032768875491
66cc85c87017ef38adbaebc6,24,black_high,white,1,0.7766432939706754,-0.6303574345547313,0.42625524272372706,0.42625524272372706
66cc85c87017ef38adbaebc6,25,white_high,white,1,-0.38116869140939313,-0.6555031095700786,0.4875108437996493,0.5124891562003506
66cc85c87017ef38adbaebc6,26,white_high,white,0,0.023700839783458993,-0.7139401764219369,0.4623033197326992,0.5376966802673008
66cc85c87017ef38adbaebc6,27,black_high,white,0,0.7502853704966193,-0.16497128735968464,0.45268349285656667,0.45268349285656667
66cc85c87017ef38adbaebc6,28,black_high,black,0,0.05586733278741579,-0.7988066248172226,0.4559611033417311,0.4559611033417311
66cc85c87017ef38adbaebc6,29,white_high,white,0,0.03664255456654272,-0.4587901891053918,0.4754655147101632,0.5245344852898368
66cc85c87017ef38adbaebc6,30,white_high,white,0,-0.04586841408899295,-0.5282178636957346,0.4761776301055455,0.5238223698944545
66cc85c87017ef38adbaebc6,31,black_high,black,0,0.9180461128968666,1.688696659927626,0.5444021609974231,0.5444021609974231
66cc85c87017ef38adbaebc6,32,black_high,white,0,0.8025191768656967,2.0136641331789678,0.5681251490359118,0.5681251490359118
66cc85c87017ef38adbaebc6,33,white_high,black,1,0.2888097567598221,-0.3477306844727199,0.46779204874570746,0.5322079512542925
66cc85c87017ef38adbaebc6,34,white_high,black,1,0.3321250604076206,0.6425659258597466,0.5194020542880207,0.48059794571197934
66cc85c87017ef38adbaebc6,35,black_high,black,0,0.5072821214715643,-2.225431067872238,0.3574489740280698,0.3574489740280698
66cc85c87017ef38adbaebc6,36,white_high,white,0,0.17757189194515546,-21.077786010893206,0.00967383415115476,0.9903261658488453
66cc85c87017ef38adbaebc6,37,black_high,black,0,0.785517688214606,0.8601922491281768,0.5065487363646708,0.5065487363646708
66cc85c87017ef38adbaebc6,38,black_high,black,0,0.7581236286767223,-0.9527190973569655,0.4101239337333797,0.4101239337333797
66cc85c87017ef38adbaebc6,39,black_high,white,0,1.473023946960132,-0.0027701884957669343,0.4225878563571023,0.4225878563571023
66cc85c87017ef38adbaebc6,40,white_high,white,0,-0.37534426514631447,-18.372217823648654,0.01950249397606694,0.980497506023933
66cc85c87017ef38adbaebc6,41,black_high,black,0,0.7979648538309017,0.4939863443650272,0.4858946978570733,0.4858946978570733
66cc85c87017ef38adbaebc6,42,white_high,white,0,-0.3801471337897827,-17.249225455571597,0.02480961413047084,0.9751903858695291
66cc85c87017ef38adbaebc6,43,white_high,white,1,-0.2757542061833097,-19.04037582804454,0.01654379956589805,0.983456200434102
66cc85c87017ef38adbaebc6,44,white_high,white,0,-1.2745547215771997,-17.249225455571597,0.02999656101586239,0.9700034389841377
66cc85c87017ef38adbaebc6,45,white_high,white,1,-0.3574073403713781,-16.443574820676417,0.029296626469864164,0.9707033735301358
66cc85c87017ef38adbaebc6,46,black_high,white,1,15.815716724477277,-0.40085951255157903,0.028498056417937637,0.028498056417937637
66cc85c87017ef38adbaebc6,47,white_high,white,1,-27.184051566074963,-21.097170789971862,0.7921982177473199,0.2078017822526801
67911b9be5af0ac0763a28c7,0,white_high,white,0,0.0,0.0,0.45659570339662076,0.5434042966033792
67911b9be5af0ac0763a28c7,1,black_high,black,0,0.303204981808258,0.0,0.023351362863264096,0.023351362863264096
67911b9be5af0ac0763a28c7,2,white_high,black,0,0.07459506614404826,0.03347149952815186,0.341454889733974,0.658545110266026
67911b9be5af0ac0763a28c7,3,white_high,white,1,0.07323234497838953,0.019396748064792448,0.3087333089911937,0.6912666910088063
67911b9be5af0ac0763a28c7,4,black_high,black,0,0.36678275838336116,0.2944135732758225,0.264322994620173,0.264322994620173
67911b9be5af0ac0763a28c7,5,black_high,black,0,0.3922637762325599,0.5405767843720726,0.827360746664561,0.827360746664561
67911b9be5af0ac0763a28c7,6,white_high,white,0,0.05811293095846307,0.06031447050916675,0.4630149947173639,0.5369850052826362
67911b9be5af0ac0763a28c7,7,black_high,black,0,0.3813109873901306,0.5751695231974495,0.8910692279911883,0.8910692279911883
67911b9be5af0ac0763a28c7,8,black_high,black,0,0.43218708328780353,0.7048466719386401,0.9537693688692906,0.9537693688692906
67911b9be5af0ac0763a28c7,9,white_high,black,0,0.07493414005839769,0.07262259550964778,0.4498711758642662,0.5501288241357338
67911b9be5af0ac0763a28c7,10,white_high,white,0,0.07620757226996722,0.04959162031071221,0.3807165126463064,0.6192834873536937
67911b9be5af0ac0763a28c7,11,white_high,white,0,0.08027230078319786,0.04789450832296778,0.3649025497700865,0.6350974502299135
67911b9be5af0ac0763a28c7,12,white_high,white,0,0.11176380635075175,0.043278225234393015,0.27328314105378204,0.726716858946218
67911b9be5af0ac0763a28c7,13,black_high,black,0,0.5841451506392852,0.6985449581170218,0.7629495942128908,0.7629495942128908
67911b9be5af0ac0763a28c7,14,black_high,black,1,0.5290372449368755,0.7254569092915739,0.8939534384595985,0.8939534384595985
67911b9be5af0ac0763a28c7,15,black_high,black,1,0.617504567465049,0.8146113648631068,0.894715718440063,0.894715718440063
67911b9be5af0ac0763a28c7,16,white_high,white,1,0.12075155702193366,0.07224084949801116,0.32223110498349755,0.6777688950165024
67911b9be5af0ac0763a28c7,17,white_high,white,1,0.12942903568356878,0.07049375457599386,0.29610509303317956,0.7038949069668204
67911b9be5af0ac0763a28c7,18,black_high,black,1,0.7425152508605389,0.8659265236945851,0.781547533027009,0.781547533027009
67911b9be5af0ac0763a28c7,19,black_high,black,0,0.5536040026888207,0.6688109063527681,0.7646589025513028,0.7646589025513028
67911b9be5af0ac0763a28c7,20,black_high,black,0,0.660424681109107,0.7445129558026303,0.6927660367898238,0.6927660367898238
67911b9be5af0ac0763a28c7,21,black_high,black,0,0.571533768801929,0.8196481039907961,0.9392682813228423,0.9392682813228423
67911b9be5af0ac0763a28c7,22,white_high,white,1,0.1197341841082766,0.06595206162891423,0.3088672982256416,0.6911327017743585
67911b9be5af0ac0763a28c7,23,black_high,black,1,0.42233209374213626,0.8408419470029309,0.9913281229274672,0.9913281229274672
67911b9be5af0ac0763a28c7,24,black_high,black,1,0.5068307662855084,0.7104018840890891,0.9016530741602237,0.9016530741602237
67911b9be5af0ac0763a28c7,25,white_high,white,0,0.1008863407143776,0.06138598192918591,0.3457525919013923,0.6542474080986077
67911b9be5af0ac0763a28c7,26,black_high,black,0,0.4850554569013197,0.7762835255421627,0.9624843773766395,0.9624843773766395
67911b9be5af0ac0763a28c7,27,white_high,white,0,0.09598793353153136,0.06129052301039893,0.35861538681863087,0.6413846131813692
67911b9be5af0ac0763a28c7,28,black_high,black,0,0.4974519331246241,0.8657433227480305,0.9844715375218863,0.9844715375218863
67911b9be5af0ac0763a28c7,29,black_high,black,0,0.4918489375459163,0.7586937219181676,0.9506645102313194,0.9506645102313194
67911b9be5af0ac0763a28c7,30,white_high,white,0,0.12147254378372102,0.06324573409036631,0.2978415062201716,0.7021584937798284
67911b9be5af0ac0763a28c7,31,white_high,white,0,0.07401944502622554,0.06046981275120754,0.41748202084276836,0.5825179791572317
67911b9be5af0ac0763a28c7,32,black_high,black,0,0.6037856996565198,0.7926618373775856,0.8852607081866143,0.8852607081866143
67911b9be5af0ac0763a28c7,33,black_high,black,0,0.6075296531060791,0.6416034619069979,0.5562478093388226,0.5562478093388226
67911b9be5af0ac0763a28c7,34,white_high,white,0,0.11241676218611157,0.03577750315688087,0.2546911504342547,0.7453088495657453
67911b9be5af0ac0763a28c7,35,black_high,black,0,0.7118857832242211,0.6225009120463454,0.22734363634094398,0.22734363634094398
67911b9be5af0ac0763a28c7,36,black_high,black,0,0.6463475777728814,0.6995442882299671,0.6107431838856595,0.6107431838856595
67911b9be5af0ac0763a28c7,37,white_high,white,0,0.1375713643353305,0.0655138930438105,0.26503518294993555,0.7349648170500644
67911b9be5af0ac0763a28c7,38,black_high,black,0,0.6401194695685456,0.7578671677817268,0.7699840386633123,0.7699840386633123
67911b9be5af0ac0763a28c7,39,white_high,white,0,0.15096881062933273,0.07125092008299924,0.24789175833369884,0.7521082416663012
67911b9be5af0ac0763a28c7,40,white_high,white,0,0.10381114814936568,0.05638583415763637,0.325020164113257,0.6749798358867429
67911b9be5af0ac0763a28c7,41,black_high,black,0,0.48121117800985586,0.7805174235470218,0.9657623734431385,0.9657623734431385
67911b9be5af0ac0763a28c7,42,black_high,black,0,0.4860599444614059,0.5154815826266499,0.5427291131285049,0.5427291131285049
67911b9be5af0ac0763a28c7,43,white_high,white,0,0.10644623165453775,0.04595602165075308,0.29231472574319134,0.7076852742568087
67911b9be5af0ac0763a28c7,44,white_high,white,0,0.13626889275617377,0.05476279149928295,0.24399866027705097,0.756001339722949
67911b9be5af0ac0763a28c7,45,white_high,white,0,0.08945848687626573,0.028100909401183476,0.29021281022594553,0.7097871897740544
67911b9be5af0ac0763a28c7,46,white_high,white,0,0.10582426187198216,0.05638551980019366,0.31985639202818616,0.6801436079718138
67911b9be5af0ac0763a28c7,47,white_high,white,0,0.0937819436017546,0.06713115566239061,0.38062009855510304,0.619379901444897
67cc3f4c640c0ff4df30a225,0,black_high,black,0,0.0,0.0,0.39164690584008754,0.39164690584008754
67cc3f4c640c0ff4df30a225,1,white_high,white,0,0.0,0.15507858144359404,0.5038710169217357,0.49612898307826425
67cc3f4c640c0ff4df30a225,2,black_high,black,0,0.1427763743211446,0.4290063556899353,0.5989340516848005,0.5989340516848005
67cc3f4c640c0ff4df30a225,3,black_high,white,0,0.1308377235119218,0.5206410703622126,0.6694053258684903,0.6694053258684903
67cc3f4c640c0ff4df30a225,4,black_high,black,0,-0.07858938852375744,0.5057636189511316,0.7820081682267516,0.7820081682267516
67cc3f4c640c0ff4df30a225,5,white_high,white,0,0.8182633412952596,0.07153720582503101,0.06688711562931506,0.933112884370685
67cc3f4c640c0ff4df30a225,6,white_high,white,0,0.3462847643115278,0.0937916024588356,0.2345778113797084,0.7654221886202917
67cc3f4c640c0ff4df30a225,7,white_high,white,0,0.14951722838327475,0.07445787788296324,0.3405050946856478,0.6594949053143522
67cc3f4c640c0ff4df30a225,8,black_high,black,1,-0.13122577627663082,0.2962885205626271,0.6934619005167703,0.6934619005167703
67cc3f4c640c0ff4df30a225,9,black_high,black,1,-0.11508816557935,0.3106726165771767,0.6923650517810463,0.6923650517810463
67cc3f4c640c0ff4df30a225,10,black_high,white,1,-0.1334592347073915,0.43891580131269076,0.7759460916936968,0.7759460916936968
67cc3f4c640c0ff4df30a225,11,black_high,black,0,-0.005461871642796219,0.4755753772390059,0.7258551424268191,0.7258551424268191
67cc3f4c640c0ff4df30a225,12,white_high,white,0,0.28105212689696096,-0.20760925901120947,0.13274583667799658,0.8672541633220034
67cc3f4c640c0ff4df30a225,13,white_high,white,0,0.4055565117867008,0.0465567726053695,0.18306265660505044,0.8169373433949496
67cc3f4c640c0ff4df30a225,14,black_high,white,0,0.008051539865693267,0.4011660407339647,0.6715558452167018,0.6715558452167018
67cc3f4c640c0ff4df30a225,15,white_high,white,0,0.3123495156854065,-0.21512384430437417,0.12015216361280309,0.8798478363871969
67cc3f4c640c0ff4df30a225,16,white_high,white,0,0.2687429778596922,-0.21512384430437417,0.13437686286495604,0.865623137135044
67cc3f4c640c0ff4df30a225,17,white_high,white,1,0.36657602786659954,0.012155228013522423,0.18508428559224033,0.8149157144077597
67cc3f4c640c0ff4df30a225,18,white_high,white,1,0.4592930878715016,-0.07878403345001159,0.11689566990801761,0.8831043300919824
67cc3f4c640c0ff4df30a225,19,black_high,white,1,-0.16236857313844474,0.4298114942833531,0.785905076121593,0.785905076121593
67cc3f4c640c0ff4df30a225,20,white_high,white,1,0.6102298851977974,-0.1710208576224078,0.060824446898740274,0.9391755531012598
67cc3f4c640c0ff4df30a225,21,black_high,black,1,-0.03731636997551692,0.38528790577105504,0.6903851293679577,0.6903851293679577
67cc3f4c640c0ff4df30a225,22,white_high,white,0,0.3486396419605258,-0.06525592132399582,0.1601504234136037,0.8398495765863963
67cc3f4c640c0ff4df30a225,23,white_high,white,0,0.5969021527091911,-0.034626726290468576,0.09138181844466138,0.9086181815553386
67cc3f4c640c0ff4df30a225,24,black_high,black,0,-0.47614665179079074,0.5057371387397334,0.9202695551904071,0.9202695551904071
67cc3f4c640c0ff4df30a225,25,black_high,black,0,-0.36245623027351753,0.17166563186495895,0.7557918049709184,0.7557918049709184
67cc3f4c640c0ff4df30a225,26,white_high,white,0,0.4333078201572745,0.037463153681088164,0.16741693428022472,0.8325830657197753
67cc3f4c640c0ff4df30a225,27,black_high,black,0,-0.14993704056377222,0.2273046608627926,0.6611828023390625,0.6611828023390625
67cc3f4c640c0ff4df30a225,28,black_high,black,0,-0.165193552923368,0.4115982992151605,0.7781953119505982,0.7781953119505982
67cc3f4c640c0ff4df30a225,29,black_high,black,0,-0.15462235325077223,0.2769254466279456,0.6959766064228629,0.6959766064228629
67cc3f4c640c0ff4df30a225,30,white_high,white,0,0.9968225315395288,0.07967859847899064,0.04162687689957791,0.9583731231004221
67cc3f4c640c0ff4df30a225,31,white_high,white,0,-0.16915634497987408,0.13506244737805453,0.6115676863206742,0.38843231367932585
67cc3f4c640c0ff4df30a225,32,white_high,black,1,0.5660746664901473,0.07056308282668843,0.13044463994039818,0.8695553600596018
67cc3f4c640c0ff4df30a225,33,black_high,black,1,-0.19985640090790363,0.2787633974622411,0.7244387573031067,0.7244387573031067
67cc3f4c640c0ff4df30a225,34,black_high,black,0,-0.22905899442568473,0.3028004720324508,0.7545621968221068,0.7545621968221068
67cc3f4c640c0ff4df30a225,35,white_high,white,0,0.5085326479467495,-0.16146485065083888,0.08241609337307144,0.9175839066269286
67cc3f4c640c0ff4df30a225,36,black_high,white,0,-0.19912456080512034,0.12011201005778589,0.6220018941412552,0.6220018941412552
67cc3f4c640c0ff4df30a225,37,black_high,white,0,-0.2254904802378756,0.07840891713168022,0.6113446213594455,0.6113446213594455
67cc3f4c640c0ff4df30a225,38,black_high,black,0,0.10490325767605573,0.08912897086960378,0.3806557335449084,0.3806557335449084
67cc3f4c640c0ff4df30a225,39,white_high,white,0,0.42043947534213777,-0.09396209834796193,0.12427412196606241,0.8757258780339376
67cc3f4c640c0ff4df30a225,40,white_high,black,0,0.1290748134547291,-0.08440635884315978,0.25579160780378846,0.7442083921962115
67cc3f4c640c0ff4df30a225,41,black_high,black,0,0.10382550528676875,0.16983879059563434,0.4387250955759591,0.4387250955759591
67cc3f4c640c0ff4df30a225,42,white_high,black,1,-0.07027730184609754,0.1415262247192244,0.5454335165681221,0.4545664834318779
67d1d172e049a486152a5ce9,0,white_high,white,0,0.0,0.0,0.21166734149635227,0.7883326585036478
67d1d172e049a486152a5ce9,1,black_high,white,0,0.8828586177297053,0.0,0.07700544497861894,0.07700544497861894
67d1d172e049a486152a5ce9,2,black_high,black,0,0.7631390673000717,0.0,0.08905349592117355,0.08905349592117355
67d1d172e049a486152a5ce9,3,white_high,black,0,0.08754408311007628,0.12352500974843833,0.219725278579193,0.780274721420807
67d1d172e049a486152a5ce9,4,black_high,white,0,0.8203617599480619,0.8871811182975713,0.2268050970635345,0.2268050970635345
67d1d172e049a486152a5ce9,5,white_high,black,0,0.07860804238445801,0.032090632720175906,0.20157330495888556,0.7984266950411144
67d1d172e049a486152a5ce9,6,black_high,white,0,0.7555977153951712,0.8878904578515754,0.24236480679498523,0.24236480679498523
67d1d172e049a486152a5ce9,7,white_high,white,0,0.03780047468378279,0.006096627906596236,0.20474818912817083,0.7952518108718292
67d1d172e049a486152a5ce9,8,black_high,white,1,0.42577907609315235,0.8964505911327015,0.33363985408783875,0.33363985408783875
67d1d172e049a486152a5ce9,9,white_high,white,1,0.028992576359221534,2.938037145790856e-06,0.205333913751498,0.794666086248502
67d1d172e049a486152a5ce9,10,white_high,white,1,0.24086781522049205,2.938037145790856e-06,0.16331149206599088,0.8366885079340092
67d1d172e049a486152a5ce9,11,black_high,white,1,-0.50174551134458,0.8878904578515754,0.6282873199795359,0.6282873199795359
67d1d172e049a486152a5ce9,12,white_high,black,0,-0.4738927387631322,0.05359627123834808,0.3505674687088023,0.6494325312911977
67d1d172e049a486152a5ce9,13,black_high,black,1,-0.19360194165529424,0.8942856254875607,0.5313046615136131,0.5313046615136131
67d1d172e049a486152a5ce9,14,black_high,white,1,-0.3409400350446362,-1.0370514423535868,0.09651971670812129,0.09651971670812129
67d1d172e049a486152a5ce9,15,black_high,white,0,-0.26861287140762513,-1.176025552469964,0.07472646727952403,0.07472646727952403
67d1d172e049a486152a5ce9,16,white_high,white,0,-0.38918773649243066,-0.2087270106283038,0.25426620907580544,0.7457337909241946
67d1d172e049a486152a5ce9,17,white_high,black,1,0.11705350965312575,-0.22209919947560836,0.14630023195644243,0.8536997680435576
67d1d172e049a486152a5ce9,18,white_high,black,0,0.1235313817739433,0.44884591550653125,0.29230599724881906,0.7076940027511809
67d1d172e049a486152a5ce9,19,white_high,white,0,0.028556420511888975,-0.041135332953346516,0.19668060699366746,0.8033193930063325
67d1d172e049a486152a5ce9,20,white_high,white,0,-0.06731080181830884,-0.016350849841023724,0.22314414728222967,0.7768558527177704
67d1d172e049a486152a5ce9,21,white_high,white,0,-0.0022601409321321084,-0.0056255354880073785,0.2109248250597679,0.789075174940232
67d1d172e049a486152a5ce9,22,black_high,white,0,0.7680471554926598,-1.5463841251337185,0.012382037753286675,0.012382037753286675
67d1d172e049a486152a5ce9,23,white_high,white,0,0.016349621691007416,-0.023156402014747408,0.20307139718744296,0.7969286028125571
67d1d172e049a486152a5ce9,24,white_high,white,1,0.006024942654856851,-0.03907364431120594,0.2018757904758893,0.7981242095241107
67d1d172e049a486152a5ce9,25,white_high,white,0,-0.07189387662530487,-0.043257711342240115,0.218062689856979,0.781937310143021
67d1d172e049a486152a5ce9,26,black_high,white,1,0.7368642931008631,-1.4619025965954553,0.014401488085076559,0.014401488085076559
67d1d172e049a486152a5ce9,27,white_high,white,0,-0.1043625817567625,-0.029651393498140013,0.22864257431085333,0.7713574256891467
67d1d172e049a486152a5ce9,28,black_high,white,0,0.6517989208138601,-1.56629259303971,0.014042815871906315,0.014042815871906315
67d1d172e049a486152a5ce9,29,black_high,white,0,0.6736603393026623,-1.1345372658573833,0.023919963636323614,0.023919963636323614
67d1d172e049a486152a5ce9,30,black_high,white,1,0.6661849461917602,-1.3263451141139595,0.018837760550020566,0.018837760550020566
67d1d172e049a486152a5ce9,31,white_high,white,1,0.11627803986077079,-0.03512918591453319,0.18014626989507004,0.81985373010493
67d1d172e049a486152a5ce9,32,white_high,white,1,0.16983280514338028,-0.005835176828046729,0.17545105966204572,0.8245489403379542
67d1d172e049a486152a5ce9,33,black_high,white,0,-0.7147875598417264,-1.1522032096706112,0.13078770849828325,0.13078770849828325
67d1d172e049a486152a5ce9,34,white_high,white,1,-0.2148499265977755,-0.043257711342240115,0.25204631655106774,0.7479536834489322
67d1d172e049a486152a5ce9,35,white_high,white,0,0.5433289740979578,-0.021677347421426834,0.1127520786048487,0.8872479213951513
67d1d172e049a486152a5ce9,36,white_high,white,0,0.07486154360788248,-0.027941139140486532,0.1898465121535719,0.810153487846428
67d1d172e049a486152a5ce9,37,white_high,white,0,0.14730589747819886,-0.045441734907030275,0.17220375912623712,0.8277962408737629
67eb5332af03cf75862d5e87,0,white_high,black,0,0.0,0.0,0.3921775411912569,0.6078224588087431
67eb5332af03cf75862d5e87,1,black_high,black,1,0.0,0.0,0.3921775411912569,0.3921775411912569
67eb5332af03cf75862d5e87,2,white_high,black,1,0.0,0.27077566638811734,0.4176584832951709,0.5823415167048291
67eb5332af03cf75862d5e87,3,white_high,black,1,0.0,-0.5827589417537287,0.33943438761626243,0.6605656123837376
67eb5332af03cf75862d5e87,4,white_high,white,0,0.0,1.8366744863323392,0.569376096618921,0.43062390338107903
67eb5332af03cf75862d5e87,5,black_high,white,0,0.6867394147801309,2.1566868791076415,0.5339598106649496,0.5339598106649496
67eb5332af03cf75862d5e87,6,white_high,white,0,0.17360264500953473,1.7695361755467558,0.5461838814876472,0.4538161185123528
67eb5332af03cf75862d5e87,7,black_high,white,0,-0.6412698911642362,2.1750777580022373,0.6597102721258853,0.6597102721258853
67eb5332af03cf75862d5e87,8,black_high,black,0,-0.2400940556755619,2.1124128937686777,0.617939055715659,0.617939055715659
67eb5332af03cf75862d5e87,9,white_high,black,0,-0.05367470347141984,1.8622576329901277,0.5769504808728896,0.4230495191271104
67eb5332af03cf75862d5e87,10,black_high,white,0,-0.40130285838347873,0.11106128158309626,0.4407744867863379,0.4407744867863379
67eb5332af03cf75862d5e87,11,black_high,white,0,-0.3630537485267862,0.059863075807469454,0.43218033583949345,0.43218033583949345
67eb5332af03cf75862d5e87,12,white_high,black,0,-0.0025800563081312677,0.6592344798705521,0.45521076098859464,0.5447892390114053
67eb5332af03cf75862d5e87,13,white_high,white,0,0.062035124111475146,0.30722135172453563,0.41522922871109325,0.5847707712889068
67eb5332af03cf75862d5e87,14,white_high,white,0,0.3668062377906852,0.3348228614394517,0.38920335865752764,0.6107966413424724
67eb5332af03cf75862d5e87,15,black_high,white,0,0.7332822534979482,0.23120211503125587,0.3465362549177705,0.3465362549177705
67eb5332af03cf75862d5e87,16,black_high,white,0,0.5959639794415261,0.16718337514258985,0.3530484637683026,0.3530484637683026
67eb5332af03cf75862d5e87,17,white_high,black,0,0.14962343617487772,0.6678229650948989,0.4413364473338476,0.5586635526661524
67eb5332af03cf75862d5e87,18,black_high,white,0,0.7405948311372521,0.16590502861341394,0.34014150685679645,0.34014150685679645
67eb5332af03cf75862d5e87,19,black_high,white,0,0.7117881835554714,0.1991077315013606,0.3455991536684553,0.3455991536684553
67eb5332af03cf75862d5e87,20,black_high,white,0,0.7575425318253892,0.033765775689801776,0.3271942412727429,0.3271942412727429
67eb5332af03cf75862d5e87,21,black_high,black,0,0.7065606488372953,0.12557811463161375,0.33958999741070645,0.33958999741070645
67eb5332af03cf75862d5e87,22,black_high,black,0,0.7405471168968302,0.5645390486323366,0.3759149895041003,0.3759149895041003
67eb5332af03cf75862d5e87,23,black_high,black,0,0.6714324249801414,0.4389599887015713,0.37075466003453733,0.37075466003453733
67eb5332af03cf75862d5e87,24,white_high,black,0,0.07089532795621652,-0.1646890992900451,0.3704710962166678,0.6295289037833323
67eb5332af03cf75862d5e87,25,white_high,white,0,0.05292642393791233,0.22684254394596537,0.4084854488719052,0.5915145511280948
67eb5332af03cf75862d5e87,26,black_high,white,1,1.0989831875368834,0.6682215686036665,0.35287173042374304,0.35287173042374304
67eb5332af03cf75862d5e87,27,black_high,black,1,1.0888600662647918,0.7526932875037052,0.3613550676435581,0.3613550676435581
67eb5332af03cf75862d5e87,28,black_high,black,1,1.0580651119659583,0.7367875774869064,0.36269841879294334,0.36269841879294334
67eb5332af03cf75862d5e87,29,black_high,black,0,1.0309970946431746,-0.23101186987399375,0.28269015463603947,0.28269015463603947
67eb5332af03cf75862d5e87,30,black_high,black,0,1.0729293611158415,0.6823831950918553,0.3564673220350706,0.3564673220350706
67eb5332af03cf75862d5e87,31,white_high,black,0,0.1287016129050848,0.12250833079231488,0.39160098587100367,0.6083990141289963
67eb5332af03cf75862d5e87,32,white_high,black,0,0.17387674928253571,0.07856611047970169,0.3833389089313273,0.6166610910686727
67eb5332af03cf75862d5e87,33,white_high,black,0,0.24112251399600454,0.813475106802902,0.44655848959948774,0.5534415104005123
67eb5332af03cf75862d5e87,34,white_high,white,0,0.11902738896185919,0.033211377632345274,0.3842160490630581,0.6157839509369418
67eb5332af03cf75862d5e87,35,white_high,white,0,-0.09783071699930371,-0.21592091415618184,0.3812375733358155,0.6187624266641845
67eb5332af03cf75862d5e87,36,white_high,white,0,0.03873121971730326,-0.21592091415618184,0.3687356074858604,0.6312643925141397
67eb5332af03cf75862d5e87,37,white_high,white,0,-0.05717928064997362,0.09158091283202213,0.4061131871116597,0.5938868128883403
67eb5332af03cf75862d5e87,38,black_high,white,0,1.0777922485170732,0.09495770798422765,0.30531798562985396,0.30531798562985396
67eb5332af03cf75862d5e87,39,white_high,white,0,0.2503069133879131,0.0025805692922553636,0.3693655832108597,0.6306344167891402
67eb5332af03cf75862d5e87,40,white_high,white,0,0.08230435521969881,0.17151790454419913,0.40051541464193513,0.5994845853580648
67eb5332af03cf75862d5e87,41,black_high,white,0,1.29822718193518,0.19229804986447296,0.29521564541492434,0.29521564541492434
67eb5332af03cf75862d5e87,42,black_high,white,0,1.1318164398772086,0.020051053529718976,0.29474151144682287,0.29474151144682287
67eb5332af03cf75862d5e87,43,white_high,white,0,0.5043642956367864,-0.21592091415618184,0.327494564977337,0.672505435022663
67eb5332af03cf75862d5e87,44,white_high,white,0,-0.1838810929054588,0.06288968672900411,0.41537953494568464,0.5846204650543154
67eb5332af03cf75862d5e87,45,black_high,white,0,1.2689387855689978,0.20922004051929136,0.29898533817806533,0.29898533817806533
67eb5332af03cf75862d5e87,46,white_high,white,0,0.32609105151865786,-0.1456796729464173,0.34922225865337436,0.6507777413466256
67eb5332af03cf75862d5e87,47,black_high,white,0,0.10261766369530426,-0.04866175141837373,0.37818394251970155,0.37818394251970155
67f864f1b7ea815cc3583637,0,white_high,black,0,0.0,0.0,0.6733832653099076,0.32661673469009245
67f864f1b7ea815cc3583637,1,white_high,black,0,0.0,0.0,0.6733832653099076,0.32661673469009245
67f864f1b7ea815cc3583637,2,black_high,black,0,0.0,0.0,0.6733832653099076,0.6733832653099076
67f864f1b7ea815cc3583637,3,white_high,black,0,0.0,0.1569826184896512,0.7273433308810942,0.27265666911890585
67f864f1b7ea815cc3583637,4,black_high,black,0,0.0,1.2390490738938578,0.9403185632238436,0.9403185632238436
67f864f1b7ea815cc3583637,5,black_high,white,0,0.0,0.4671481185785536,0.8161179968561953,0.8161179968561953
67f864f1b7ea815cc3583637,6,white_high,black,0,0.0,-0.20562414995505401,0.5953273932078874,0.4046726067921126
67f864f1b7ea815cc3583637,7,white_high,black,0,0.0,0.1034944402376545,0.7095901329014529,0.2904098670985471
67f864f1b7ea815cc3583637,8,black_high,black,0,0.0,0.13839475117869093,0.7212512448774523,0.7212512448774523
67f864f1b7ea815cc3583637,9,white_high,white,0,0.0,-0.05481056583592386,0.6532975575987507,0.34670244240124926
67f864f1b7ea815cc3583637,10,black_high,black,0,1.479496580652902,1.1987420910894901,0.5653049433543919,0.5653049433543919
67f864f1b7ea815cc3583637,11,black_high,white,0,1.4096386575561337,1.1438167127372598,0.5713177483149219,0.5713177483149219
67f864f1b7ea815cc3583637,12,black_high,black,0,1.3662654192692094,0.7917910434529138,0.44537725443979453,0.44537725443979453
67f864f1b7ea815cc3583637,13,white_high,white,0,-0.06188883908388528,-0.1318859075739104,0.6476304970359118,0.3523695029640882
67f864f1b7ea815cc3583637,14,black_high,black,0,0.45965729726866145,0.47075669896736894,0.6773772905443954,0.6773772905443954
67f864f1b7ea815cc3583637,15,black_high,black,0,0.5630519946919171,1.3441220953917772,0.8813743483321115,0.8813743483321115
67f864f1b7ea815cc3583637,16,black_high,black,0,0.4271040624290644,0.7467512349721472,0.7769827618820124,0.7769827618820124
67f864f1b7ea815cc3583637,17,white_high,white,0,-0.21550155431185297,-0.07273223078288513,0.7226924837009006,0.27730751629909944
67f864f1b7ea815cc3583637,18,black_high,black,0,1.2498902227729782,0.814635937385557,0.5022843923415998,0.5022843923415998
67f864f1b7ea815cc3583637,19,black_high,black,0,1.1595674020090416,0.7631677550137188,0.5182195178661259,0.5182195178661259
67f864f1b7ea815cc3583637,20,white_high,black,0,-0.12672725016208103,-0.02155314721213094,0.7101579153263716,0.2898420846736284
67f864f1b7ea815cc3583637,21,black_high,black,0,1.1828173450532389,1.1210639250828858,0.6507120092284998,0.6507120092284998
67f864f1b7ea815cc3583637,22,black_high,white,0,1.2618275671422734,0.6917047086181656,0.44714217885241353,0.44714217885241353
67f864f1b7ea815cc3583637,23,white_high,white,0,0.038149558798023675,0.03556046737073944,0.6724479465206322,0.3275520534793678
67f864f1b7ea815cc3583637,24,white_high,white,1,-0.0233301605223757,0.021517237765650357,0.689361503579062,0.310638496420938
67f864f1b7ea815cc3583637,25,white_high,white,1,-0.06423996242485029,0.0766547754107711,0.7220754485927005,0.27792455140729955
67f864f1b7ea815cc3583637,26,black_high,white,1,1.3123897148721393,0.7288690256324901,0.44171263099773617,0.44171263099773617
67f864f1b7ea815cc3583637,27,white_high,black,0,-0.314067528949684,0.01164495042310014,0.7787030263392198,0.22129697366078016
67f864f1b7ea815cc3583637,28,white_high,black,0,-0.32843842205382795,0.038961668986211395,0.7902688448259367,0.20973115517406327
67f864f1b7ea815cc3583637,29,black_high,white,0,1.2270362334529925,0.6296155727494739,0.4360942956918167,0.4360942956918167
67f864f1b7ea815cc3583637,30,black_high,black,0,1.1894407334739814,0.7244506008940788,0.49008423175728283,0.49008423175728283
67f864f1b7ea815cc3583637,31,white_high,white,1,0.24486349272946356,0.058736848593828946,0.6030128732834763,0.3969871267165237
67f864f1b7ea815cc3583637,32,white_high,black,1,0.24840910124359272,0.16290573140056497,0.6418009177232042,0.35819908227679575
67f864f1b7ea815cc3583637,33,white_high,white,1,0.20039917631061627,-0.025221373963199165,0.5873964404676715,0.4126035595323285
67f864f1b7ea815cc3583637,34,white_high,black,1,0.37063120685122874,-0.08910937952589532,0.4922375956325863,0.5077624043674137
67f864f1b7ea815cc3583637,35,black_high,white,0,1.9972980246635177,1.1721370591795393,0.3473241199041426,0.3473241199041426
67f864f1b7ea815cc3583637,36,black_high,white,0,1.8552104603649875,1.1654647258349642,0.39925670643005096,0.39925670643005096
67f864f1b7ea815cc3583637,37,black_high,black,0,1.9222398264449843,1.165188520816226,0.3730784243670551,0.3730784243670551
67f864f1b7ea815cc3583637,38,white_high,white,0,0.469297397331823,0.3556580093363344,0.6311163955461276,0.36888360445387236
67f864f1b7ea815cc3583637,39,black_high,black,0,0.6132363662482219,0.7452504069189699,0.7191408480695299,0.7191408480695299
67f864f1b7ea815cc3583637,40,white_high,black,1,0.1196606670751344,0.3860712772548862,0.7614764321770077,0.23852356782299233
67f864f1b7ea815cc3583637,41,black_high,black,0,0.08798492263601598,0.8641596577225472,0.8805316993100315,0.8805316993100315
67f864f1b7ea815cc3583637,42,white_high,white,1,0.15360622410050978,-0.732818314624708,0.32489304462484325,0.6751069553751567
67f864f1b7ea815cc3583637,43,black_high,black,0,1.5427143161949701,1.0651466620655075,0.4849265801593637,0.4849265801593637
67f864f1b7ea815cc3583637,44,white_high,white,0,0.19932929048853226,-0.7895463946028463,0.2891471434129541,0.7108528565870459
67f864f1b7ea815cc3583637,45,black_high,black,0,0.49509596161662744,0.4541211543197964,0.658423044604879,0.658423044604879
67f864f1b7ea815cc3583637,46,white_high,black,0,0.17918460810197537,-0.764536822716067,0.30461491354765674,0.6953850864523432
680aac52abce2170943ff846,0,black_high,white,0,0.0,0.0,0.4301789661579524,0.4301789661579524
680aac52abce2170943ff846,1,white_high,black,0,0.0,0.0,0.4301789661579524,0.5698210338420475
680aac52abce2170943ff846,2,black_high,black,0,0.0,0.0,0.4301789661579524,0.4301789661579524
680aac52abce2170943ff846,3,white_high,black,0,0.0,0.9185970434120354,0.46941048978108585,0.5305895102189142
680aac52abce2170943ff846,4,white_high,black,0,0.0,0.5358191142304813,0.4529883816196157,0.5470116183803844
680aac52abce2170943ff846,5,black_high,white,0,0.0,0.8545786621598486,0.46665835093641006,0.46665835093641006
680aac52abce2170943ff846,6,white_high,black,0,0.0,1.0508560489996728,0.47510198988113517,0.5248980101188648
680aac52abce2170943ff846,7,black_high,white,1,0.0,-1.8674539708579871,0.35352832074948304,0.35352832074948304
680aac52abce2170943ff846,8,white_high,white,1,0.0,0.31622429927798473,0.44361090996334485,0.5563890900366552
680aac52abce2170943ff846,9,white_high,black,1,0.7353334583683558,0.45515057310158247,0.4183625492872959,0.5816374507127041
680aac52abce2170943ff846,10,black_high,white,0,0.08761271324257222,0.6564511760752695,0.4544014813120889,0.4544014813120889
680aac52abce2170943ff846,11,black_high,white,0,-0.11707029258380065,0.37135411792418205,0.4509614019125266,0.4509614019125266
680aac52abce2170943ff846,12,black_high,white,0,0.15478352941575158,0.5739125097974126,0.44800071580464107,0.44800071580464107
680aac52abce2170943ff846,13,white_high,black,0,0.7369071620709241,1.0467903297642995,0.44334068455723363,0.5566593154427664
680aac52abce2170943ff846,14,black_high,black,0,-0.18448507400676536,0.27993510893557894,0.44993540383754227,0.44993540383754227
680aac52abce2170943ff846,15,white_high,black,0,0.6735808235055378,-1.5990954082095132,0.3377060433943593,0.6622939566056407
680aac52abce2170943ff846,16,white_high,white,0,0.6842833109453669,-1.1660980824236986,0.354202329438692,0.645797670561308
680aac52abce2170943ff846,17,black_high,white,0,-0.1729445905890727,0.8089686201750603,0.4721342724204085,0.4721342724204085
680aac52abce2170943ff846,18,black_high,white,0,0.20828474716085899,0.7235110164321819,0.4521074699536865,0.4521074699536865
680aac52abce2170943ff846,19,white_high,white,0,0.6751132314317487,-0.8028239757747122,0.3690464554338352,0.6309535445661648
680aac52abce2170943ff846,20,white_high,white,0,0.9906103299362155,-1.0864897995807385,0.3452997895619183,0.6547002104380817
680aac52abce2170943ff846,21,white_high,white,0,0.5102407933324659,-1.5214419548658416,0.3470747606756885,0.6529252393243115
680aac52abce2170943ff846,22,black_high,white,0,-0.37499132730622176,0.9713365829500026,0.48783822457985265,0.48783822457985265
680aac52abce2170943ff846,23,black_high,white,0,0.5126766446208857,0.8430976606980334,0.44421601951045125,0.44421601951045125
680aac52abce2170943ff846,24,white_high,black,0,0.6430153376113106,-1.432280634705863,0.34537021661901957,0.6546297833809804
680aac52abce2170943ff846,25,white_high,white,0,0.6575572696010512,-1.576393889460927,0.3392031655335141,0.6607968344664858
680aac52abce2170943ff846,26,black_high,white,0,-0.869005806633705,0.03769149950832368,0.46889877634562493,0.46889877634562493
680aac52abce2170943ff846,27,black_high,white,0,1.2863345089336942,-0.07877993535721395,0.3735939915119359,0.3735939915119359
680aac52abce2170943ff846,28,white_high,black,0,1.117164289180365,-1.7147682666539104,0.31645792404505696,0.6835420759549431
680aac52abce2170943ff846,29,white_high,black,0,1.1488169801562291,-1.4097152503916288,0.32675665388269126,0.6732433461173087
680aac52abce2170943ff846,30,black_high,white,0,-1.4383096194691904,-1.0968138643644718,0.4446881753701495,0.4446881753701495
680aac52abce2170943ff846,31,white_high,black,0,1.665122920634291,-1.61589155238245,0.2999283962669588,0.7000716037330412
680aac52abce2170943ff846,32,black_high,white,0,2.481199667169068,1.6372180084437202,0.39487937346154944,0.39487937346154944
680aac52abce2170943ff846,33,black_high,black,0,-4.037438264104449,2.5332710859895538,0.7012827058372889,0.7012827058372889
680aac52abce2170943ff846,34,white_high,white,1,1.017009009445411,0.6824281459244165,0.4160787533788943,0.5839212466211057
680aac52abce2170943ff846,35,black_high,black,0,-3.989660092293681,2.7576459104569713,0.7076309060015006,0.7076309060015006
680aac52abce2170943ff846,36,black_high,black,0,-3.114045277990609,2.3469541007948767,0.6596657179986515,0.6596657179986515
680aac52abce2170943ff846,37,white_high,black,0,0.6067231567061354,1.7482970402510856,0.479009682725966,0.520990317274034
680aac52abce2170943ff846,38,white_high,white,0,0.602089624806329,0.8538804227558643,0.4408666758859537,0.5591333241140464
680aac52abce2170943ff846,39,black_high,black,0,-3.8263890226286397,-1.7745077011001884,0.518283843361377,0.518283843361377
680aac52abce2170943ff846,40,black_high,white,0,-3.105339990967652,-2.6559868605902377,0.44929161891268343,0.44929161891268343
680aac52abce2170943ff846,41,black_high,white,0,2.643993857179058,-2.181045728082745,0.24708151895041972,0.24708151895041972
680aac52abce2170943ff846,42,black_high,black,0,-6.003987055054217,-1.8933889266919124,0.6055482123413799,0.6055482123413799
680aac52abce2170943ff846,43,white_high,black,0,0.564904095612128,-1.4016747505136582,0.349626531070393,0.650373468929607
680aac52abce2170943ff846,44,white_high,white,0,0.5336142152676344,0.04550746937296868,0.40965296504195636,0.5903470349580436
680aac52abce2170943ff846,45,black_high,white,1,-6.13230770536168,4.93113190203469,0.8360535430270399,0.8360535430270399
680aac52abce2170943ff846,46,white_high,black,1,0.7773461521248883,0.051838973116626,0.39977779768257304,0.600222202317427
680aac52abce2170943ff846,47,white_high,white,1,0.7415497774397909,-2.151321786811903,0.31418628074432225,0.6858137192556777
68598a1d4cebd213b2abb1d9,0,black_high,black,0,0.0,0.0,0.734948223370651,0.734948223370651
68598a1d4cebd213b2abb1d9,1,white_high,white,0,0.0,0.009558846542585292,0.7542203060600731,0.24577969393992694
68598a1d4cebd213b2abb1d9,2,black_high,black,1,0.0014816777856964164,0.0016878019670379608,0.7353738361030367,0.7353738361030367
68598a1d4cebd213b2abb1d9,3,black_high,black,0,0.0019998906128653334,0.09462458020047533,0.881026182214908,0.881026182214908
68598a1d4cebd213b2abb1d9,4,white_high,white,1,0.010912477976189074,0.5625239498294551,0.9989624537398298,0.0010375462601701635
68598a1d4cebd213b2abb1d9,5,black_high,black,0,0.09983782120463175,0.11203189999454533,0.7593640787116268,0.7593640787116268
68598a1d4cebd213b2abb1d9,6,black_high,black,0,0.10170398247712767,0.07943714965979606,0.6864833026010725,0.6864833026010725
68598a1d4cebd213b2abb1d9,7,white_high,white,0,0.9669852880326835,0.5566789586430225,0.034505190727213086,0.9654948092727869
68598a1d4cebd213b2abb1d9,8,black_high,black,0,0.09914712958818528,0.09423573509594593,0.7246784277125805,0.7246784277125805
68598a1d4cebd213b2abb1d9,9,white_high,white,0,0.7628202515017797,0.6935144612316627,0.5707394808352201,0.4292605191647799
68598a1d4cebd213b2abb1d9,10,white_high,white,0,0.7433141571637069,0.5516725916609642,0.2664842342059991,0.7335157657940009
68598a1d4cebd213b2abb1d9,11,white_high,white,0,0.7726911320579224,0.5900855901456524,0.2856298268106047,0.7143701731893952
68598a1d4cebd213b2abb1d9,12,white_high,white,0,0.7644859664842336,0.6661158111257728,0.4941586818608513,0.5058413181391487
68598a1d4cebd213b2abb1d9,13,white_high,white,0,0.7753920859082665,0.5681067449575397,0.23533274424184383,0.7646672557581562
68598a1d4cebd213b2abb1d9,14,white_high,white,0,0.7390008316918139,0.5609292007735985,0.29554126037812517,0.7044587396218749
68598a1d4cebd213b2abb1d9,15,white_high,white,0,0.7966398887344119,0.6230042138755167,0.30542904442676744,0.6945709555732326
68598a1d4cebd213b2abb1d9,16,white_high,white,0,0.8473845343175667,0.5656741564072513,0.12263213136146407,0.8773678686385359
68598a1d4cebd213b2abb1d9,17,black_high,black,0,0.11124735904694998,0.09451389610106586,0.6989729921057111,0.6989729921057111
68598a1d4cebd213b2abb1d9,18,black_high,black,0,0.11124735904694998,0.1130637979135454,0.738683777821164,0.738683777821164
68598a1d4cebd213b2abb1d9,19,black_high,black,0,0.10588883344660435,0.08835388868898192,0.6971815061597749,0.6971815061597749
68598a1d4cebd213b2abb1d9,20,white_high,white,0,0.7404112284946186,0.6404712709386245,0.4899977100532009,0.5100022899467991
68598a1d4cebd213b2abb1d9,21,black_high,black,0,0.11133311566353388,0.07940495835989769,0.6640217350521525,0.6640217350521525
68598a1d4cebd213b2abb1d9,22,white_high,white,0,0.8973022402983295,0.5926930926406049,0.09880399552070816,0.9011960044792918
68598a1d4cebd213b2abb1d9,23,black_high,black,0,0.09873886850731493,0.11169252910160365,0.7608329970499195,0.7608329970499195
68598a1d4cebd213b2abb1d9,24,black_high,black,0,0.09714713519560199,0.11017691808600898,0.7609798668112298,0.7609798668112298
68598a1d4cebd213b2abb1d9,25,white_high,white,0,0.8420044097145899,0.5679751004846282,0.13166948316574206,0.8683305168342579
68598a1d4cebd213b2abb1d9,26,black_high,black,0,0.09741613915962191,0.08414179893556067,0.7066350656474122,0.7066350656474122
68598a1d4cebd213b2abb1d9,27,black_high,black,0,0.09594521353752165,0.08749365094365802,0.7171247512194282,0.7171247512194282
68598a1d4cebd213b2abb1d9,28,black_high,black,0,0.10967788213486976,0.10542116898271994,0.7260615424662767,0.7260615424662767
68598a1d4cebd213b2abb1d9,29,white_high,white,0,0.8706165554577382,0.5762975734116771,0.10895549924807647,0.8910445007519235
68598a1d4cebd213b2abb1d9,30,black_high,black,0,0.10085834300724561,0.09641415469536109,0.7256659148101366,0.7256659148101366
68598a1d4cebd213b2abb1d9,31,black_high,black,0,0.09575593574585325,0.08448974508619955,0.7110304561537836,0.7110304561537836
68598a1d4cebd213b2abb1d9,32,white_high,white,1,0.8296490105118541,0.5951256244241816,0.18735229421456595,0.812647705785434
68598a1d4cebd213b2abb1d9,33,white_high,white,0,0.9028874977000676,0.6204799563301218,0.12183884502120662,0.8781611549787933
68598a1d4cebd213b2abb1d9,34,black_high,black,0,0.10841786535849769,0.08844300846673128,0.6916908909653156,0.6916908909653156
68598a1d4cebd213b2abb1d9,35,white_high,white,0,0.8897278978667863,0.6692977227017815,0.21117709692456,0.78882290307544
68598a1d4cebd213b2abb1d9,36,black_high,black,0,0.10573644894157253,0.11206407263454685,0.7478127913127932,0.7478127913127932
68598a1d4cebd213b2abb1d9,37,white_high,white,0,0.8600847619343424,0.630421598151143,0.19532667232353226,0.8046733276764677
68598a1d4cebd213b2abb1d9,38,white_high,white,1,0.9067586926394711,0.5747216295986856,0.075755546144486,0.924244453855514
68598a1d4cebd213b2abb1d9,39,black_high,black,1,0.11063969847479549,0.09889072729331488,0.709977331117646,0.709977331117646
68598a1d4cebd213b2abb1d9,40,white_high,white,1,0.8946734886507703,0.609515556741981,0.118752240065406,0.881247759934594
68598a1d4cebd213b2abb1d9,41,white_high,white,0,1.0775345275673942,0.5841561426365358,0.014592726534224599,0.9854072734657754
68598a1d4cebd213b2abb1d9,42,black_high,black,0,0.12041732931771822,0.09547724887657516,0.6803495799775603,0.6803495799775603
68598a1d4cebd213b2abb1d9,43,black_high,black,0,0.12124994956576629,0.0895687023771514,0.6646056733973323,0.6646056733973323
68598a1d4cebd213b2abb1d9,44,black_high,black,0,0.11596329252209803,0.10361081759858538,0.7086576763485153,0.7086576763485153
68598a1d4cebd213b2abb1d9,45,white_high,white,0,0.9244184666330192,0.668227254982213,0.15484441845831406,0.8451555815416859
68598a1d4cebd213b2abb1d9,46,white_high,white,1,0.9612367805544657,0.6537682639229945,0.09613651836010603,0.9038634816398939
68598a1d4cebd213b2abb1d9,47,black_high,black,1,0.10507189376568102,0.10952003142370602,0.7440352215944203,0.7440352215944203
68e541cbbf146b5c074849ac,0,white_high,black,0,0.0,0.0,0.7292007754168527,0.2707992245831473
68e541cbbf146b5c074849ac,1,white_high,black,0,0.0,0.0,0.7292007754168527,0.2707992245831473
68e541cbbf146b5c074849ac,2,white_high,black,0,0.0,0.0,0.7292007754168527,0.2707992245831473
68e541cbbf146b5c074849ac,3,white_high,black,0,0.0,0.0,0.7292007754168527,0.2707992245831473
68e541cbbf146b5c074849ac,4,black_high,black,0,0.0,0.0,0.7292007754168527,0.7292007754168527
68e541cbbf146b5c074849ac,5,black_high,black,0,0.0,0.27536007356072234,0.7315444310671502,0.7315444310671502
68e541cbbf146b5c074849ac,6,black_high,black,0,0.0,-0.19486216212296598,0.7275345066269902,0.7275345066269902
68e541cbbf146b5c074849ac,7,white_high,black,0,0.0,4.875572151646649,0.7687549824213991,0.23124501757860094
68e541cbbf146b5c074849ac,8,black_high,black,0,0.0,-0.9108621518066069,0.7213572103967513,0.7213572103967513
68e541cbbf146b5c074849ac,9,white_high,black,0,0.0,-4.2658319272472145,0.6912994686479871,0.3087005313520129
68e541cbbf146b5c074849ac,10,black_high,black,0,0.0,3.3176127233905657,0.7565688157838687,0.7565688157838687
68e541cbbf146b5c074849ac,11,black_high,black,0,0.0,5.114643068499095,0.7705867286752652,0.7705867286752652
68e541cbbf146b5c074849ac,12,white_high,black,0,0.0,-13.845894098409794,0.5968000590434973,0.4031999409565027
68e541cbbf146b5c074849ac,13,black_high,black,0,0.0,-3.41276986859319,0.6991115982497454,0.6991115982497454
68e541cbbf146b5c074849ac,14,white_high,white,0,0.0,24.201444890200214,0.88458271623078,0.11541728376922
68e541cbbf146b5c074849ac,15,black_high,black,0,0.26995921250048255,1.280188465179998,0.7377358642321339,0.7377358642321339
68e541cbbf146b5c074849ac,16,white_high,white,1,0.8688635535659548,-35.91391082816486,0.354529897710495,0.6454701022895051
68e541cbbf146b5c074849ac,17,white_high,white,0,-0.16845224174951168,-49.47491213617719,0.24223554962166596,0.7577644503783341
68e541cbbf146b5c074849ac,18,white_high,white,1,1.321057182243963,-43.765019037255875,0.2772675244031533,0.7227324755968467
68e541cbbf146b5c074849ac,19,white_high,white,0,-0.5480360964969345,-41.80758650650955,0.31159496603736203,0.688405033962638
68e541cbbf146b5c074849ac,20,black_high,black,0,0.8161718129858873,-7.153871366441234,0.6561321598151757,0.6561321598151757
68e541cbbf146b5c074849ac,21,black_high,black,0,0.8161718129858873,9.42748821957539,0.7962069236902278,0.7962069236902278
68e541cbbf146b5c074849ac,22,white_high,white,1,2.715178706895421,-136.25385539584872,0.006589323961684542,0.9934106760383155
68e541cbbf146b5c074849ac,23,black_high,black,1,0.21589140843635074,-23.70732965275012,0.4891531586102024,0.4891531586102024
68e541cbbf146b5c074849ac,24,white_high,white,1,-0.6367786237999933,70.91140444006774,0.9834209242325082,0.016579075767491847
68e541cbbf146b5c074849ac,25,black_high,black,1,0.390755902453818,10.863846565338923,0.8089528153208776,0.8089528153208776
68e541cbbf146b5c074849ac,26,black_high,black,1,0.2633773342954694,2.663932768105649,0.7491950531028813,0.7491950531028813
68e541cbbf146b5c074849ac,27,black_high,black,1,0.3694899420899336,5.318911840220514,0.7693219040454063,0.7693219040454063
68e541cbbf146b5c074849ac,28,white_high,white,0,-0.012627791606753702,-7.555349166883295,0.6602870690554979,0.33971293094450206
68e541cbbf146b5c074849ac,29,black_high,black,0,0.22803263674233554,4.403204841306536,0.7633298901584143,0.7633298901584143
68e541cbbf146b5c074849ac,30,white_high,white,0,0.2703652104985126,4.913349102977681,0.7669631153427213,0.23303688465727868
68e541cbbf146b5c074849ac,31,black_high,black,0,-0.33031565054535783,3.5732273586970074,0.7612024456346997,0.7612024456346997
68e541cbbf146b5c074849ac,32,black_high,black,1,-0.40661963912701354,-2.8133679934874634,0.7081779827069307,0.7081779827069307
68e541cbbf146b5c074849ac,33,white_high,white,0,-1.5276987365854184,3.8609210529062965,0.7726733603987651,0.2273266396012349
68e541cbbf146b5c074849ac,34,white_high,white,1,4.16074048044117,3.0187131272932417,0.7193445754849823,0.2806554245150177
68e541cbbf146b5c074849ac,35,black_high,black,0,-0.38622111788487357,2.654705335122188,0.7543596513793505,0.7543596513793505
68e541cbbf146b5c074849ac,36,white_high,white,0,-3.348356846421825,-8.030104863966601,0.6874501838272628,0.31254981617273725
68e541cbbf146b5c074849ac,37,white_high,white,0,9.47320850411847,-8.612725140819894,0.5520345093165944,0.44796549068340563
68e541cbbf146b5c074849ac,38,black_high,black,0,-5.146482701291008,2.0318920020257933,0.7859732884126441,0.7859732884126441
68e541cbbf146b5c074849ac,39,black_high,black,0,-6.307929900363463,9.430083644146682,0.8416785880716133,0.8416785880716133
68e541cbbf146b5c074849ac,40,black_high,black,0,-6.551367008959122,-8.669606032662733,0.7107482320534523,0.7107482320534523
68e541cbbf146b5c074849ac,41,black_high,black,1,-4.319822394094169,44.055319950191524,0.9561169939497374,0.9561169939497374
68e541cbbf146b5c074849ac,42,white_high,white,1,-31.14559699390562,-116.93639696057934,0.061958972950159105,0.9380410270498409
68e541cbbf146b5c074849ac,43,white_high,white,1,7.31119051931497,-106.94929224475479,0.01893204602840891,0.9810679539715911
68e541cbbf146b5c074849ac,44,white_high,white,0,-4.99728584849518,-103.7869671318043,0.03629395682219505,0.963706043177805
68e541cbbf146b5c074849ac,45,white_high,white,0,-3.6604328329689095,-118.65577996755249,0.018351055792812748,0.9816489442071873
6902584f39b4b2ce82a5eda6,0,white_high,black,0,0.0,0.0,0.6488588771318691,0.35114112286813093
6902584f39b4b2ce82a5eda6,1,white_high,white,0,0.0,0.0,0.6488588771318691,0.35114112286813093
6902584f39b4b2ce82a5eda6,2,black_high,black,0,0.0609932804400848,0.0,0.6455227260969288,0.6455227260969288
6902584f39b4b2ce82a5eda6,3,white_high,white,0,0.2260177250804295,0.8605177184645227,0.6826594686908667,0.3173405313091333
6902584f39b4b2ce82a5eda6,4,black_high,white,0,0.06401995773891142,0.11998176982872837,0.6519070903629032,0.6519070903629032
6902584f39b4b2ce82a5eda6,5,white_high,black,0,0.322573973729896,0.704639674951355,0.6694172177012894,0.33058278229871063
6902584f39b4b2ce82a5eda6,6,black_high,black,0,0.04243509649173172,0.03243617029713058,0.648312950997543,0.648312950997543
6902584f39b4b2ce82a5eda6,7,white_high,black,0,0.33412738767107186,0.10241184843748063,0.6361099991196828,0.3638900008803172
6902584f39b4b2ce82a5eda6,8,white_high,black,0,0.24992047281594493,0.19430930344620587,0.6458176873470097,0.35418231265299027
6902584f39b4b2ce82a5eda6,9,white_high,black,0,0.36966084866035487,0.12446035159523412,0.63536193907212,0.36463806092788
6902584f39b4b2ce82a5eda6,10,black_high,white,0,-0.0003946615299752522,0.06432892302078595,0.6523832232254979,0.6523832232254979
6902584f39b4b2ce82a5eda6,11,black_high,black,1,0.03570624112430711,0.039888071281531934,0.6490870833380633,0.6490870833380633
6902584f39b4b2ce82a5eda6,12,white_high,black,0,0.24600628211425507,2.7173011972871337,0.7695944469557575,0.23040555304424248
6902584f39b4b2ce82a5eda6,13,black_high,black,0,0.013636425621035298,0.2528115125489854,0.6617989208531836,0.6617989208531836
6902584f39b4b2ce82a5eda6,14,white_high,black,0,0.23303334466445508,0.045856014608305296,0.6385760082523941,0.36142399174760587
6902584f39b4b2ce82a5eda6,15,white_high,white,0,0.2505198140585994,0.34885935453267714,0.6542071523252663,0.3457928476747337
6902584f39b4b2ce82a5eda6,16,white_high,white,1,0.7446345734377773,0.40948742977681296,0.6303556751713904,0.36964432482860965
6902584f39b4b2ce82a5eda6,17,black_high,white,0,0.005627370929820109,-0.031135785384429605,0.6468497586890704,0.6468497586890704
6902584f39b4b2ce82a5eda6,18,white_high,white,0,0.21973342218909747,0.146560660289964,0.6448548332942748,0.35514516670572516
6902584f39b4b2ce82a5eda6,19,black_high,black,0,0.018782208275733812,-0.01744294610319567,0.6468791983264253,0.6468791983264253
6902584f39b4b2ce82a5eda6,20,black_high,black,0,0.0303336480516547,0.11953696257892776,0.6537118863894448,0.6537118863894448
6902584f39b4b2ce82a5eda6,21,black_high,black,0,0.018782208275733812,0.10846988837040464,0.6537381517515616,0.6537381517515616
6902584f39b4b2ce82a5eda6,22,black_high,black,0,0.018782208275733812,0.09991396023832276,0.6532740574610704,0.6532740574610704
6902584f39b4b2ce82a5eda6,23,black_high,black,0,0.009152142563808394,0.06255538948695545,0.6517679953056578,0.6517679953056578
6902584f39b4b2ce82a5eda6,24,white_high,white,0,0.19917250371968323,1.5876592814960597,0.7204384127666063,0.27956158723339375
6902584f39b4b2ce82a5eda6,25,black_high,black,0,0.10755553304361934,0.17643260675717515,0.652608826099261,0.652608826099261
6902584f39b4b2ce82a5eda6,26,black_high,black,0,0.07383286830147007,-0.004544991983151607,0.6445692261202701,0.6445692261202701
6902584f39b4b2ce82a5eda6,27,white_high,white,1,0.8646065697821084,1.3758822779694193,0.6762305766317831,0.3237694233682169
6902584f39b4b2ce82a5eda6,28,black_high,black,1,-0.430230681216982,0.19782311736970012,0.6823248505932856,0.6823248505932856
6902584f39b4b2ce82a5eda6,29,white_high,white,0,-2.4211292349901306,-1.0022191568856829,0.7219038780303454,0.2780961219696546
6902584f39b4b2ce82a5eda6,30,black_high,black,0,0.21875787115902495,-0.25602294525956215,0.6225283946463795,0.6225283946463795
6902584f39b4b2ce82a5eda6,31,white_high,white,0,1.9018847758914847,2.3663548307504927,0.6737709041236045,0.3262290958763955
6902584f39b4b2ce82a5eda6,32,white_high,white,0,-0.09261104102874552,2.1849431676671474,0.761262262298159,0.23873773770184104
6902584f39b4b2ce82a5eda6,33,black_high,black,1,0.09585296402712745,0.07913112294538208,0.6479456718708966,0.6479456718708966
6902584f39b4b2ce82a5eda6,34,black_high,black,1,0.06843934245693768,0.26798662231565185,0.6596709813190934,0.6596709813190934
6902584f39b4b2ce82a5eda6,35,black_high,black,1,0.11210291980110905,-1.4526528068844766,0.5595144628590064,0.5595144628590064
6902584f39b4b2ce82a5eda6,36,black_high,black,0,0.06435564449742356,3.1674195024636895,0.7953306377022114,0.7953306377022114
6902584f39b4b2ce82a5eda6,37,white_high,white,0,0.6510360536857973,-0.7440620692899043,0.5695052890376167,0.43049471096238334
6902584f39b4b2ce82a5eda6,38,black_high,black,1,0.008721100065133472,-0.6250118375955563,0.6135400044995106,0.6135400044995106
6902584f39b4b2ce82a5eda6,39,white_high,white,0,0.18251027891366972,-7.016191884883479,0.24779388853091938,0.7522061114690806
6902584f39b4b2ce82a5eda6,40,white_high,white,0,0.5557288748811158,-7.409891108686855,0.21515504679285855,0.7848449532071414
6902584f39b4b2ce82a5eda6,41,white_high,white,0,0.6610566218303768,-6.604007663916683,0.24484271482366007,0.75515728517634
6902584f39b4b2ce82a5eda6,42,black_high,black,0,0.061190984271014645,-3.486731906506662,0.4413035229836243,0.4413035229836243
6902584f39b4b2ce82a5eda6,43,black_high,black,1,0.052771240494877296,-0.1712384951887721,0.6365371732682071,0.6365371732682071
6902584f39b4b2ce82a5eda6,44,white_high,white,1,0.6043817913234029,-28.879938654296975,0.0015797540899918341,0.9984202459100082
6902584f39b4b2ce82a5eda6,45,black_high,black,1,0.025849079135674278,-5.340013243862258,0.3381927008140567,0.3381927008140567
69124176667ec0990dfb9da1,0,black_high,white,0,0.0,0.0,0.7649471279651466,0.7649471279651466
69124176667ec0990dfb9da1,1,white_high,black,0,0.0,0.0,0.7649471279651466,0.23505287203485337
69124176667ec0990dfb9da1,2,black_high,black,0,0.0,0.0,0.7649471279651466,0.7649471279651466
69124176667ec0990dfb9da1,3,white_high,black,0,0.0,0.09697011217864984,0.9215384505264371,0.07846154947356287
69124176667ec0990dfb9da1,4,white_high,black,0,0.0,-0.031837973440444395,0.681051327366072,0.318948672633928
69124176667ec0990dfb9da1,5,white_high,black,1,0.0,0.004201381844779306,0.7747977724982332,0.22520222750176677
69124176667ec0990dfb9da1,6,white_high,black,0,0.0,-0.052781057480378105,0.6180824461918945,0.38191755380810555
69124176667ec0990dfb9da1,7,black_high,black,1,0.0,1.0038060392595098,0.9999994780975682,0.9999994780975682
69124176667ec0990dfb9da1,8,white_high,black,0,0.0,0.05294306832065199,0.867693766723126,0.13230623327687396
69124176667ec0990dfb9da1,9,black_high,black,0,0.0,1.1533749686946044,0.9999999279129498,0.9999999279129498
69124176667ec0990dfb9da1,10,white_high,white,0,0.0,-0.1854421255510742,0.21850377182898756,0.7814962281710125
69124176667ec0990dfb9da1,11,black_high,black,0,0.15068532397432743,0.3987188914330071,0.9886016534783347,0.9886016534783347
69124176667ec0990dfb9da1,12,black_high,black,0,0.16093389317260196,0.46920778090144893,0.9948322088925468,0.9948322088925468
69124176667ec0990dfb9da1,13,white_high,black,0,0.015483410899007233,-0.05142217979131474,0.5730908566593345,0.42690914334066554
69124176667ec0990dfb9da1,14,white_high,black,0,0.01685914379845823,0.01850753506519496,0.7688472170084715,0.23115278299152853
69124176667ec0990dfb9da1,15,white_high,black,0,0.01605200288869708,-0.013258916522962426,0.6882722134796277,0.31172778652037225
69124176667ec0990dfb9da1,16,black_high,black,0,0.14134098435780237,0.9251713580017786,0.9999904055453485,0.9999904055453485
69124176667ec0990dfb9da1,17,black_high,black,0,0.15459291318096666,0.3630788748550119,0.9809114636154681,0.9809114636154681
69124176667ec0990dfb9da1,18,white_high,black,0,0.017815321508151537,-0.0218444883314872,0.6581548188092305,0.34184518119076945
69124176667ec0990dfb9da1,19,black_high,black,0,0.1602879056555275,0.6519792585970787,0.9995417946556702,0.9995417946556702
69124176667ec0990dfb9da1,20,black_high,black,0,0.1555110952220841,0.5851900237644302,0.9989594603339879,0.9989594603339879
69124176667ec0990dfb9da1,21,black_high,black,0,0.16093389317260196,0.7437146755512694,0.9998627186936239,0.9998627186936239
69124176667ec0990dfb9da1,22,white_high,black,0,0.016545759157447944,0.0039493100285954985,0.733660978080257,0.266339021919743
69124176667ec0990dfb9da1,23,black_high,black,0,0.16207153657594547,0.6421153170255174,0.9994654627032341,0.9994654627032341
69124176667ec0990dfb9da1,24,white_high,black,0,0.015952067417020127,0.019068425096612364,0.772282136866646,0.22771786313335396
69124176667ec0990dfb9da1,25,black_high,black,0,0.14759446822397207,0.9690722700021381,0.999994170625165,0.999994170625165
69124176667ec0990dfb9da1,26,white_high,white,0,0.016161685363108306,-0.0723983847505949,0.5019667542403851,0.49803324575961494
69124176667ec0990dfb9da1,27,white_high,white,0,0.19785108052874176,-0.04246411918292347,0.1191320805057488,0.8808679194942513
69124176667ec0990dfb9da1,28,white_high,white,0,0.1140943528841119,-0.04051696603176055,0.2960146583906958,0.7039853416093043
69124176667ec0990dfb9da1,29,black_high,black,0,0.6996615585404604,0.884872818930256,0.9742025586591895,0.9742025586591895
69124176667ec0990dfb9da1,30,white_high,white,0,0.1826638147771672,-0.059520769428423666,0.11656002497737664,0.8834399750226234
69124176667ec0990dfb9da1,31,white_high,white,1,0.16604919492851938,-0.05033543190296271,0.156573942976623,0.843426057023377
69124176667ec0990dfb9da1,32,black_high,black,1,0.5984434118209554,0.8314067916666352,0.9861204640447424,0.9861204640447424
69124176667ec0990dfb9da1,33,black_high,black,1,0.6326104195303004,0.8287676434480122,0.9776039120496087,0.9776039120496087
69124176667ec0990dfb9da1,34,white_high,white,1,0.21882742685376982,-0.13922809943480344,0.027678869256206773,0.9723211307437932
69124176667ec0990dfb9da1,35,black_high,black,1,0.20972941749889656,0.39277773691446805,0.9734732455097345,0.9734732455097345
69124176667ec0990dfb9da1,36,white_high,black,0,0.05872140965388989,-0.027584888450489287,0.5094230498850317,0.49057695011496827
69124176667ec0990dfb9da1,37,black_high,black,1,0.21599633189005651,1.2691290013101906,0.9999997283206418,0.9999997283206418
69124176667ec0990dfb9da1,38,black_high,black,1,0.19190826835859148,0.6276571716840885,0.9990397089002323,0.9990397089002323
69124176667ec0990dfb9da1,39,black_high,black,1,0.19516255186352635,0.617841335202682,0.9988585626523341,0.9988585626523341
69124176667ec0990dfb9da1,40,white_high,white,1,0.054515653383341994,-0.003152775109510092,0.6027006759984538,0.3972993240015462
69124176667ec0990dfb9da1,41,white_high,white,1,0.21271490894056094,0.014467490540833398,0.19094362101821089,0.8090563789817891
69124176667ec0990dfb9da1,42,black_high,black,0,-0.27605181630399045,0.9556655559380345,0.9999999744412347,0.9999999744412347
69124176667ec0990dfb9da1,43,black_high,black,1,-0.22110022248790473,0.5262908638380894,0.9999844592066626,0.9999844592066626
69124176667ec0990dfb9da1,44,white_high,white,1,0.01923299574973548,-0.010265188518889794,0.6877401884721768,0.31225981152782323
69124176667ec0990dfb9da1,45,white_high,white,0,0.26644297912212006,-0.039016710332427346,0.05401887052322541,0.9459811294767746
69124176667ec0990dfb9da1,46,black_high,black,0,0.2307282342621641,0.9960565675349112,0.9999877433972543,0.9999877433972543
6917b43630e666e39c18fa7b,0,black_high,black,0,0.0,0.0,0.5447587333847101,0.5447587333847101
6917b43630e666e39c18fa7b,1,white_high,black,0,0.0,0.16385368726020946,0.5865873169278952,0.41341268307210477
6917b43630e666e39c18fa7b,2,black_high,black,0,0.0,1.4368162521120775,0.8420262902791292,0.8420262902791292
6917b43630e666e39c18fa7b,3,black_high,black,0,0.0,0.5135899453900411,0.6711736851508485,0.6711736851508485
6917b43630e666e39c18fa7b,4,white_high,white,0,0.0,-0.15433836621007999,0.5047620745726968,0.49523792542730316
6917b43630e666e39c18fa7b,5,white_high,white,0,0.15959963842233393,-0.15772393306430366,0.4624687534674364,0.5375312465325637
6917b43630e666e39c18fa7b,6,white_high,black,1,0.16817718256093295,-0.15462520734921256,0.46105299310945413,0.5389470068905459
6917b43630e666e39c18fa7b,7,black_high,white,0,0.20180254045449125,0.6468045116954649,0.655247643951966,0.655247643951966
6917b43630e666e39c18fa7b,8,white_high,black,0,0.054873336701306154,0.9093355340935463,0.7441983651214246,0.25580163487857543
6917b43630e666e39c18fa7b,9,white_high,white,1,0.01901203359223687,-0.425496782949646,0.42980587545560794,0.570194124544392
6917b43630e666e39c18fa7b,10,black_high,black,0,1.7671519099318562,0.5038166766051992,0.24342692418110648,0.24342692418110648
6917b43630e666e39c18fa7b,11,white_high,white,0,0.27793106532942813,-0.36626557896504647,0.3798323337074173,0.6201676662925827
6917b43630e666e39c18fa7b,12,black_high,black,0,-0.22155641037139007,0.8404246502492047,0.7830728318851166,0.7830728318851166
6917b43630e666e39c18fa7b,13,white_high,white,0,0.06174126821941475,-0.4380061473459837,0.4157912232610927,0.5842087767389073
6917b43630e666e39c18fa7b,14,white_high,black,0,0.0939371954551477,-0.34356655746808495,0.43159169707743844,0.5684083029225615
6917b43630e666e39c18fa7b,15,black_high,white,0,0.006397004881277368,0.8630896871935158,0.7446395859363849,0.7446395859363849
6917b43630e666e39c18fa7b,16,black_high,white,0,0.728429108749399,0.6790195101575225,0.5319922315805623,0.5319922315805623
6917b43630e666e39c18fa7b,17,white_high,black,0,-0.012205130380145618,0.13683517615952687,0.58284748272168,0.41715251727832003
6917b43630e666e39c18fa7b,18,white_high,black,0,0.007871152500458563,-0.07839794883427015,0.5224401473453136,0.47755985265468637
6917b43630e666e39c18fa7b,19,black_high,black,0,0.17895456245538127,0.8155665056423537,0.6987610472843581,0.6987610472843581
6917b43630e666e39c18fa7b,20,white_high,black,0,-0.0687950428490906,0.03848592008197338,0.5722546839073995,0.42774531609260047
6917b43630e666e39c18fa7b,21,black_high,white,0,0.28534928961457523,0.8801730357109878,0.6895374146630594,0.6895374146630594
6917b43630e666e39c18fa7b,22,white_high,white,0,0.14178481499671428,0.08112202800579615,0.529078145876658,0.470921854123342
6917b43630e666e39c18fa7b,23,black_high,black,0,-0.1782438636186589,0.8304153852594551,0.7735077584369894,0.7735077584369894
6917b43630e666e39c18fa7b,24,black_high,black,0,-0.2608634482755071,0.8832656833093914,0.7972304905158291,0.7972304905158291
6917b43630e666e39c18fa7b,25,black_high,white,0,0.4425420897511396,1.2100936970583795,0.7266205880800206,0.7266205880800206
6917b43630e666e39c18fa7b,26,white_high,black,0,0.0006921472070661912,0.1313816092956085,0.5782013627193012,0.4217986372806988
6917b43630e666e39c18fa7b,27,white_high,black,0,0.03518109341831157,0.004044669334808465,0.536719455266221,0.463280544733779
6917b43630e666e39c18fa7b,28,white_high,black,0,0.013071124522182554,0.05253012719891318,0.5549129197107855,0.4450870802892145
6917b43630e666e39c18fa7b,29,white_high,white,0,0.03283747996082904,0.06343405245815192,0.5526359873885032,0.44736401261149683
6917b43630e666e39c18fa7b,30,black_high,black,0,-0.5520244827980614,1.214841104818928,0.8825224565366285,0.8825224565366285
6917b43630e666e39c18fa7b,31,white_high,white,0,-0.05632630531139068,-0.017880170761593712,0.5546528088134531,0.44534719118654686
6917b43630e666e39c18fa7b,32,black_high,black,0,0.4705118140986709,0.6775029552543864,0.5974197472478086,0.5974197472478086
6917b43630e666e39c18fa7b,33,black_high,white,0,0.6603364013926347,0.8859542543329777,0.6020686112044656,0.6020686112044656
6917b43630e666e39c18fa7b,34,black_high,white,0,0.2062974820562823,0.9109992976469883,0.7134498335234392,0.7134498335234392
6917b43630e666e39c18fa7b,35,white_high,black,0,0.028514736212645195,-0.031079173757055625,0.529355026824615,0.470644973175385
6917b43630e666e39c18fa7b,36,black_high,white,0,0.15307117701265344,0.8852077161800667,0.719245588352145,0.719245588352145
6917b43630e666e39c18fa7b,37,black_high,black,0,0.12704255926987362,0.9533888875413148,0.7385938963718024,0.7385938963718024
6917b43630e666e39c18fa7b,38,white_high,black,0,0.059548877769675934,0.05513546442575997,0.543620530676434,0.456379469323566
6917b43630e666e39c18fa7b,39,black_high,black,0,0.12704255926987362,0.9462901751850474,0.7371663992717444,0.7371663992717444
6917b43630e666e39c18fa7b,40,black_high,white,0,0.6565474943476779,0.5589579131381824,0.5195028383256396,0.5195028383256396
6917b43630e666e39c18fa7b,41,white_high,black,0,0.007449545644647244,-0.033877409095372714,0.5340839500885705,0.46591604991142954
6917b43630e666e39c18fa7b,42,white_high,black,0,-0.0009044957635204222,0.028285951296644796,0.5522745206345083,0.4477254793654917
6917b43630e666e39c18fa7b,43,white_high,white,1,0.060592321172402736,0.02406327451043625,0.5353250453845331,0.46467495461546693
6917b43630e666e39c18fa7b,44,black_high,black,1,-3.4153046858677785,0.6798883617902303,0.9883105950495537,0.9883105950495537
6917b43630e666e39c18fa7b,45,black_high,black,1,-4.0706889519260745,1.3339972539192693,0.996977978314449,0.996977978314449
6917b43630e666e39c18fa7b,46,white_high,black,0,-1.2407723299760136,-0.312323077557624,0.7585653576921765,0.24143464230782352
6917b43630e666e39c18fa7b,47,black_high,black,0,-4.315052616298444,-2.3218695114440813,0.9048092025753341,0.9048092025753341
692d65c6d41395358622de47,0,black_high,white,0,0.0,0.0,0.6221990602306859,0.6221990602306859
692d65c6d41395358622de47,1,white_high,black,1,0.0,0.0,0.6221990602306859,0.37780093976931406
692d65c6d41395358622de47,2,black_high,black,1,0.0,0.0,0.6221990602306859,0.6221990602306859
692d65c6d41395358622de47,3,black_high,black,1,0.0,0.55040886927651,0.8971334949500316,0.8971334949500316
692d65c6d41395358622de47,4,black_high,black,0,0.0,0.6258440873256343,0.9163857613882509,0.9163857613882509
692d65c6d41395358622de47,5,white_high,black,0,0.0,0.07325984613868036,0.6727733932394635,0.3272266067605365
692d65c6d41395358622de47,6,black_high,white,0,0.0,0.5317265843232822,0.8917936215760476,0.8917936215760476
692d65c6d41395358622de47,7,white_high,white,0,0.0,-0.06908111892145152,0.5719189263175134,0.4280810736824866
692d65c6d41395358622de47,8,black_high,white,0,0.9115246944377722,0.5317265843232822,0.3426959763974761,0.3426959763974761
692d65c6d41395358622de47,9,white_high,black,0,-0.11313655417278826,-0.049454614274985174,0.6663560062289039,0.3336439937710961
692d65c6d41395358622de47,10,black_high,white,0,1.0440377558335057,0.5615734065908364,0.2764336414915538,0.2764336414915538
692d65c6d41395358622de47,11,white_high,black,0,0.022637762269602013,0.0024552058686472117,0.6077277720225017,0.3922722279774983
692d65c6d41395358622de47,12,black_high,white,0,0.9194545332205399,0.536458222352831,0.34051758781282004,0.34051758781282004
692d65c6d41395358622de47,13,black_high,black,0,0.8221002623318603,0.5242131818792974,0.40053405557431876,0.40053405557431876
692d65c6d41395358622de47,14,black_high,black,0,0.8981863853196006,0.7273007054769516,0.49534405658093933,0.49534405658093933
692d65c6d41395358622de47,15,black_high,black,0,0.8981863853196006,0.8057144780300163,0.554494440486364,0.554494440486364
692d65c6d41395358622de47,16,white_high,black,0,-0.05126483611842488,-0.11964500144891675,0.5724385658725385,0.4275614341274615
692d65c6d41395358622de47,17,white_high,black,0,-0.12095065254353124,0.1784056697249915,0.8030512739173138,0.1969487260826862
692d65c6d41395358622de47,18,white_high,white,0,-0.06739063315005342,-0.08773990701753559,0.6076074014674318,0.39239259853256825
692d65c6d41395358622de47,19,white_high,white,0,-0.057240816213802156,-0.09347898973632993,0.5960774641198079,0.4039225358801921
692d65c6d41395358622de47,20,black_high,white,0,1.1338644558706894,0.5657059963688871,0.2276302310609459,0.2276302310609459
692d65c6d41395358622de47,21,white_high,white,0,0.02636360173823972,-0.059261203385686426,0.5596109055863248,0.44038909441367524
692d65c6d41395358622de47,22,black_high,white,0,0.5159332490510307,0.5332970595501287,0.6344784027200984,0.6344784027200984
692d65c6d41395358622de47,23,white_high,black,0,-0.1570555327837957,-0.17161252362190763,0.611781689584571,0.388218310415429
692d65c6d41395358622de47,24,white_high,black,1,-0.12324328347551478,0.7226974647968802,0.9552453561216127,0.044754643878387346
692d65c6d41395358622de47,25,white_high,white,1,-0.1769374378402207,-0.07947992292059439,0.6886974561383911,0.31130254386160894
692d65c6d41395358622de47,26,black_high,white,0,0.9733271300995203,0.6245418434401964,0.3641533126599864,0.3641533126599864
692d65c6d41395358622de47,27,white_high,black,0,0.03339444317310858,-0.11343578058608322,0.5135532244549349,0.4864467755450651
692d65c6d41395358622de47,28,black_high,black,0,0.9507804604557324,0.6509434715825715,0.3991170198280331,0.3991170198280331
692d65c6d41395358622de47,29,white_high,white,1,0.036399074593114186,-0.0338063675399016,0.5710850982329517,0.4289149017670483
692d65c6d41395358622de47,30,white_high,white,1,-0.14467387704516363,-0.09822359524732395,0.6546550085791415,0.3453449914208585
692d65c6d41395358622de47,31,black_high,white,0,0.8116721320197231,0.5690324067319876,0.4412902962321807,0.4412902962321807
692d65c6d41395358622de47,32,white_high,white,0,-0.007030085074040002,-0.09251495972298894,0.5597153398379243,0.4402846601620757
692d65c6d41395358622de47,33,black_high,black,1,0.5802847481878021,0.5803517641161682,0.6222467668402905,0.6222467668402905
692d65c6d41395358622de47,34,black_high,black,1,0.7220751198801519,0.7689817208709955,0.6549673721774668,0.6549673721774668
692d65c6d41395358622de47,35,black_high,black,1,0.7220751198801519,0.631378586816592,0.555822234981935,0.555822234981935
692d65c6d41395358622de47,36,black_high,black,1,0.5802847481878021,0.6599589113856104,0.6770354379248585,0.6770354379248585
692d65c6d41395358622de47,37,white_high,black,1,-0.012941361714971206,-0.034673105843878324,0.6066087507185639,0.3933912492814361
692d65c6d41395358622de47,38,white_high,black,1,-0.00690331461939591,-0.05253726899327134,0.5892081701086643,0.41079182989133567
692d65c6d41395358622de47,39,black_high,black,1,0.5802847481878021,0.7148694241055089,0.7122781295727053,0.7122781295727053
692d65c6d41395358622de47,40,white_high,black,1,-0.034933947792562224,-0.06087571701178511,0.603562106268227,0.39643789373177296
692d65c6d41395358622de47,41,white_high,white,1,-0.06271853322932013,-0.058474948390320663,0.6252152364592306,0.3747847635407694
692d65c6d41395358622de47,42,white_high,black,0,0.05862070892167975,-0.08468745610396153,0.5162174401998635,0.4837825598001365
692d65c6d41395358622de47,43,black_high,white,0,0.8899277761234452,0.8243460384280882,0.5745115274914281,0.5745115274914281
692d65c6d41395358622de47,44,white_high,black,0,-0.13037715619426266,-0.049766973785380225,0.6776549528247274,0.32234504717527257
692d65c6d41395358622de47,45,black_high,black,0,0.8914737958426192,0.8833221361250054,0.6163787340264453,0.6163787340264453
692d65c6d41395358622de47,46,white_high,black,0,-0.1226519631085004,-0.17717650292757164,0.5826759936751128,0.4173240063248872
692e41b6e14a945652e39997,0,white_high,black,0,0.0,0.0,0.5698479221416447,0.4301520778583553
692e41b6e14a945652e39997,1,white_high,white,0,0.0,0.0,0.5698479221416447,0.4301520778583553
692e41b6e14a945652e39997,2,black_high,black,0,0.01570189800185141,0.0,0.49545201711257447,0.49545201711257447
692e41b6e14a945652e39997,3,white_high,white,0,0.13896657281557828,0.16360615882480717,0.6794158739367934,0.32058412606320663
692e41b6e14a945652e39997,4,white_high,white,0,0.31559163984615474,0.12654258939848037,0.034764024175246946,0.9652359758247531
692e41b6e14a945652e39997,5,black_high,white,0,0.043166559172423895,0.029873615182319128,0.5069356726644586,0.5069356726644586
692e41b6e14a945652e39997,6,white_high,white,0,0.24989661265086338,0.14030169742248863,0.14080013249535375,0.8591998675046463
692e41b6e14a945652e39997,7,black_high,black,0,0.08785559221638756,0.05400657232339553,0.4099325749755346,0.4099325749755346
692e41b6e14a945652e39997,8,white_high,white,0,0.3634057307668892,0.1865606786948309,0.04347717089225659,0.9565228291077434
692e41b6e14a945652e39997,9,white_high,white,0,0.4453299610146048,0.19864397909383652,0.011857321497895661,0.9881426785021044
692e41b6e14a945652e39997,10,black_high,black,1,0.08329196215178561,0.0806805771665525,0.5576015270543754,0.5576015270543754
692e41b6e14a945652e39997,11,black_high,black,1,0.059931033043868535,0.1339972985176573,0.8446993072934766,0.8446993072934766
692e41b6e14a945652e39997,12,black_high,black,1,0.06722723057413649,0.18877818400331833,0.9308045407279039,0.9308045407279039
692e41b6e14a945652e39997,13,white_high,white,0,0.43769818238485314,0.30303948874099174,0.09223823781420061,0.9077617621857994
692e41b6e14a945652e39997,14,white_high,white,0,0.42860747965937973,0.3618450544008526,0.27054139855125364,0.7294586014487463
692e41b6e14a945652e39997,15,black_high,black,1,0.06750075243741809,0.1479381828733179,0.8599784207328659,0.8599784207328659
692e41b6e14a945652e39997,16,black_high,black,0,0.07373067478585639,0.13253430261902585,0.8025915096526784,0.8025915096526784
692e41b6e14a945652e39997,17,white_high,white,1,0.4608785490963587,0.36839297875344595,0.18506547161481496,0.814934528385185
692e41b6e14a945652e39997,18,black_high,black,1,0.09535690801904545,0.19786780558526315,0.9034391011937468,0.9034391011937468
692e41b6e14a945652e39997,19,white_high,white,0,0.45203380116148983,0.3410459450032805,0.1376172995749906,0.8623827004250094
692e41b6e14a945652e39997,20,black_high,black,0,0.10415302326324215,0.16393179199620977,0.805521132468398,0.805521132468398
692e41b6e14a945652e39997,21,white_high,black,0,0.4076155885914831,0.32988255132151695,0.23128338903357137,0.7687166109664286
692e41b6e14a945652e39997,22,white_high,white,0,0.4100391791777801,0.2826568698175172,0.10453210366778438,0.8954678963322156
692e41b6e14a945652e39997,23,white_high,white,0,0.41095692494046077,0.3050794858006015,0.14959630959008005,0.8504036904099199
692e41b6e14a945652e39997,24,white_high,white,0,0.46015759504589426,0.3013725533050274,0.060274531224848875,0.9397254687751512
692e41b6e14a945652e39997,25,black_high,black,0,0.08716031448303485,0.11936531238979343,0.7099940790616588,0.7099940790616588
692e41b6e14a945652e39997,26,black_high,black,0,0.10657763173173526,0.21805917857684687,0.917366978789118,0.917366978789118
692e41b6e14a945652e39997,27,black_high,black,0,0.07056382414243434,0.18708365580969832,0.9243640604236427,0.9243640604236427
692e41b6e14a945652e39997,28,black_high,black,0,0.06946618845551208,0.09350187133051119,0.6769024159477636,0.6769024159477636
692e41b6e14a945652e39997,29,black_high,black,0,0.07804465312238867,0.12592991824173666,0.7675210010136525,0.7675210010136525
692e41b6e14a945652e39997,30,white_high,white,0,0.46949339015134417,0.4242967542053269,0.35878662184555643,0.6412133781544436
692e41b6e14a945652e39997,31,black_high,black,0,0.13825279047249134,0.2026159511639143,0.8188516711256667,0.8188516711256667
692e41b6e14a945652e39997,32,white_high,white,0,0.45302117044828405,0.3971778687652727,0.3135319999958975,0.6864680000041026
692e41b6e14a945652e39997,33,black_high,black,1,0.06935496828783576,0.1949335017728776,0.9355905110388112,0.9355905110388112
692e41b6e14a945652e39997,34,black_high,black,1,0.09193032021241734,0.1375554397360362,0.759742210037658,0.759742210037658
692e41b6e14a945652e39997,35,white_high,white,1,0.42531445114231536,0.2711645348250153,0.0654799037941579,0.9345200962058421
692e41b6e14a945652e39997,36,black_high,black,1,0.0773347386471337,0.15670868292752196,0.8575185363473476,0.8575185363473476
692e41b6e14a945652e39997,37,white_high,white,0,0.41109954422163864,0.3486714058993842,0.2871582555126588,0.7128417444873412
692e41b6e14a945652e39997,38,white_high,white,0,0.5055860550197413,0.384387719093881,0.11609625813517456,0.8839037418648255
692e41b6e14a945652e39997,39,black_high,black,0,0.08836490092685265,0.19463199362758643,0.9095096651403543,0.9095096651403543
692e41b6e14a945652e39997,40,black_high,black,0,0.08836490092685265,0.17026830986582356,0.8633108947742575,0.8633108947742575
692e41b6e14a945652e39997,41,black_high,white,1,0.08689869176506067,0.10018448493272891,0.6305508248187459,0.6305508248187459
692e41b6e14a945652e39997,42,white_high,white,0,0.5436166766939653,0.3419159658928701,0.027517043018810312,0.9724829569811897
692e41b6e14a945652e39997,43,white_high,white,1,0.6170821354654566,0.4533339630364628,0.0551316719366491,0.9448683280633509
692e41b6e14a945652e39997,44,white_high,white,0,0.7397679192430836,0.386643480484141,0.001573966466950179,0.9984260335330498
692e41b6e14a945652e39997,45,black_high,white,0,0.18307421067706472,0.21514793333697702,0.7094783687950368,0.7094783687950368
692e41b6e14a945652e39997,46,black_high,black,0,0.05579963133822552,0.12194185989049464,0.823829631898635,0.823829631898635
692e41b6e14a945652e39997,47,white_high,white,0,0.6633595769488276,0.316472655448939,0.0017724180185783034,0.9982275819814217
6932b19c5260dda743fca4af,0,black_high,black,0,0.0,0.0,0.40215778641152655,0.40215778641152655
6932b19c5260dda743fca4af,1,white_high,white,0,0.0,0.0548763462432921,0.5898273481623558,0.4101726518376442
6932b19c5260dda743fca4af,2,white_high,white,0,0.0501246246367479,0.05547782308735914,0.4200982351290889,0.579901764870911
6932b19c5260dda743fca4af,3,white_high,black,0,0.034240621705180226,0.05089449009449489,0.4586153128017545,0.5413846871982455
6932b19c5260dda743fca4af,4,black_high,black,0,0.24561054188920498,0.4145739399445356,0.8746513924965402,0.8746513924965402
6932b19c5260dda743fca4af,5,white_high,white,0,0.037481488783841235,0.03753677833164296,0.40234183606309454,0.5976581639369054
6932b19c5260dda743fca4af,6,black_high,black,0,0.34603050502036325,0.6427714657791899,0.976147846939301,0.976147846939301
6932b19c5260dda743fca4af,7,black_high,black,0,0.38091533620699436,0.7938362052949743,0.9951319846820866,0.9951319846820866
6932b19c5260dda743fca4af,8,white_high,white,1,0.05961458122479982,0.03797759122490532,0.3326918939907164,0.6673081060092836
6932b19c5260dda743fca4af,9,black_high,black,1,0.42726183163693354,0.6401269541535957,0.9276086341185058,0.9276086341185058
6932b19c5260dda743fca4af,10,black_high,black,0,0.49936784967478753,0.6792844641950361,0.89035458956682,0.89035458956682
6932b19c5260dda743fca4af,11,white_high,black,0,0.0699381613763066,0.07723639034937974,0.4266720464733565,0.5733279535266436
6932b19c5260dda743fca4af,12,black_high,black,0,0.49936784967478753,0.7146770400870363,0.9298481885752303,0.9298481885752303
6932b19c5260dda743fca4af,13,white_high,white,0,0.06736237149116528,0.02350735890496289,0.2682279577808203,0.7317720422191797
6932b19c5260dda743fca4af,14,black_high,black,0,0.7126357879739713,0.7872706130125611,0.6540291494101589,0.6540291494101589
6932b19c5260dda743fca4af,15,black_high,black,0,0.6151251595136886,0.7382626955391596,0.7872271751590467,0.7872271751590467
6932b19c5260dda743fca4af,16,black_high,black,0,0.6370746946025607,0.7548090801111841,0.77442848216254,0.77442848216254
6932b19c5260dda743fca4af,17,white_high,white,0,0.08231758304131986,-0.02731624664964555,0.1284979988343286,0.8715020011656713
6932b19c5260dda743fca4af,18,black_high,black,0,0.33547575728329754,0.6461944072779552,0.9802615960969615,0.9802615960969615
6932b19c5260dda743fca4af,19,white_high,black,0,0.05072680521863518,-0.04693555716492543,0.14822813508563695,0.8517718649143631
6932b19c5260dda743fca4af,20,white_high,white,0,0.046753336861991464,-0.020086484252497795,0.21051160076628134,0.7894883992337187
6932b19c5260dda743fca4af,21,black_high,black,0,0.4158343887330335,0.5800716619583064,0.867300228292609,0.867300228292609
6932b19c5260dda743fca4af,22,black_high,black,1,0.36086765169783186,0.6588196358407015,0.9765351124109573,0.9765351124109573
6932b19c5260dda743fca4af,23,black_high,black,0,0.44530863783035773,0.811437459217592,0.9907366028110589,0.9907366028110589
6932b19c5260dda743fca4af,24,black_high,black,0,0.36086765169783186,0.6656543084688236,0.9786082899121732,0.9786082899121732
6932b19c5260dda743fca4af,25,black_high,black,0,0.4336236641233205,0.8046285210578706,0.9913360599518339,0.9913360599518339
6932b19c5260dda743fca4af,26,white_high,white,0,0.04835865484512935,0.009862594485289006,0.28303834502749786,0.7169616549725022
6932b19c5260dda743fca4af,27,black_high,black,1,0.46425980424434066,0.7874305773562853,0.9833351183457704,0.9833351183457704
6932b19c5260dda743fca4af,28,white_high,white,1,0.06518108163299377,0.005071910611175493,0.22641567862456394,0.7735843213754361
6932b19c5260dda743fca4af,29,white_high,white,1,0.07010005251957019,0.0068047860669283745,0.21878311950668794,0.7812168804933121
6932b19c5260dda743fca4af,30,white_high,white,1,0.047259396197530716,0.015309767283237553,0.30178587351589253,0.6982141264841075
6932b19c5260dda743fca4af,31,white_high,white,1,0.05938352475923182,0.0020443356981356773,0.23320293500247083,0.7667970649975292
6932b19c5260dda743fca4af,32,black_high,black,0,0.5247796534956569,0.8294370217173306,0.9785707871766822,0.9785707871766822
6932b19c5260dda743fca4af,33,black_high,black,1,0.5365817288741646,0.9344116167677171,0.9940076567971674,0.9940076567971674
6932b19c5260dda743fca4af,34,black_high,black,1,0.5285892467231738,0.925934875925877,0.9939675904861394,0.9939675904861394
6932b19c5260dda743fca4af,35,white_high,black,1,0.059270786540858766,0.0036168434837043108,0.23740097091332232,0.7625990290866776
6932b19c5260dda743fca4af,36,black_high,black,1,0.5203019151070261,0.8147255640057901,0.9753893538760496,0.9753893538760496
6932b19c5260dda743fca4af,37,white_high,white,1,0.05847671004273605,0.010308649949659568,0.25667098695710716,0.7433290130428929
6932b19c5260dda743fca4af,38,black_high,black,1,0.5742111969629873,0.8611389252489086,0.9727713821872882,0.9727713821872882
6932b19c5260dda743fca4af,39,white_high,white,0,0.072670286702143,0.02191100567382115,0.24988648549762107,0.750113514502379
6932b19c5260dda743fca4af,40,white_high,white,0,0.05110723154508471,0.00047112742169969427,0.2502062723571524,0.7497937276428476
6932b19c5260dda743fca4af,41,white_high,white,0,0.05783641310614107,0.017999498581792606,0.2792865327859352,0.7207134672140648
6932b19c5260dda743fca4af,42,black_high,black,0,0.38779146523586083,0.8476229040637328,0.9974513539514354,0.9974513539514354
6932b19c5260dda743fca4af,43,white_high,white,0,0.04056371647258195,0.002719703576227115,0.2848738065550874,0.7151261934449126
69727a44c5c16e6541319a6a,0,black_high,white,0,0.0,0.0,0.6088312082563277,0.6088312082563277
69727a44c5c16e6541319a6a,1,black_high,black,0,0.0,0.0,0.6088312082563277,0.6088312082563277
69727a44c5c16e6541319a6a,2,black_high,white,0,0.0,0.04146331716677968,0.6386646153184025,0.6386646153184025
69727a44c5c16e6541319a6a,3,black_high,black,0,0.0,0.026882191580979736,0.6282815135974953,0.6282815135974953
69727a44c5c16e6541319a6a,4,black_high,black,1,0.0,0.0700435397259914,0.6586379819001139,0.6586379819001139
69727a44c5c16e6541319a6a,5,white_high,black,1,0.0,0.13491258258546504,0.7018637110380298,0.2981362889619702
69727a44c5c16e6541319a6a,6,white_high,black,0,0.0,0.12329519087179149,0.6943545920132881,0.3056454079867119
69727a44c5c16e6541319a6a,7,black_high,black,0,0.0,-0.004110628170197395,0.6058245517483335,0.6058245517483335
69727a44c5c16e6541319a6a,8,black_high,white,0,0.0,0.07875842407620591,0.6646218800665274,0.6646218800665274
69727a44c5c16e6541319a6a,9,white_high,black,1,0.0,0.2186658767136925,0.7527002476904637,0.24729975230953627
69727a44c5c16e6541319a6a,10,white_high,black,1,0.0,0.24267138179494546,0.7661490006314476,0.23385099936855236
69727a44c5c16e6541319a6a,11,white_high,white,0,0.0,0.24187121261276032,0.7657090116416431,0.23429098835835693
69727a44c5c16e6541319a6a,12,black_high,black,0,0.12668559823295192,-0.041609618893711835,0.4815654491542138,0.4815654491542138
69727a44c5c16e6541319a6a,13,black_high,white,0,0.12472405756909977,-0.028188005994690783,0.49335279104011937,0.49335279104011937
69727a44c5c16e6541319a6a,14,white_high,black,0,0.032235421008201114,0.23446930098053007,0.7432000315259439,0.25679996847405606
69727a44c5c16e6541319a6a,15,white_high,black,0,0.01800408396712974,0.20129099224742872,0.731953409722182,0.26804659027781796
69727a44c5c16e6541319a6a,16,white_high,black,0,0.0175987242594198,0.2391968042425829,0.7543704727941865,0.24562952720581355
69727a44c5c16e6541319a6a,17,white_high,black,0,0.015771190519959698,0.2614530355386525,0.7677992164630586,0.2322007835369414
69727a44c5c16e6541319a6a,18,black_high,white,0,0.12516654761461624,0.13269744552753696,0.6143180474891423,0.6143180474891423
69727a44c5c16e6541319a6a,19,white_high,black,0,0.02580755966221719,0.2515212330954638,0.7567019099584349,0.2432980900415651
69727a44c5c16e6541319a6a,20,black_high,black,0,0.12002976554611547,0.08563006592398408,0.5834362188507836,0.5834362188507836
69727a44c5c16e6541319a6a,21,white_high,black,1,0.016873725316701765,0.2904099728282705,0.7826807263695235,0.21731927363047654
69727a44c5c16e6541319a6a,22,white_high,black,1,0.018587426668443513,0.34568935637883613,0.8093276114256184,0.19067238857438162
69727a44c5c16e6541319a6a,23,black_high,white,0,0.12519614714040772,0.04237065039771547,0.5469537786603046,0.5469537786603046
69727a44c5c16e6541319a6a,24,black_high,black,0,0.12476935256353985,0.14189205959759385,0.6212644149326575,0.6212644149326575
69727a44c5c16e6541319a6a,25,black_high,white,0,0.12501808167173584,0.04617564331213138,0.5499791545781796,0.5499791545781796
69727a44c5c16e6541319a6a,26,white_high,black,1,0.018267629723114603,0.2790985678764884,0.775979611458262,0.224020388541738
69727a44c5c16e6541319a6a,27,white_high,black,1,0.00797648540848955,0.4648289698738749,0.8633740793700769,0.13662592062992307
69727a44c5c16e6541319a6a,28,black_high,white,1,0.12266222155151102,-0.8893023279678584,0.06529190390643246,0.06529190390643246
69727a44c5c16e6541319a6a,29,white_high,white,0,0.0011045983908402387,0.11741069879085253,0.6897864430462443,0.31021355695375574
69727a44c5c16e6541319a6a,30,white_high,black,0,0.04285866340620437,0.04509525603511956,0.6104636818283854,0.3895363181716146
69727a44c5c16e6541319a6a,31,black_high,white,0,0.23029938257897295,-0.6641064105254963,0.09105630767202587,0.09105630767202587
69727a44c5c16e6541319a6a,32,white_high,black,0,0.01871330023922103,0.34912953663995694,0.8108913410263485,0.18910865897365148
69727a44c5c16e6541319a6a,33,white_high,black,0,0.021936342390455568,0.4085633756157271,0.8359249457542768,0.16407505424572322
69727a44c5c16e6541319a6a,34,white_high,black,0,0.014157009382437125,0.3337740260718513,0.805759826357282,0.19424017364271795
69727a44c5c16e6541319a6a,35,black_high,white,1,0.23216331524793313,-0.3410135370585082,0.2115558116468816,0.2115558116468816
69727a44c5c16e6541319a6a,36,black_high,black,1,0.22269729663763121,-0.3091796298774183,0.23345520384576632,0.23345520384576632
69727a44c5c16e6541319a6a,37,black_high,white,1,0.22051235341742925,0.2529009510426322,0.632217109243161,0.632217109243161
69727a44c5c16e6541319a6a,38,black_high,black,0,0.2380855795080603,0.20354122254356066,0.583328384924663,0.583328384924663
69727a44c5c16e6541319a6a,39,white_high,white,0,0.0608434101739484,0.5585350590519629,0.8774884019221914,0.12251159807780865
69727a44c5c16e6541319a6a,40,white_high,black,0,0.04546562653375756,0.5937034462473808,0.8932032611622107,0.10679673883778928
69727a44c5c16e6541319a6a,41,black_high,white,0,0.17915818063563677,0.11190695371414525,0.5587615912919147,0.5587615912919147
69727a44c5c16e6541319a6a,42,white_high,black,0,0.028959364887012215,0.6598480807471252,0.915086307719437,0.084913692280563
69727a44c5c16e6541319a6a,43,black_high,black,0,0.1873000492170443,0.4084976458861738,0.7541428009567634,0.7541428009567634
69727a44c5c16e6541319a6a,44,black_high,black,0,0.17841305036450994,-0.08787107096631196,0.4074998243831135,0.4074998243831135
69727a44c5c16e6541319a6a,45,white_high,black,0,0.02832572233490788,0.2202004360611735,0.7370894649269149,0.26291053507308515
69727a44c5c16e6541319a6a,46,black_high,white,0,0.16126270407792453,-0.09153853470422631,0.4175211446699109,0.4175211446699109
69727a44c5c16e6541319a6a,47,white_high,white,0,0.029329464037610678,0.31396848588481396,0.7884170840552875,0.21158291594471246
697a7ca703a2f04efb2de9e9,0,black_high,black,0,0.0,0.0,0.4684394246896597,0.4684394246896597
697a7ca703a2f04efb2de9e9,1,black_high,black,0,0.0,0.018302702235739703,0.5173407698623748,0.5173407698623748
697a7ca703a2f04efb2de9e9,2,black_high,black,0,0.0,0.03221412666435904,0.5543381853986903,0.5543381853986903
697a7ca703a2f04efb2de9e9,3,black_high,white,0,0.0,0.06761936888144181,0.6449645758328899,0.6449645758328899
697a7ca703a2f04efb2de9e9,4,white_high,white,0,0.0,0.11073977458221179,0.7423612332844539,0.2576387667155461
697a7ca703a2f04efb2de9e9,5,white_high,white,0,0.06043421918713187,0.09655127444339026,0.5646283890624075,0.43537161093759247
697a7ca703a2f04efb2de9e9,6,white_high,white,0,0.12774684810715617,0.11442331813918807,0.4331661792295739,0.5668338207704261
697a7ca703a2f04efb2de9e9,7,white_high,white,0,0.17522775321113587,0.11195554428253549,0.30932158066616383,0.6906784193338362
697a7ca703a2f04efb2de9e9,8,white_high,white,1,0.19757538517058643,0.10596160080182238,0.24852594198330222,0.7514740580166978
697a7ca703a2f04efb2de9e9,9,black_high,black,1,0.10903056760251457,0.06886456994721835,0.364449411565167,0.364449411565167
697a7ca703a2f04efb2de9e9,10,white_high,white,1,0.5414046976684412,0.5777711510263979,0.5652841433266775,0.43471585667332246
697a7ca703a2f04efb2de9e9,11,white_high,white,0,0.6311749893194993,0.335311721733862,0.03586259861993787,0.9641374013800621
697a7ca703a2f04efb2de9e9,12,white_high,white,0,0.5402522276934912,0.3774503196399217,0.1337668222316146,0.8662331777683854
697a7ca703a2f04efb2de9e9,13,black_high,black,1,0.10736765341064892,0.3402912778864917,0.91415002556973,0.91415002556973
697a7ca703a2f04efb2de9e9,14,white_high,white,0,0.5639383596888943,0.0454965339029335,0.003426881917107149,0.9965731180828928
697a7ca703a2f04efb2de9e9,15,black_high,black,1,0.09733314948929081,0.14781157679609294,0.6019519740725283,0.6019519740725283
697a7ca703a2f04efb2de9e9,16,white_high,white,0,0.6251685989551183,0.27799821456845136,0.021032707175638897,0.9789672928243611
697a7ca703a2f04efb2de9e9,17,black_high,black,0,0.1584305275694296,0.317232031390131,0.828131050598068,0.828131050598068
697a7ca703a2f04efb2de9e9,18,white_high,white,0,0.5968008116929807,0.3535378110292722,0.06129377964782417,0.9387062203521759
697a7ca703a2f04efb2de9e9,19,white_high,white,0,0.5868536186753823,0.2515461101738672,0.02381093979493057,0.9761890602050695
697a7ca703a2f04efb2de9e9,20,black_high,black,0,0.09670956470337297,0.1871157272284974,0.6986230783499805,0.6986230783499805
697a7ca703a2f04efb2de9e9,21,black_high,black,0,0.13118562363559624,0.37110746738493705,0.9198462568841865,0.9198462568841865
697a7ca703a2f04efb2de9e9,22,white_high,white,0,0.5792190386588703,0.413402716442602,0.13007407012541858,0.8699259298745814
697a7ca703a2f04efb2de9e9,23,white_high,white,0,0.5518501729159531,0.33109277905586854,0.07669943406357313,0.9233005659364268
697a7ca703a2f04efb2de9e9,24,black_high,black,1,0.10258452410720534,0.2883405578271028,0.865389839882134,0.865389839882134
697a7ca703a2f04efb2de9e9,25,black_high,black,1,0.1010397455021157,0.25308873450881886,0.81760447198878,0.81760447198878
697a7ca703a2f04efb2de9e9,26,black_high,black,1,0.12323264578360585,0.3569759214706731,0.9148356873956934,0.9148356873956934
697a7ca703a2f04efb2de9e9,27,black_high,black,0,0.13012492037231727,0.2086640189449337,0.6712394985465467,0.6712394985465467
697a7ca703a2f04efb2de9e9,28,black_high,black,0,0.14866022065575984,0.25251692149614813,0.7280284680811544,0.7280284680811544
697a7ca703a2f04efb2de9e9,29,black_high,black,0,0.10753963531134983,0.1946369188845816,0.6911180437360404,0.6911180437360404
697a7ca703a2f04efb2de9e9,30,white_high,white,0,0.5539037974416304,0.25321845580143765,0.03412101237509949,0.9658789876249005
697a7ca703a2f04efb2de9e9,31,black_high,black,0,0.11923443207375076,0.26511212225450903,0.8075519162506224,0.8075519162506224
697a7ca703a2f04efb2de9e9,32,white_high,white,0,0.627014171610054,0.21175652689699462,0.010263821481910445,0.9897361785180896
697a7ca703a2f04efb2de9e9,33,black_high,black,0,0.14635249456813781,0.25022948754742796,0.7280714492712538,0.7280714492712538
697a7ca703a2f04efb2de9e9,34,white_high,white,0,0.5893325767443021,0.19600120320721348,0.01294204839639963,0.9870579516036003
697a7ca703a2f04efb2de9e9,35,black_high,black,0,0.09900012031508454,0.18366418902118117,0.6855337681542226,0.6855337681542226
697a7ca703a2f04efb2de9e9,36,black_high,white,0,0.1324547151245129,0.2854069214057276,0.8190410058133575,0.8190410058133575
697a7ca703a2f04efb2de9e9,37,white_high,white,0,0.5844995702992273,0.23753691643382185,0.021078513590351376,0.9789214864096486
697a7ca703a2f04efb2de9e9,38,white_high,white,0,0.5420733414365055,0.18554840605284165,0.019067955524434542,0.9809320444755655
697a7ca703a2f04efb2de9e9,39,white_high,white,0,0.6295324101208568,0.17834015356228392,0.0070109972721216825,0.9929890027278783
697a7ca703a2f04efb2de9e9,40,black_high,white,1,0.15446504158755736,0.27801792732637404,0.7676967960549108,0.7676967960549108
697a7ca703a2f04efb2de9e9,41,white_high,white,1,0.6379832206362576,0.2765022524017845,0.018101140878047706,0.9818988591219523
697a7ca703a2f04efb2de9e9,42,white_high,white,0,0.722695714283751,0.17834015356228392,0.0025993389363081648,0.9974006610636919
697a7ca703a2f04efb2de9e9,43,black_high,black,0,0.08773037083263296,0.2671375711042713,0.8572797320683351,0.8572797320683351
697a7ca703a2f04efb2de9e9,44,black_high,black,0,0.041437040698314165,0.20627308842301958,0.8371258172839335,0.8371258172839335
697a7ca703a2f04efb2de9e9,45,white_high,white,0,0.7900916637096929,0.2909778154274716,0.004210719579194776,0.9957892804208053
697a7ca703a2f04efb2de9e9,46,white_high,white,0,0.717172004221837,0.21094076053806293,0.003903215953763066,0.9960967840462369
697a7ca703a2f04efb2de9e9,47,black_high,black,0,0.04544491716860544,0.21671530950127127,0.8462947136132032,0.8462947136132032
697a8232cf359493f5c6f3fb,0,black_high,white,0,0.0,0.0,0.4685452650095427,0.4685452650095427
697a8232cf359493f5c6f3fb,1,white_high,black,0,0.0,0.0,0.4685452650095427,0.5314547349904573
697a8232cf359493f5c6f3fb,2,white_high,white,0,0.0,0.0,0.4685452650095427,0.5314547349904573
697a8232cf359493f5c6f3fb,3,black_high,white,0,0.5296050885062888,0.0,0.4646832609150012,0.4646832609150012
697a8232cf359493f5c6f3fb,4,white_high,black,0,-0.4367566353341031,0.0,0.4717330545783432,0.5282669454216569
697a8232cf359493f5c6f3fb,5,white_high,white,0,-0.36443484964165884,0.0,0.471205027625238,0.528794972374762
697a8232cf359493f5c6f3fb,6,black_high,white,0,1.5284703875690007,0.0,0.45741118272333686,0.45741118272333686
697a8232cf359493f5c6f3fb,7,black_high,white,0,1.6513512086704534,0.0,0.4565177578381133,0.4565177578381133
697a8232cf359493f5c6f3fb,8,white_high,black,0,-0.754145934326566,0.0,0.47405107069798036,0.5259489293020196
697a8232cf359493f5c6f3fb,9,black_high,white,0,1.5866095870839598,0.0,0.45698843776803155,0.45698843776803155
697a8232cf359493f5c6f3fb,10,white_high,white,0,0.3528916068546551,0.0,0.46597144926468687,0.5340285507353131
697a8232cf359493f5c6f3fb,11,black_high,black,0,-0.7486692511175169,0.0,0.47401106260058573,0.47401106260058573
697a8232cf359493f5c6f3fb,12,black_high,white,0,-0.5668757398489477,2.423735116933215,0.4904108576656207,0.4904108576656207
697a8232cf359493f5c6f3fb,13,white_high,black,0,-1.0627038977919736,0.30375872166701556,0.4785261296073851,0.521473870392615
697a8232cf359493f5c6f3fb,14,black_high,white,0,-0.0252604875280229,2.0552097219598497,0.4837486929660922,0.4837486929660922
697a8232cf359493f5c6f3fb,15,white_high,white,0,-0.506583928947205,-0.7086868439821561,0.46707101330447576,0.5329289866955242
697a8232cf359493f5c6f3fb,16,black_high,black,0,2.506867588370327,2.0513486060881374,0.4652232700756033,0.4652232700756033
697a8232cf359493f5c6f3fb,17,black_high,black,0,2.4563612971671724,-0.8385102236940646,0.4445973985022803,0.4445973985022803
697a8232cf359493f5c6f3fb,18,white_high,black,1,-0.2590988038072176,0.31193242759085354,0.4727135706576704,0.5272864293423296
697a8232cf359493f5c6f3fb,19,white_high,white,1,-0.5944689428640461,1.2286010115498738,0.4818654860580098,0.5181345139419902
697a8232cf359493f5c6f3fb,20,white_high,black,1,-0.8077883663650953,1.3700328881655848,0.484461061625861,0.515538938374139
697a8232cf359493f5c6f3fb,21,black_high,white,1,0.4677184604279532,5.6083524832746745,0.5061581362886265,0.5061581362886265
697a8232cf359493f5c6f3fb,22,black_high,white,1,-0.7204731552973656,5.562145993348711,0.5145193239018391,0.5145193239018391
697a8232cf359493f5c6f3fb,23,white_high,black,0,-12.444623648569227,-7.690811964787706,0.5033249527105382,0.49667504728946177
697a8232cf359493f5c6f3fb,24,white_high,white,1,-11.185601700944591,6.479199487086662,0.5966649931309115,0.4033350068690885
697a8232cf359493f5c6f3fb,25,black_high,black,1,36.52597942032577,9.155084372539575,0.28334187404297545,0.28334187404297545
697a8232cf359493f5c6f3fb,26,black_high,white,1,29.76891114118439,-51.26734232499247,0.07583544418494345,0.07583544418494345
697a8232cf359493f5c6f3fb,27,white_high,black,0,33.55053874385927,-2.132283224413097,0.23658724781150525,0.7634127521884948
697a8232cf359493f5c6f3fb,28,white_high,white,0,33.24537058871215,-8.635388160587679,0.20536735631323622,0.7946326436867638
697a8232cf359493f5c6f3fb,29,white_high,white,0,17.363118199526703,-8.23769764533051,0.2939903636011372,0.7060096363988628
697a8232cf359493f5c6f3fb,30,white_high,black,1,39.41481248002739,-7.834330049390841,0.1808837173046478,0.8191162826953522
697a8232cf359493f5c6f3fb,31,black_high,white,1,108.30726736855738,-48.54645918902507,0.00882104603852833,0.00882104603852833
697a8232cf359493f5c6f3fb,32,white_high,black,1,-210.7820688594013,1.7091248614127839,0.9977620306281032,0.0022379693718967975
697a8232cf359493f5c6f3fb,33,white_high,black,0,-192.5380473085088,-39.54940523249922,0.9873396386678124,0.01266036133218762
697a8232cf359493f5c6f3fb,34,black_high,white,0,78.28064046891527,-38.86146009552865,0.027700447947486582,0.027700447947486582
697a8232cf359493f5c6f3fb,35,black_high,white,0,139.67636361518032,-43.997535067441916,0.004039534877642523,0.004039534877642523
697a8232cf359493f5c6f3fb,36,black_high,white,1,48.945115707920735,-43.997535067441916,0.05472380245647328,0.05472380245647328
697a8232cf359493f5c6f3fb,37,black_high,white,1,264.2238686506237,-38.51227554542407,0.00012388069021324107,0.00012388069021324107
697a8232cf359493f5c6f3fb,38,black_high,white,1,210.6007771034384,-43.082833981079055,0.0005212066797241999,0.0005212066797241999
697a8232cf359493f5c6f3fb,39,black_high,white,1,98.49908164069583,-42.20447022368841,0.014083619816119846,0.014083619816119846
697a8232cf359493f5c6f3fb,40,white_high,white,0,1025.054279211604,10.36661209613304,1.0806497690547438e-13,0.999999999999892
697a8232cf359493f5c6f3fb,41,black_high,black,0,-144.03786099800945,-43.90011647013258,0.9431077791640398,0.9431077791640398
697a8232cf359493f5c6f3fb,42,white_high,black,0,-88.85300190675298,1.6182687073950923,0.9258620041169038,0.07413799588309622
697a8232cf359493f5c6f3fb,43,white_high,white,0,81.66744056023458,-110.34732280903481,0.003166480813523921,0.9968335191864761
697a8232cf359493f5c6f3fb,44,black_high,white,0,180.39711088180474,14.911887953028812,0.006863469944855194,0.006863469944855194
697a8232cf359493f5c6f3fb,45,black_high,black,1,-48.49697434536674,9.669033668827913,0.8289582454029906,0.8289582454029906
697a8232cf359493f5c6f3fb,46,white_high,black,0,-276.2202640669801,-159.05024475353724,0.9646703108659552,0.03532968913404477
697cbad1e4fa658183a9a4ba,0,white_high,black,0,0.0,0.0,0.4319247944781995,0.5680752055218006
697cbad1e4fa658183a9a4ba,1,black_high,white,0,0.0,0.0,0.4319247944781995,0.4319247944781995
697cbad1e4fa658183a9a4ba,2,white_high,black,0,0.0,0.0,0.4319247944781995,0.5680752055218006
697cbad1e4fa658183a9a4ba,3,white_high,black,0,0.0,0.0,0.4319247944781995,0.5680752055218006
697cbad1e4fa658183a9a4ba,4,white_high,black,0,0.0,0.0,0.4319247944781995,0.5680752055218006
697cbad1e4fa658183a9a4ba,5,black_high,white,0,0.0,0.0,0.4319247944781995,0.4319247944781995
697cbad1e4fa658183a9a4ba,6,black_high,white,0,0.0,0.0,0.4319247944781995,0.4319247944781995
697cbad1e4fa658183a9a4ba,7,white_high,black,0,0.0,0.0,0.4319247944781995,0.5680752055218006
697cbad1e4fa658183a9a4ba,8,white_high,black,0,0.0,0.0,0.4319247944781995,0.5680752055218006
697cbad1e4fa658183a9a4ba,9,white_high,black,0,0.0,0.0,0.4319247944781995,0.5680752055218006
697cbad1e4fa658183a9a4ba,10,black_high,white,1,0.0,0.0,0.4319247944781995,0.4319247944781995
697cbad1e4fa658183a9a4ba,11,black_high,white,1,0.0,0.0,0.4319247944781995,0.4319247944781995
697cbad1e4fa658183a9a4ba,12,black_high,white,1,0.0,0.0,0.4319247944781995,0.4319247944781995
697cbad1e4fa658183a9a4ba,13,white_high,white,1,0.0,0.0,0.4319247944781995,0.5680752055218006
697cbad1e4fa658183a9a4ba,14,black_high,white,0,1.058974451286714,0.0,0.29049982178848766,0.29049982178848766
697cbad1e4fa658183a9a4ba,15,black_high,black,0,0.6687216047566213,0.0,0.33964859988436935,0.33964859988436935
697cbad1e4fa658183a9a4ba,16,black_high,white,0,0.7694191965171397,1.1825033541551955,0.49186058618905903,0.49186058618905903
697cbad1e4fa658183a9a4ba,17,white_high,black,0,0.154224064687143,0.15858034758604553,0.43254964913050825,0.5674503508694917
697cbad1e4fa658183a9a4ba,18,white_high,white,1,0.15512431314026065,-0.4410042035108452,0.34922877414182923,0.6507712258581708
697cbad1e4fa658183a9a4ba,19,black_high,black,0,0.3475884966471015,0.7893452852979966,0.4960496352217587,0.4960496352217587
697cbad1e4fa658183a9a4ba,20,black_high,black,0,0.37853843632029816,-0.078035820227272,0.3679867408717101,0.3679867408717101
697cbad1e4fa658183a9a4ba,21,black_high,white,0,0.44182188340163314,1.2082991224112747,0.5433887650818954,0.5433887650818954
697cbad1e4fa658183a9a4ba,22,black_high,white,0,0.366632121269465,1.3838826449004313,0.5794622061628727,0.5794622061628727
697cbad1e4fa658183a9a4ba,23,white_high,black,0,0.11134879858396901,-0.3247238501015641,0.37077801536213273,0.6292219846378673
697cbad1e4fa658183a9a4ba,24,white_high,black,1,0.11196195303042147,0.053468616997280866,0.42355639363020803,0.576443606369792
697cbad1e4fa658183a9a4ba,25,black_high,white,1,0.25804102674609586,1.199601209081307,0.5686453050274668,0.5686453050274668
697cbad1e4fa658183a9a4ba,26,white_high,white,1,-0.10685360627698665,-0.4389695187791699,0.38506146709489286,0.6149385329051071
697cbad1e4fa658183a9a4ba,27,white_high,black,1,-0.1205832982003445,-0.42430295376847016,0.38899892630674443,0.6110010736932556
697cbad1e4fa658183a9a4ba,28,white_high,black,1,-0.1773348228071811,0.1639531996517309,0.481377531052597,0.518622468947403
697cbad1e4fa658183a9a4ba,29,black_high,white,0,-0.016772039593952348,1.145971467381953,0.6000334924150125,0.6000334924150125
697cbad1e4fa658183a9a4ba,30,black_high,black,0,-0.0010558289871435145,2.0485808364238385,0.7158525789065989,0.7158525789065989
697cbad1e4fa658183a9a4ba,31,white_high,white,0,0.25758750768346855,-0.800032911554238,0.29066296658506,0.70933703341494
697cbad1e4fa658183a9a4ba,32,white_high,black,0,0.38514877571605644,-0.7317832417692244,0.2835676400489328,0.7164323599510671
697cbad1e4fa658183a9a4ba,33,black_high,white,0,1.3757311130598935,-0.17627085104622153,0.23484991895256194,0.23484991895256194
697cbad1e4fa658183a9a4ba,34,white_high,black,0,-0.2542743256530725,1.0053830176198748,0.6135476643682951,0.3864523356317049
697cbad1e4fa658183a9a4ba,35,black_high,white,0,1.037374099947046,-0.36281752484435337,0.2511676740586543,0.2511676740586543
697cbad1e4fa658183a9a4ba,36,white_high,white,1,0.616208440663198,-0.18112942324013898,0.32299650498817495,0.6770034950118251
697cbad1e4fa658183a9a4ba,37,white_high,white,1,0.3957007427859697,-0.5284999505925725,0.3069995330483459,0.6930004669516541
697cbad1e4fa658183a9a4ba,38,white_high,black,1,0.3385826164634319,-0.21905808471206686,0.35435848226792477,0.6456415177320752
697cbad1e4fa658183a9a4ba,39,black_high,white,0,-0.058548877487776846,0.1834010108823253,0.4669019543004826,0.4669019543004826
697cbad1e4fa658183a9a4ba,40,black_high,white,0,-0.007211564047161445,0.010107863997613764,0.43441031356922016,0.43441031356922016
697cbad1e4fa658183a9a4ba,41,black_high,white,0,-0.054646809335561375,0.7711730462631036,0.5519809039684711,0.5519809039684711
697cbad1e4fa658183a9a4ba,42,white_high,black,0,-0.231466411091033,1.674632345438296,0.6984831595561966,0.30151684044380345
697cbad1e4fa658183a9a4ba,43,black_high,white,1,-0.07155853029360468,0.644255618118053,0.5360326347168742,0.5360326347168742
697cbad1e4fa658183a9a4ba,44,black_high,black,1,-0.10862941240311158,1.0574699274242831,0.6005041315203077,0.6005041315203077
697cbad1e4fa658183a9a4ba,45,white_high,white,1,0.44626446132425124,-0.6290332677429133,0.2885373239709467,0.7114626760290532
697cbad1e4fa658183a9a4ba,46,black_high,white,0,2.36916163414521,3.740048497097102,0.6288441703133892,0.6288441703133892
697cbad1e4fa658183a9a4ba,47,white_high,white,0,-0.3235815535049503,-1.045355199936265,0.33272882008698,0.66727117991302
